"","i"
"1",1040015030
"2",1041473880
"3",1041576090
"4",1040009450
"5",1041515680
"6",1041438780
"7",1040012690
"8",1040012820
"9",1040012680
"10",1041548760
"11",1040014930
"12",1040012810
"13",1041576130
"14",1041629370
"15",1040014500
"16",1041629430
"17",1041533130
"18",1040040320
"19",1040015860
"20",1041620260
"21",1040014920
"22",1040018120
"23",1041438860
"24",1041620200
"25",1041472390
"26",1041473950
"27",1041174950
"28",1040837890
"29",1040040200
"30",1040011670
"31",1040601200
"32",1040020570
"33",1041259940
"34",1041431480
"35",1041156960
"36",1040024080
"37",1041515780
"38",1041472430
"39",1041624310
"40",1040040240
"41",1040029810
"42",1040028970
"43",1040028960
"44",1040029710
"45",1040040520
"46",1040029700
"47",1040034610
"48",1040040340
"49",1040029430
"50",1041477980
"51",1040034260
"52",1040020580
"53",1040019430
"54",1041431680
"55",1040023310
"56",1040008480
"57",1040034270
"58",1040011660
"59",1040022430
"60",1040873640
"61",1041478080
"62",1041259950
"63",1040034900
"64",1040026800
"65",1040601190
"66",3040679760
"67",3040679750
"68",3040483880
"69",4040095270
"70",3040024310
"71",3040496490
"72",5040524870
"73",5040067860
"74",5040069970
"75",5040511570
"76",5040061660
"77",5040070700
"78",5040049720
"79",5040069590
"80",5040061670
"81",5040069960
"82",5040068450
"83",5040491510
"84",5040059450
"85",5040068460
"86",5040064140
"87",5040070710
"88",5040591050
"89",5040491370
"90",5040069600
"91",5040055960
"92",5040056460
"93",5040064130
"94",5040087630
"95",5040077640
"96",5040065600
"97",5040057330
"98",5040533380
"99",5040591010
"100",5040073410
"101",5040057720
"102",5040056470
"103",5040076890
"104",5040059440
"105",5040057320
"106",5040073420
"107",5040056740
"108",5040076530
"109",5040041880
"110",5040533450
"111",5040056750
"112",6040025420
"113",6040025130
"114",6040025140
"115",4041043580
"116",4040012990
"117",4040009890
"118",4040627620
"119",4040748300
"120",6040280410
"121",6040032290
"122",4040007410
"123",6040814820
"124",5040085040
"125",2040030100
"126",2040037990
"127",2040029950
"128",2040041120
"129",2040028670
"130",2040029940
"131",2040028660
"132",2040028320
"133",2040028310
"134",2040030060
"135",2040039390
"136",6040262220
"137",6040239720
"138",6040007010
"139",6040007960
"140",6040008320
"141",2040016230
"142",2040018360
"143",2040000010
"144",2040046500
"145",6040026990
"146",2040555780
"147",2040012730
"148",2040014550
"149",2040085720
"150",2040018850
"151",2040022150
"152",2040021030
"153",2040020320
"154",2040022160
"155",2040023010
"156",2040021040
"157",2040019160
"158",2040047500
"159",7040072800
"160",6040280400
"161",6040285930
"162",6040013430
"163",6040013760
"164",6040016760
"165",6040285990
"166",6040012800
"167",6040752460
"168",6040013420
"169",6040040460
"170",6040262110
"171",6040345000
"172",6040014330
"173",6040013750
"174",6040527670
"175",6040814830
"176",6040016720
"177",6040084750
"178",6040005500
"179",6040000740
"180",7040049270
"181",7040585110
"182",7040048420
"183",6040752470
"184",6040709820
"185",6040239820
"186",5040082270
"187",2040540100
"188",2040539930
"189",2040026550
"190",2040009230
"191",2040045150
"192",2040024170
"193",2040548500
"194",2040031070
"195",2040030110
"196",2040026060
"197",2040543090
"198",2040018840
"199",2040023020
"200",2040785900
"201",2040004290
"202",2040005120
"203",2040543160
"204",2040039590
"205",2040008500
"206",2040026560
"207",2040019150
"208",2040018460
"209",2040005690
"210",2040031060
"211",2040008490
"212",2040070520
"213",2040033480
"214",7040034530
"215",7040402430
"216",7040374950
"217",7040033480
"218",7040402320
"219",7040034520
"220",7040374800
"221",7040379430
"222",7040016260
"223",7040014940
"224",7040016270
"225",7040059990
"226",7040024580
"227",7040192560
"228",7040192420
"229",7040021740
"230",8040009560
"231",8040252760
"232",7040282770
"233",7040282720
"234",8040307300
"235",7040194860
"236",8040219290
"237",7040569650
"238",7040392520
"239",7040426320
"240",7040569640
"241",7040194980
"242",7040038340
"243",7040007380
"244",7040007390
"245",7040049990
"246",7040006400
"247",7040005420
"248",7040049280
"249",7040612640
"250",8040176200
"251",7040013550
"252",7040039630
"253",7040392650
"254",7040686450
"255",7040741760
"256",7040612840
"257",7040686540
"258",7040707810
"259",7040014930
"260",8040000820
"261",7040041050
"262",8040002270
"263",8040000810
"264",8040141480
"265",8040007180
"266",8040008390
"267",7040020100
"268",7040019200
"269",8040183760
"270",7040043170
"271",7040039880
"272",7040073720
"273",7040013180
"274",7040707710
"275",7040073620
"276",7040041060
"277",7040014250
"278",7040394680
"279",7040046590
"280",7040395340
"281",7040013560
"282",8040002260
"283",8040007190
"284",7040426310
"285",7040048410
"286",7040741770
"287",7040014200
"288",7040632220
"289",7040007830
"290",7040008720
"291",7040048300
"292",7040073690
"293",7040041400
"294",7040039870
"295",7040379310
"296",7040043090
"297",7040014040
"298",7040073870
"299",7040047970
"300",7040041410
"301",7040039620
"302",7040042040
"303",7040047980
"304",7040045890
"305",7040073780
"306",7040047850
"307",7040046750
"308",7040043160
"309",7040073630
"310",7040585120
"311",7040064730
"312",7040388740
"313",7040047070
"314",7040394690
"315",7040046600
"316",7040608130
"317",7040073830
"318",7040395190
"319",7040014210
"320",7040045900
"321",7040073710
"322",7040014050
"323",7040607990
"324",7040388580
"325",7040047060
"326",7040043100
"327",7040048310
"328",4040773260
"329",2040031500
"330",2040033320
"331",2040031490
"332",2040033330
"333",2040024230
"334",2040056770
"335",4040783120
"336",4040023060
"337",4040023810
"338",2040048790
"339",6040000750
"340",7040050930
"341",2040054200
"342",4040039450
"343",7040007840
"344",2040039400
"345",4040005050
"346",4040012290
"347",6040016980
"348",6040102330
"349",6040000010
"350",2040003550
"351",6040102250
"352",7040006390
"353",2040315940
"354",2040026070
"355",2040007930
"356",2040026920
"357",2040059370
"358",2040027330
"359",2040027320
"360",2040024180
"361",2040491970
"362",6040034810
"363",5040000010
"364",5040007690
"365",1040036870
"366",1040036860
"367",1040035590
"368",2040416390
"369",6040075390
"370",7040050920
"371",2040007940
"372",4040037060
"373",4040003020
"374",4040005060
"375",4040045780
"376",2040041840
"377",4040298550
"378",2040288980
"379",3040386960
"380",4040027100
"381",2040309610
"382",7040054660
"383",4040975160
"384",4040017030
"385",2040363700
"386",2040400100
"387",4040018350
"388",5040022500
"389",2040026930
"390",2040018470
"391",7040000010
"392",4040046370
"393",2040069150
"394",4040012770
"395",4040027950
"396",4040029530
"397",5040014020
"398",4040839030
"399",7040024600
"400",4040048900
"401",4040028760
"402",7040024300
"403",2040006600
"404",7040013170
"405",7040065760
"406",4040025460
"407",4040960200
"408",7040047860
"409",5040011800
"410",5040031240
"411",4040027940
"412",4041128330
"413",4040960480
"414",6040009770
"415",4040027790
"416",4041144880
"417",2040309560
"418",5040017830
"419",7040024830
"420",2040048590
"421",7040050000
"422",4040169400
"423",4041108580
"424",5040038940
"425",2040075170
"426",2040289120
"427",7040019010
"428",7040054670
"429",3040481930
"430",2040292580
"431",4040000890
"432",2040005130
"433",6040870380
"434",4040047500
"435",4040027780
"436",7040005410
"437",2040068720
"438",4041108500
"439",2040070050
"440",4041144860
"441",6040870370
"442",6040029280
"443",2040069160
"444",2040085590
"445",2040085990
"446",2040018370
"447",2040018240
"448",2040077580
"449",4040013000
"450",1040041020
"451",4040015000
"452",7040070790
"453",4040234270
"454",2040816870
"455",6040016970
"456",4040031830
"457",4040015010
"458",4040050300
"459",6040005490
"460",6040005190
"461",2040292690
"462",4040015090
"463",2040068680
"464",6040019090
"465",4040012780
"466",7040050640
"467",5040017040
"468",2040085960
"469",6040015950
"470",2040085500
"471",4040046100
"472",6040026140
"473",7040050650
"474",2040816320
"475",2040004130
"476",2040067740
"477",7040073660
"478",1040040050
"479",2040085710
"480",1040909890
"481",2040073580
"482",4040050240
"483",2040084130
"484",2040085670
"485",2040071700
"486",2040070060
"487",2040065960
"488",2040003560
"489",2040077470
"490",2040004280
"491",2040079320
"492",2040085620
"493",4040484760
"494",2040066030
"495",4040545530
"496",2040070510
"497",2040085690
"498",2040828790
"499",2040072590
"500",2040085730
"501",4040223160
"502",2040072930
"503",2040085930
"504",2040072920
"505",2040004140
"506",2040085630
"507",2040081260
"508",2040065840
"509",2040085700
"510",6040075410
"511",6040015940
"512",6040527680
