HYBAS_ID,Sta_TDq0,Sta_TDq1,Sta_TDq2,Obs_TDq0,Obs_TDq1,Obs_TDq2,Sta_FDq0,Sta_FDq1,Sta_FDq2,Obs_FDq0,Obs_FDq1,Obs_FDq2
1040008480,32.70766325,19.39885286,14.06031141,33,19.4618494,14.090148,3.416780395,2.73231479,2.487774939,5.528477154,3.921337259,3.280589263
1040009450,63.11466828,37.94969751,26.09049042,44,30.71223657,23.28349945,3.817474536,3.078794947,2.71400781,6.737721804,5.172064996,4.310376646
1040011660,18.1562318,10.42423552,8.337588808,13,9.197777047,7.75088968,3.280176298,2.732015979,2.513217661,3.469415279,2.954592278,2.733866818
1040011670,41.76311806,26.31385165,18.27429697,38,24.80922824,17.65743945,3.614357038,2.983862598,2.697084148,6.106990116,4.549823056,3.736019738
1040012680,41.12292186,24.44349541,16.93929718,48,25.92557277,17.58908343,3.740943995,3.193585095,2.910528882,7.196930678,4.867778731,3.943195977
1040012690,25.2935038,13.97433349,9.86963202,26,14.19885132,9.963121501,3.306789085,2.745803257,2.57041791,4.854302711,3.452261863,2.959928693
1040012810,41.13410901,26.96394978,19.97406033,44,28.0214188,20.58553236,3.783069612,3.34069067,3.049053989,6.852539487,5.144296663,4.30756157
1040012820,41.89168125,27.37572283,20.17741464,54,29.57789452,21.38666176,3.677216977,3.015861991,2.726095334,7.688371742,5.068395618,4.158608186
1040014500,22.33636533,15.33576266,12.37489352,28,16.30926856,13.01951128,3.255279287,2.536932539,2.247848061,5.250037994,3.571334038,3.104952843
1040014920,21.4402988,14.83102317,12.04981587,19,13.89431657,11.48840049,3.40595783,2.697777948,2.350601885,4.30245653,3.453242464,3.035103632
1040014930,32.17470195,19.56595476,14.80007955,35,19.98865602,15.01604278,4.091601576,3.051267805,2.669182453,6.368288129,4.251658799,3.582646142
1040015030,34.89102593,15.3549142,10.25831745,40,15.91983477,10.41318738,5.182938683,3.05724275,2.620427075,7.639435371,3.895950746,3.111423366
1040015860,23.18540384,14.40765868,11.24408672,27,15.31543909,11.7711394,3.165145537,2.760583767,2.570202849,4.906866665,3.610416134,3.181939873
1040018120,26.46073698,19.80785037,16.17441111,27,20.09022352,16.40334728,3.486753652,3.044900051,2.788400065,5.119108335,4.231450985,3.749217509
1040019430,29.89370023,21.16728893,17.03310582,24,18.54014229,15.4499179,3.001259894,2.504987126,2.292831896,4.475134525,3.736404175,3.338525874
1040020570,48.50729331,31.16693181,23.94224858,63,33.16230654,25.04916049,4.077851761,3.083540071,2.758837734,8.712462689,5.407863643,4.48504157
1040020580,37.29846069,30.49352711,24.73371903,30,24.55625568,20.75645756,3.767455372,2.886811278,2.563890186,5.231686657,4.414991394,3.933022272
1040022430,73.76807253,49.4146207,38.57866819,95,52.68892108,40.60300253,9.120756839,6.262645059,5.154735848,15.13405736,9.475004609,7.726040199
1040023310,42.54226794,27.80197504,18.84804882,41,26.7751206,18.42191781,3.710857692,2.742318669,2.44479185,6.235210955,4.546932632,3.632591326
1040024080,55.32596055,34.48580415,24.54522302,67,36.52096226,25.5158235,3.935254858,2.886484289,2.569257255,9.002090819,5.587638775,4.403023914
1040026800,22.02954186,15.10028283,11.56367494,21,14.64376575,11.30756303,2.791306013,2.46652723,2.347827634,4.011857819,3.305010294,2.936310416
1040028960,19.60845766,11.08766123,7.601706391,17,10.20222045,7.314694408,4.311635183,2.872767783,2.366286597,4.670785187,3.206914437,2.628616329
1040028970,42.77987484,24.87130605,18.75207632,44,25.05029068,18.8408843,6.645019761,3.63061938,2.931666682,8.684599608,5.100260103,4.101329899
1040029430,37.56504869,23.51396833,16.68838021,34,22.09071809,16.09267111,6.361895642,3.757865615,3.210157625,7.359273124,4.949561941,4.06084241
1040029700,31.28346926,23.20275175,18.84408675,28,21.1853638,17.55844156,5.718093172,3.487948382,2.694484399,6.712379882,4.682383381,3.858691818
1040029710,14.58370508,12.06572907,9.213703021,11,9.03100077,7.450704225,2.899725759,2.807286583,2.645168111,3.374885113,3.050979973,2.793729923
1040029810,76.01103123,34.4703333,22.20541784,72,33.98135493,22.07647795,10.45935878,5.088920488,3.621873045,13.10377696,6.908945324,4.93623528
1040034260,11.22351396,8.443366355,7.183643582,13,9.000522247,7.658985021,2.707110883,2.538729862,2.44395164,3.287442147,2.863513917,2.707219119
1040034270,12.29414691,7.298911954,6.113277031,10,6.853225448,5.885043263,2.458606175,2.109238182,2.030058102,2.700668397,2.33383357,2.204949768
1040034610,7.102751358,5.615658996,5.013236788,14,6.087464933,5.36200513,2.374812864,2.169046386,2.090923467,4.554535922,2.615015904,2.443598576
1040034900,11.59222747,9.520629952,8.297521759,13,10.4602846,9.353287012,2.548175455,2.33631073,2.241786895,3.237608909,2.884668816,2.737281729
1040035590,14.07502282,10.81063407,8.898885573,12,9.418643186,8.005847953,3.272135148,2.625132426,2.33165094,3.404187295,2.928280968,2.655136591
1040036860,14.79708172,8.710290029,5.884824973,13,8.072376332,5.67862969,4.229928397,3.392810116,2.919841221,4.215442437,3.344584358,2.870423491
1040036870,64.30244983,19.95831138,10.54906554,50,18.9927507,10.44428688,6.402634809,4.014792599,3.160590751,8.681503423,4.819933737,3.516472047
1040040050,18.43281089,11.29264646,9.014224634,13,9.772453332,8.229314421,3.122565144,2.569764469,2.288735386,3.400869844,2.896421876,2.605631098
1040040200,16.88085646,12.52805859,10.15528914,14,10.96924732,9.191176471,2.26711752,2.224688347,2.179068782,3.131148407,2.809998114,2.616216092
1040040240,21.52769012,15.41846954,12.92270436,23,15.98104887,13.37694878,3.055719494,2.605416692,2.456785957,4.434875655,3.55528838,3.23753106
1040040320,62.10472696,20.12351528,12.01941826,19,13.25296367,10.26843658,3.623036311,2.97195535,2.810762455,4.153195511,3.432441642,3.074388581
1040040340,9.949402841,8.292020881,7.32016024,10,8.337729917,7.368271955,2.303900843,2.097817631,2.000408999,2.782202973,2.503451617,2.355225045
1040040520,53.05883881,17.56595079,10.66496753,21,13.40067273,9.706036745,5.648247715,2.828454023,2.29149458,4.993936588,3.383419294,2.772909063
1040041020,36.49408534,20.44623157,14.15471534,19,14.38247922,11.66367713,2.678645648,2.408641939,2.243128348,3.773797677,3.211340684,2.864518599
1040601190,32.25658418,14.35943011,11.2811046,17,12.06269229,10.32724902,3.150937492,2.548076832,2.423754367,3.749955901,3.115160521,2.899005233
1040601200,37.54793205,17.12428065,12.57879059,22,14.71561229,11.70343725,3.258944191,2.61776923,2.488825124,4.261003584,3.389165412,3.046332539
1040837890,62.57314008,21.89160108,11.52449933,77,22.72844099,11.63073894,5.971914274,4.524855465,4.092096483,11.40594339,5.619653673,4.360459307
1040873640,36.90695613,22.57440702,16.87729294,35,22.06984887,16.63283808,3.761742215,2.899345173,2.629166645,5.717236107,4.209573648,3.575152899
1040909890,91.16618004,59.13089456,45.52644853,93,59.56603281,45.79114034,9.966696943,6.288839064,5.017889418,14.94472945,10.05999697,8.111673678
1041156960,68.23599069,41.05024316,30.29431284,61,39.05647579,29.40432612,4.084969016,3.021178803,2.654497622,8.498267948,5.907437239,4.82442312
1041174950,48.86853124,28.61933275,19.90427799,22,17.83992899,14.91304348,5.283181646,3.234528665,2.633346564,4.639914059,3.757481077,3.279845938
1041259940,52.67418392,25.39526329,15.89727187,55,25.67279688,15.97376193,3.987850562,2.733885178,2.430903377,7.854850881,4.491843383,3.43679748
1041259950,24.98855566,20.18457932,17.74205403,24,19.5461005,17.16484848,3.139613915,2.735583692,2.564353421,4.576161872,3.946776598,3.634450145
1041431480,32.17860662,19.27639324,12.77791221,28,17.59381113,12.21052632,3.586178821,2.688824188,2.398099009,5.017441558,3.69284834,3.064647038
1041431680,29.01029872,21.39121029,17.39465909,30,21.85293106,17.7604336,3.177763288,2.808550081,2.649001245,5.19587412,4.226170698,3.752245932
1041438780,36.44909835,19.74574497,13.31761741,30,17.74162181,12.68768769,3.372999224,2.755649756,2.59674754,5.041999958,3.7598347,3.213111324
1041438860,34.16941897,23.66891572,18.47902692,37,24.34538057,18.92103206,3.482255682,2.794607894,2.53608766,5.962528775,4.45621372,3.81460863
1041472390,28.36686866,19.65681459,14.73927981,27,18.75701899,14.26290516,3.36273761,2.722230991,2.534674351,4.903237391,3.855779645,3.340226117
1041472430,42.29552762,23.89858194,17.03939482,36,22.52191794,16.51543664,3.881899219,3.136356575,2.853497892,5.975726405,4.447033121,3.750434499
1041473880,40.57082625,28.79429884,23.83312381,41,28.91857074,23.92909897,3.528255158,3.029395934,2.804929241,6.406745599,5.018242109,4.422609779
1041473950,34.68511466,26.17137616,22.42426485,39,27.68609774,23.7953101,3.353290019,2.782050428,2.594875469,6.09170914,4.735268973,4.270386492
1041477980,30.70064179,23.89817998,19.74794403,33,25.1742244,20.88711892,3.529269519,3.041932237,2.818637826,5.667292015,4.695727439,4.174321182
1041478080,20.92288984,13.37179701,10.25579229,21,13.39918076,10.27148354,2.969397823,2.50984091,2.279966618,4.217544628,3.268559021,2.847157598
1041515680,37.76699536,25.51395931,21.13071917,50,27.20129544,22.30013872,3.870199158,2.870615006,2.654182377,7.639412258,4.755218458,4.178118748
1041515780,33.03395369,19.72021878,17.26832044,25,18.4478196,16.49942241,4.773144796,2.714091628,2.52964567,4.963278938,3.809877527,3.541208528
1041533130,23.67083964,16.33869893,13.00480409,20,14.93758775,12.20363165,3.373348686,2.569566724,2.394393458,4.122829999,3.403789233,3.063992765
1041548760,33.44856877,22.44098793,17.06849176,39,24.06713656,18.07825774,3.663297125,3.024987523,2.749647816,6.265934122,4.56337752,3.863501073
1041576090,41.62405912,25.25402761,17.47439399,46,26.5586445,18.07086314,3.694399579,3.083303803,2.798220781,6.965817494,4.864267477,3.920828823
1041576130,41.32531492,23.28520683,15.92338227,51,24.45135573,16.36255107,3.711831696,3.131043982,2.833363645,7.454605778,4.677945078,3.771356424
1041620200,13.65245895,11.05296688,9.685086797,16,11.75933646,10.37947418,2.774280233,2.536782399,2.412719065,3.668482357,3.157842139,2.966414496
1041620260,18.85896061,12.60222103,10.46804434,13,10.45822248,9.142857143,2.896136795,2.562754121,2.429679414,3.357038344,2.953725769,2.7651138
1041624310,14.88861097,10.93279088,9.22145174,15,10.98045894,9.260327358,2.95110862,2.570556684,2.405229833,3.621592407,3.070083134,2.827009882
1041629370,29.60217617,18.21768023,14.27944176,31,18.49046877,14.43528626,3.506641727,2.808539908,2.543288462,5.44795453,3.946459575,3.428196153
1041629430,21.41500591,14.53800155,11.75990781,22,14.70633325,11.87543345,3.39654508,2.724810561,2.434677089,4.548522095,3.532610197,3.124153142
2040000010,59.74069386,25.41202361,17.76398208,100,26.71866496,18.08956965,7.886390394,3.209666911,2.68336856,15.58910542,4.966842175,3.849181852
2040003550,78.67267443,39.40719277,29.68717083,59,36.51393126,28.57871847,9.785954669,5.389567376,4.004796439,11.37472568,7.284191908,5.771229517
2040003560,70.78106993,44.45810211,33.70808056,74,45.24909284,34.15705351,9.641088825,5.503286629,4.069636796,13.39433559,8.242406468,6.362290801
2040004130,54.72433433,29.40327551,21.64090963,51,28.75350724,21.37886984,8.126459672,3.892670476,2.833616903,10.26681856,5.665676393,4.322233591
2040004140,15.16129859,11.90496857,9.925595433,16,12.60080304,10.57122905,2.603091078,2.140412338,1.926393594,3.469362278,2.921091268,2.610604127
2040004280,39.9184576,16.93515268,12.15790205,37,16.67918779,12.08486402,6.359351218,2.573606929,2.049100425,7.653378914,3.606555665,2.851948997
2040004290,60.77833439,22.39552728,13.81284548,61,22.41152282,13.8160047,8.796624898,3.56095606,2.622422141,11.42486946,4.857202008,3.456854982
2040005120,66.30058527,27.10188986,17.54756746,62,26.71441691,17.45759458,10.05359404,4.142304895,2.922030171,12.09752606,5.618238053,3.993748996
2040005130,66.33218546,20.83112038,14.13954365,27,17.04524625,13.13189448,7.488229113,2.804548564,2.41249526,5.684789979,3.69134172,3.139813888
2040005690,36.15146954,19.82289797,14.43469607,38,20.10454082,14.55554098,5.893348968,2.924638885,2.454782315,7.592777951,4.140735289,3.348087577
2040006600,35.43408894,17.9823043,13.3748051,38,18.22276254,13.46957424,5.946362367,2.931141717,2.399526041,7.723341054,3.986499244,3.223035676
2040007930,44.8506371,31.47744943,24.76125898,45,31.54572703,24.80889708,7.598607325,4.968769376,4.070410632,9.416565306,6.654754588,5.492807562
2040007940,29.23353247,15.26026985,12.19117436,37,15.69900753,12.37671795,5.515016759,2.424137613,2.017423424,7.746302585,3.414151208,2.842977438
2040008490,66.99926687,31.6746433,20.15522052,68,31.81104947,20.19428593,9.80097576,4.366948237,3.027029786,12.89402011,6.251666959,4.352185467
2040008500,39.97575784,22.88523606,17.76228459,65,24.2850641,18.37637639,6.255408377,3.366272843,2.695056103,11.26389462,4.824774793,3.87183213
2040009230,90.59746211,50.36265136,35.87734062,129,53.8045547,37.26684076,11.49291929,5.917142436,4.159830283,19.9559823,9.383420249,6.783967005
2040012730,110.5072403,61.22012112,41.9352571,151,65.29672663,43.4759631,13.17497563,7.930050639,5.887680787,22.63208324,11.72835872,8.567499783
2040014550,82.05995767,42.06988689,26.48689615,113,44.84162518,27.28718634,12.13142812,7.410702198,5.446897373,18.7226785,9.577663421,6.795887776
2040016230,121.1190658,55.12981029,36.05630213,205,58.71253455,36.98482561,13.48233226,6.167634091,4.233296232,27.80132274,9.851272469,6.737096925
2040018240,46.32878502,32.0928492,24.73493277,47,32.38714399,24.93044565,8.194303592,5.229123943,4.14775,10.15403633,6.908637283,5.559341529
2040018360,68.61100825,33.36406662,21.00714807,81,34.86870643,21.4297038,10.30627169,5.574667058,4.176047747,14.54605704,7.453849098,5.331673275
2040018370,25.30980968,10.70993628,8.302438807,29,10.92637547,8.372697034,4.887984741,2.594761767,2.289522901,6.409908593,3.106156753,2.677271448
2040018460,52.72969901,24.22062698,15.89782748,43,22.51572808,15.45801527,8.083191771,3.301376059,2.505988252,8.914694396,4.597513184,3.487885512
2040018470,46.84680618,21.51471578,14.5805929,50,21.89417526,14.69663748,6.953236802,3.081040863,2.517481029,9.387075876,4.427118962,3.426249868
2040018840,97.66167624,53.59513674,37.32561421,95,53.15383895,37.15133107,11.31433761,5.714338409,4.071216762,15.99528312,9.091823452,6.654460027
2040018850,81.58734189,56.45719273,44.37531471,89,59.10637683,46.22970535,11.08621617,7.777398069,6.29894941,15.79534112,11.12347118,9.066264991
2040019150,73.8236909,31.5873086,26.2224327,126,32.95396037,26.68235917,10.03493193,3.590788644,2.93280112,19.0158359,5.79645432,4.821750556
2040019160,108.4814731,60.08800513,39.62706884,135,63.10446748,40.68380883,12.80786658,7.610226847,5.555595794,20.93163822,11.30250533,8.056561072
2040020320,111.7602611,58.96036017,40.66099484,182,63.04844156,42.0582674,13.27485481,6.67059294,4.49390457,25.48210043,10.59486594,7.419938236
2040021030,101.2914596,48.43344973,31.00910846,182,51.85706372,31.90225593,12.65449293,5.605276137,3.766318816,25.37410784,8.859507669,5.932997983
2040021040,94.8146874,57.2778935,41.28426217,136,61.57201483,43.25740096,12.17660956,7.128082824,4.799809472,20.69991797,10.76817981,7.760256276
2040022150,85.77103439,28.71679619,19.84257731,167,30.25238842,20.12552971,11.12713182,3.598759611,2.671758615,23.42561344,5.505040505,4.021473127
2040022160,82.92573758,31.86039137,21.79890991,167,33.64408777,22.18076986,10.83145106,4.190441858,3.034312964,23.23886655,6.227009102,4.478644632
2040023010,108.0569666,44.0898996,26.92643019,196,46.96547403,27.50608069,13.04737906,5.501538053,3.757892423,26.7880101,8.313098956,5.481961737
2040023020,71.98874325,30.80369486,21.26901823,159,32.61335954,21.69747698,10.346983,4.403835277,3.317190145,22.51026234,6.261503607,4.596859743
2040024170,115.9655931,60.72560512,39.80750965,160,65.06298239,41.25296875,13.56822724,7.686677255,5.3315776,23.64915575,11.43677863,7.897777582
2040024180,23.77354744,11.47005377,8.424557676,31,11.80379176,8.528007519,3.92615245,2.306696144,2.089369719,6.233376918,2.96305731,2.52385017
2040024230,75.02563349,41.48960019,28.50337531,124,44.48270243,29.57292156,11.18083423,6.392798634,4.654565241,19.39828349,8.768927277,6.351204317
2040026060,109.2309669,64.36435034,45.90472058,132,67.91306313,47.51721268,13.27570902,8.260777321,6.139960428,20.86676397,12.09049981,9.005396416
2040026070,16.87098096,13.18236755,10.31745396,16,12.40353627,9.81570997,2.990496113,2.515588235,2.254259069,3.690595818,3.106446097,2.720323223
2040026550,92.07426116,56.5855157,36.60068442,111,60.22503859,38.04359497,12.54547458,8.571164081,6.890694695,18.79780711,11.73447739,8.710092487
2040026560,55.9119656,35.33206195,22.99735186,55,34.92718202,22.83409937,8.463521123,5.417768377,4.152052072,10.69655391,7.152594506,5.305518133
2040026920,61.13360072,29.81762036,21.12198232,91,31.63989371,21.72927501,8.815874922,3.584987364,2.700708941,14.97083535,5.634396253,4.181072764
2040026930,52.68450727,25.44395434,18.31400689,73,26.78063746,18.76536079,8.050125328,3.229956348,2.501177964,12.53503269,4.938811238,3.759470178
2040027320,61.86450511,26.95980777,17.52033201,61,26.83860392,17.48842717,8.696308651,3.55472557,2.692564529,11.07530992,5.09827186,3.738554004
2040027330,95.00853127,47.21918392,29.89195561,128,50.43812697,30.82455926,12.01979143,5.862620394,3.924926331,19.91013609,8.845333535,5.899482316
2040028310,78.97583454,30.51478797,19.84504121,107,32.05927769,20.18230694,10.09531499,3.855938032,2.869487134,16.65467107,5.836663804,4.139032177
2040028320,59.03565769,33.38241958,23.22998952,82,35.68125853,24.13174896,8.554295096,4.062416352,3.00869498,13.67274871,6.348156741,4.633386669
2040028660,72.68839408,29.05354989,18.50169457,101,30.66492888,18.85246347,9.866852176,3.879908155,2.889600481,16.15813551,5.708913574,4.014206947
2040028670,86.02029566,40.83512194,26.52816316,118,43.51706207,27.297016,10.78665934,5.082530467,3.556494253,18.28207321,7.730571457,5.318611858
2040029940,84.11192829,49.42547287,35.15822194,98,51.96373824,36.31726473,11.58016204,8.364117749,6.987742181,16.6857701,10.73541988,8.535076013
2040029950,84.76142105,50.48244484,34.8659999,92,51.96085788,35.51676996,11.98465427,8.156711294,6.563236895,16.15817475,10.48583267,8.092267348
2040030060,81.03183676,43.61058663,25.76103199,95,46.04163577,26.45274497,11.23426423,7.871160113,6.233522294,16.17375723,9.756843728,7.032365228
2040030100,94.18339479,56.61257882,42.18314893,119,60.27785974,44.0440825,12.75294092,9.417915139,7.927469275,19.30106908,11.92857677,9.619442844
2040030110,92.47866371,59.84530257,45.06733892,133,64.66384087,47.76496286,13.28466465,10.02931896,8.524462266,21.01091947,12.80501182,10.44795576
2040031060,77.8295536,45.58254957,33.84156261,106,48.72761318,35.3345113,12.41054514,8.209265775,6.501646998,17.80513836,10.24207143,8.022117921
2040031070,93.81576547,57.42757657,42.27936179,133,61.86500887,44.48879514,13.28259832,9.478924258,7.77397921,20.89578201,12.24093334,9.70241584
2040031490,94.21283791,58.48196122,43.1946105,129,62.88879301,45.44602881,13.23543036,9.54121037,7.909912845,20.43893915,12.3585264,9.853249268
2040031500,88.1656875,56.47517069,43.06209325,134,60.7772106,45.41649857,12.39893572,8.161956267,6.135703637,20.67811891,11.32596866,8.762615211
2040033320,85.05882222,54.56664863,43.06323872,128,58.58413103,45.39265977,12.34773902,9.237820398,7.923900025,20.12388857,11.80193551,9.856384858
2040033330,80.74771934,54.86634878,44.42689643,106,58.88697704,47.18644526,12.10732937,9.019044748,7.653878329,17.78584114,11.7396909,9.899506795
2040033480,90.65319928,55.51781865,41.3829243,136,59.7969855,43.537113,12.55967649,9.02949907,7.610905974,20.97076002,11.81597307,9.552379462
2040037990,75.50973883,45.14739611,33.41014132,96,48.13028928,34.89599184,11.98768423,8.406468155,6.882641392,16.70181913,10.26201683,8.190114721
2040039390,77.39342599,45.59217033,28.47630829,78,45.72957779,28.52577201,11.70782295,8.38217963,6.667312529,14.69116748,10.02040596,7.512307267
2040039400,45.37966797,32.77677271,27.09049821,43,31.83291454,26.41876597,8.34334287,6.600682855,5.937498897,9.44453639,7.530939003,6.665393266
2040039590,36.77044139,17.47933691,12.22939601,35,17.24629738,12.1555175,7.187478747,5.20581174,4.639383787,8.177015503,5.530311091,4.74289298
2040041120,76.97574487,49.11815554,35.78897674,89,52.03588054,37.35415901,11.47840012,8.758832949,7.530696888,15.92002801,10.9333665,8.924390252
2040041840,33.66668124,27.05347749,20.96015578,20,17.00123394,14.72043011,9.413207978,8.176147728,6.943023777,7.503562675,6.60216179,5.915744304
2040045150,49.40670493,29.60913594,22.1856225,71,31.58564491,23.12378479,7.273735347,3.952368431,3.090046386,12.14997259,5.993081963,4.665973373
2040046500,70.68925456,41.53491754,28.99978729,77,42.72748136,29.52372504,11.37724924,7.420164563,5.723672167,14.55195751,9.232729653,7.044176124
2040047500,79.08656028,46.95774633,33.42894816,107,50.14715245,34.84854036,10.96324129,6.148542053,4.269214582,17.21261667,9.197454342,6.652093906
2040048590,23.22023872,9.487561409,6.688150513,21,9.283226838,6.637746891,4.395503962,2.416520682,2.113301419,4.98505867,2.819923087,2.380154983
2040048790,87.49546742,38.24451153,24.30857032,144,40.74112477,24.907343,11.96008157,5.907249821,4.046418043,21.54984275,8.068114697,5.492080476
2040054200,59.41410795,29.54164421,21.27640175,99,31.36656192,21.89304277,9.82369645,4.944994417,3.576805477,15.94955038,6.6485091,4.936102937
2040056770,45.25452517,26.59966203,20.16501864,60,28.25381935,20.97110252,7.063211278,3.796896229,2.966244918,10.69646484,5.51186703,4.329895683
2040059370,28.99049701,18.94296034,15.14862543,33,19.69907928,15.62408249,7.949670118,6.349454997,5.61152307,8.789653142,6.629696291,5.799392913
2040065840,33.64733894,14.8447029,8.898793263,16,10.46885472,7.80565371,4.528948056,2.77062969,2.466790726,3.904420563,3.019299171,2.656173471
2040065960,18.78397977,15.35262143,13.34044883,17,13.99031798,12.24489796,3.350348079,2.682932076,2.41418658,3.975633262,3.378590993,3.071674907
2040066030,57.48190147,16.21212989,11.38062214,22,13.45633699,10.6824132,6.384940438,2.575837741,2.246158851,4.825258207,3.277913543,2.858276202
2040067740,35.84587784,31.80195832,24.9824258,23,19.89406575,17.08988764,6.874810114,4.660858665,3.503562244,5.986540373,4.871461709,4.165179796
2040068680,46.21186535,30.75271675,22.42416772,32,24.10605,19.26280624,8.432702582,5.983708972,5.169717424,7.907473926,6.365827616,5.554947538
2040068720,29.55469886,21.31318696,16.82683746,28,20.54051431,16.33627667,5.802339933,4.162103533,3.491807847,6.822224702,5.057884137,4.265573093
2040069150,47.56416421,29.94450255,20.64079772,47,29.63501049,20.50133333,8.07843689,5.07063922,3.966132454,9.921594938,6.612249541,5.078320429
2040069160,24.02267317,16.73332997,13.64398464,25,16.95018489,13.79792539,3.406627182,2.518262241,2.277243837,4.958625984,3.602343029,3.171080206
2040070050,38.12015165,20.32026289,15.40047115,54,21.24754706,15.764736,6.097729184,2.894343985,2.392222623,10.03530217,4.281144494,3.442917808
2040070060,28.03436224,17.60022177,13.49988733,26,16.93911493,13.16883117,4.146302142,2.766273188,2.490669775,5.341058899,3.743048027,3.229001207
2040070510,21.22727189,15.94570595,12.54924802,20,14.97240373,11.95121951,5.110641804,4.31598895,3.956894693,6.764703982,5.412504434,4.659301157
2040070520,60.76615791,30.72382339,20.62123567,55,29.44859575,20.23337165,8.681184315,4.241760752,3.255427461,10.53059091,5.870978143,4.455277673
2040071700,18.13617333,11.88868451,9.475525656,19,12.08928837,9.600941071,3.024611326,2.545763885,2.377924036,4.014912232,3.14415356,2.823150529
2040072590,16.28155001,9.021052771,5.968405401,16,8.945959363,5.943820225,2.530171468,2.17928411,2.065343749,3.474639034,2.662437211,2.312620502
2040072920,18.32158409,14.24911351,11.42053445,15,11.95981697,9.994594595,4.300362354,2.619327485,2.241923807,4.012926926,3.173193809,2.796485047
2040072930,24.06090539,13.17415896,10.03081806,22,12.83564034,9.889199776,2.923538155,2.315470093,2.124942135,4.13993704,3.071416988,2.697547288
2040073580,8.649254323,6.458342317,5.288323058,9,6.796143951,5.562373019,2.427136498,2.056162346,1.852971661,2.73700667,2.330641744,2.100078281
2040075170,16.72114407,11.5503118,9.017590447,19,12.50261175,9.668541741,3.226378165,2.793006841,2.59057336,4.124105137,3.351458331,2.999297531
2040077470,11.13536946,7.297219956,6.182289786,13,7.558302409,6.350662893,2.755018385,2.460582057,2.373858179,3.306876188,2.719816706,2.571117776
2040077580,18.74531396,14.64188048,12.40639237,23,16.01253916,13.68366682,3.06332466,2.64268145,2.484045953,4.467275426,3.587679838,3.292239241
2040079320,14.88312535,10.17681389,8.40149622,16,10.64409893,8.745857457,2.992058947,2.519910819,2.368393316,3.708551648,3.001620025,2.746439114
2040081260,13.26852676,8.797436719,7.257852694,13,8.752454587,7.229274098,2.829864253,2.530624472,2.3684246,3.405810508,2.851709347,2.612240391
2040084130,14.97320524,9.016142424,7.648803318,13,8.750739692,7.501831502,3.763291867,2.548634402,2.393483354,3.744195115,2.862040881,2.662886011
2040085500,19.89134491,14.12247407,11.51116997,17,12.77722605,10.69868996,2.479744895,2.239065286,2.153523572,3.485205158,3.016692863,2.775487224
2040085590,37.11793551,20.11705632,13.86669164,33,18.87950275,13.45773604,5.716258132,2.95379063,2.391647227,6.827894569,4.046303355,3.214104989
2040085620,15.21207023,11.45715196,9.514305136,14,10.80148174,9.061946903,2.648304366,2.218173015,2.114085703,3.286172414,2.824048533,2.598276124
2040085630,13.15421383,9.273523887,7.262847774,13,9.169329909,7.198501873,2.529205661,2.248244004,2.115894328,3.196126786,2.69646513,2.433643866
2040085670,13.80028177,9.362300375,7.488088524,14,9.472869662,7.561897702,2.352073589,2.184115355,2.096986584,3.131278693,2.635603362,2.406757214
2040085690,34.91637083,16.76428471,9.534743892,22,13.07692928,8.75,3.121632406,2.415622151,2.236486985,4.221780603,3.104618975,2.608123417
2040085700,13.56841823,12.74873626,12.11612474,13,11.87892699,11.10769231,3.536025404,2.999010445,2.760781596,3.865059745,3.466754257,3.241372046
2040085710,11.89922028,6.948618804,5.702453857,10,6.645733316,5.557024793,2.720318024,2.184372525,2.058915224,2.874141941,2.389845721,2.22757075
2040085720,38.58061229,16.87023618,12.21774221,48,17.34090004,12.35448451,5.905016902,2.938951495,2.5212526,8.910277407,3.925469984,3.220071791
2040085730,22.05808827,15.06084069,9.765882431,15,10.96491254,8.257142857,4.542317854,2.690805618,2.137944253,4.284375063,3.056381583,2.513952254
2040085930,25.72015806,17.16890582,13.76593034,22,15.79210458,12.9954597,5.594295177,2.845456661,2.364225478,5.62530747,3.697919698,3.162065551
2040085960,56.52661901,23.7918525,16.72679559,48,22.88441821,16.48243894,8.342122902,3.424544682,2.621635434,9.528542449,4.713604675,3.646138697
2040085990,37.55726153,13.56269754,9.368470837,23,11.96500512,9,6.025210415,2.771604495,2.283195523,5.680664815,3.261580071,2.711275545
2040288980,31.19271207,19.58523693,14.62217209,23,16.52573119,13.20840951,5.725356249,2.776233645,2.328121875,5.063935229,3.585016472,3.068606907
2040289120,18.11437979,11.27417654,8.164751276,19,11.49621007,8.272398844,2.345399032,1.92283358,1.769420569,3.512801784,2.617517678,2.240424934
2040292580,10.33009342,9.24932717,8.187686479,10,8.710555444,7.681818182,2.480509367,2.325364755,2.175916357,2.861500616,2.644825059,2.467325375
2040292690,32.06910585,23.85348179,16.84073576,17,14.13609701,11.86419753,4.46230316,2.880628816,2.485921992,4.023397135,3.423205243,3.05131705
2040309560,13.78006427,10.05025639,7.384461328,14,10.25502673,7.511737089,2.5131188,2.148882502,1.981976037,3.18141224,2.684615216,2.345297756
2040309610,62.88709839,23.37835265,10.83103863,43,20.00020532,10.47272727,10.00969135,3.600341939,2.557123567,9.297775665,4.471248141,3.035269403
2040315940,64.49391999,35.00297633,23.13054089,62,34.24266796,22.87641344,9.38257766,4.540074897,3.191251894,11.93184475,6.486751807,4.637123329
2040363700,15.50074965,14.23537619,11.72679305,14,11.98881345,10.05128205,3.456887159,2.944787064,2.592398463,3.764160582,3.312341248,2.959309864
2040400100,36.39096545,27.60716399,20.59545557,32,24.21556424,18.76299376,5.904039002,3.821163954,3.037474485,6.773751497,5.011371343,4.11154224
2040416390,49.07347194,26.37514898,21.17238372,41,25.09249432,20.58565582,7.388986726,4.263284305,3.383024507,8.411127899,5.490903785,4.559347138
2040491970,30.53275047,14.55235135,6.925511439,27,13.61677032,6.800832755,6.594276595,4.143412845,3.049341625,6.899422056,4.331956062,3.06441699
2040539930,122.4480115,69.32583441,43.56780719,179,74.55326504,45.29835355,14.36688443,9.359437631,7.233800613,26.0030485,13.40291238,9.50557527
2040540100,96.48341514,48.62401591,29.959878,136,51.89157023,30.84462612,13.08073018,8.275222852,6.530314955,21.53566642,10.73317541,7.743874362
2040543090,61.69810364,37.8482425,26.42285535,61,37.57835589,26.29984517,9.841572955,6.746047035,5.492540776,12.17125739,8.307443508,6.569753717
2040543160,84.56659279,44.43553266,27.68967629,116,47.10651246,28.45396403,11.90405049,7.199290164,5.506008571,18.80757399,9.535610129,6.791499393
2040548500,84.5219933,42.67451692,25.92083137,121,45.49134274,26.65024845,11.80349014,7.434423283,5.709264544,19.32249849,9.590314257,6.785554335
2040555780,91.50162823,42.4333934,21.79103048,102,43.65175046,22.00788808,11.82265037,6.883427075,5.237925622,17.32208384,9.090288204,6.134071787
2040785900,50.58836466,23.86047982,16.88141637,59,24.4657741,17.07590864,7.653216554,3.771868143,3.07806654,10.81458198,5.104159703,4.012293998
2040816320,54.03733831,28.78079221,19.80676867,54,28.77312971,19.80382691,8.421393873,3.925451348,3.0204097,10.67261339,5.622063235,4.251517293
2040816870,19.58990397,14.37969471,11.82301378,20,14.59646349,11.99561884,3.116395794,2.532637806,2.282884692,4.096400571,3.362283093,2.996691603
2040828790,25.97879894,16.38883852,12.38278412,27,16.65049103,12.52692177,4.161929044,2.791761799,2.427987159,5.515235884,3.739394779,3.152002335
3040024310,51.07285914,28.50093963,20.73902192,53,28.71393241,20.83142187,8.989144391,5.62859852,4.497913745,10.75109532,6.696639264,5.307199809
3040386960,92.73285611,47.91407634,30.87530635,91,47.66761809,30.79689503,12.24148584,6.297309676,4.510986073,15.63948676,8.870679205,6.339598744
3040481930,45.85505741,26.88829505,15.63916573,38,23.34677434,14.73381295,7.932299157,4.032033657,2.900870162,8.008458798,5.050361822,3.673523948
3040483880,59.60323903,54.13485105,44.01289421,34,30.19485483,26.75238095,9.512077132,8.41120364,7.244541458,8.944614755,7.861810477,7.027811794
3040496490,38.38961868,23.25016884,16.57858112,39,23.3847837,16.64235351,7.533833031,4.515057428,3.428584177,8.725947035,5.417203518,4.113477889
3040679750,54.00493154,35.5955244,25.93879245,53,35.11681156,25.68783669,9.49282133,6.523788291,5.31734218,10.99240445,7.672484453,6.076941875
3040679760,76.20060994,43.66895575,31.09645925,58,38.28038132,28.99823009,11.47489818,7.224455539,5.56114559,11.82429571,8.257373806,6.56190588
4040000890,50.40265152,34.39121643,19.49531032,32,23.28189257,16.13333333,9.703106595,4.650462681,3.104915694,7.234617672,5.083072896,3.877501371
4040003020,85.21355939,46.04904098,30.61748167,136,49.3646944,31.71116394,9.648688453,6.845637889,5.709063596,19.31937583,9.29468791,7.010574764
4040005050,76.6617814,39.9842716,27.23581993,122,42.65998019,28.10371581,9.184474037,6.33900964,5.205240912,17.51916194,8.37293943,6.352940949
4040005060,70.85008561,39.45739341,26.73406504,85,41.07242758,27.32924391,9.060997202,6.467405521,5.319608236,13.87264396,8.299961094,6.39421384
4040007410,74.31383788,47.17728812,36.367883,63,43.39673035,34.46020996,10.06406236,8.113765307,7.196088901,12.18323904,9.559467716,8.206386496
4040009890,80.28447071,47.44418743,35.55962832,78,46.92496137,35.30557745,8.386114714,6.841732492,6.201744447,12.91183759,9.1971098,7.722620421
4040012290,56.66001969,23.19183336,12.24442744,71,24.22635198,12.40249882,4.396389816,2.868585496,2.506647939,9.919667853,4.455404812,3.152029586
4040012770,48.58742515,29.64267248,19.43949471,37,24.72646286,17.74666667,3.927689759,3.300482534,3.050839721,6.207709597,4.680129062,3.897217084
4040012780,33.11984743,26.1906536,16.6390743,20,16.11564348,12.37373737,3.437041772,2.622060636,2.305809769,4.226611372,3.444951237,2.926703392
4040012990,118.8639045,39.32487452,26.15581372,106,38.56103275,26.00925926,8.274979014,5.502222678,4.667329079,15.18509867,7.583975151,5.945760129
4040013000,27.88260953,9.308725024,5.811221554,15,7.6541086,5.518018018,2.450976306,1.736409138,1.598389727,3.101980646,2.155482659,1.88008694
4040015000,117.0048913,57.280337,31.17961335,95,51.35447908,30.02790015,4.920668781,3.278820176,2.91279419,12.21969056,7.21690969,4.998071463
4040015010,65.75766394,52.39328456,37.49459338,53,41.64962674,31.95296524,4.445232027,3.290881352,2.892724072,7.737906028,6.257199732,5.184346983
4040015090,21.64724161,12.76985064,9.025815309,20,12.23252665,8.819613457,2.661855027,2.1847402,2.029362481,3.769335146,2.841658858,2.442155174
4040017030,73.8048215,35.73406055,21.442319,81,36.580665,21.6578294,3.897780036,2.896604628,2.590664479,10.30646213,5.566375069,3.992944885
4040018350,70.33329521,32.66931161,20.20728653,94,34.49662672,20.65231867,4.0939751,2.953367666,2.659823321,11.7729231,5.428342423,3.958726718
4040023060,69.64364852,43.86646053,30.09386569,40,30.42497558,24.3126615,7.30994696,4.85412462,4.0791256,7.952850741,6.119842418,5.170536464
4040023810,38.38631272,31.22840909,22.58664565,23,19.31260547,16.00952381,5.583548473,4.140446891,3.602706828,5.584894181,4.655213943,4.069411164
4040025460,36.4654265,23.92411721,19.09807107,46,25.2642425,19.91804284,3.682559809,2.767541601,2.492637241,6.891882284,4.467337103,3.79846257
4040027100,40.689667,20.86443663,14.39777701,30,18.51441065,13.63872491,3.455494714,2.669766448,2.427108459,5.161088999,3.742205848,3.150255244
4040027780,35.52110081,25.1169862,19.70882159,33,23.86938619,18.9619605,3.747238794,2.908905895,2.740257427,5.562666247,4.362268744,3.807213668
4040027790,16.47878463,13.18920292,10.4647376,13,10.53682537,8.827586207,2.776494748,2.360699206,2.137928086,3.081381879,2.665133208,2.408900898
4040027940,40.71021747,24.17194839,17.28339607,43,24.76272717,17.56123041,3.82790063,2.728034469,2.486812753,6.653380852,4.397618588,3.595401375
4040027950,29.81281434,18.77492634,14.35537946,36,19.78398524,14.90318095,3.286240604,2.417858025,2.193350151,5.742202652,3.718497259,3.133485944
4040028760,47.08740978,23.19724688,15.78059314,57,24.11106894,16.0702868,3.798268085,2.647189102,2.395361092,7.95280666,4.27288023,3.379494129
4040029530,60.21130605,32.96325078,22.76019678,77,34.92815582,23.5047917,4.089965384,2.86430511,2.555408101,10.10063735,5.436447275,4.194009466
4040031830,27.0614239,20.89301825,15.65147888,20,15.8297024,12.90243902,3.260419495,2.902352015,2.648604522,4.107229749,3.547905397,3.162892605
4040037060,21.5580677,13.19862193,7.498333641,16,10.36763901,6.805668016,3.230862117,2.224324592,1.945292691,3.497894545,2.673716199,2.22483231
4040039450,61.29913677,30.65197458,16.9396314,55,29.06900122,16.61781946,6.000014903,3.209855236,2.732178858,8.823122334,5.103398893,3.694148908
4040045780,71.12256816,28.49493502,19.56802888,31,21.48741082,17.21886792,9.603075503,6.236977768,5.524080297,7.832791356,6.204079562,5.471578077
4040046100,41.63261338,19.10678527,10.9503582,13,10.10976656,8.191011236,4.227657749,2.921637271,2.473725367,3.52642351,2.947600537,2.627015082
4040046370,55.67777315,27.79162031,17.71634067,73,29.26383126,18.12787208,4.40212936,3.114290815,2.772312284,9.904124261,5.032381366,3.818433258
4040047500,35.06473223,19.78775565,12.92982226,29,17.82094173,12.32161956,3.650194785,2.668352063,2.349558905,5.136060248,3.641358362,2.967008218
4040048900,51.33734558,28.9894621,19.77689695,59,30.3970472,20.33662678,3.993181291,2.798732426,2.50066053,8.271021415,4.995338552,3.87950514
4040050240,17.26037621,11.62944608,8.804184587,18,11.90093014,8.965692503,2.992929089,2.522581803,2.363770513,3.993793751,3.164225947,2.788791263
4040050300,13.08690394,7.119554277,4.605573027,10,6.180278487,4.358166189,2.853162723,2.313102163,2.071371496,2.990915333,2.384924345,2.098904957
4040095270,58.51252951,43.20551157,34.64902751,49,37.6494091,31.22123894,10.29651835,8.638506537,7.614379276,11.03985719,8.998330109,7.837544366
4040169400,22.7366112,18.66780956,16.66561165,18,15.47596014,14.01923077,3.591106257,3.171455579,2.88712067,4.076339379,3.711987325,3.473241183
4040223160,14.01745399,11.27413917,9.194731281,13,10.36057171,8.563106796,2.577574771,2.227092684,2.020726036,3.952192025,3.368004003,2.972272102
4040234270,14.14420487,11.65302252,9.439922401,12,9.795194467,8.213675214,2.609469941,1.902345601,1.614767034,2.957259566,2.446212815,2.147824899
4040298550,29.23729197,16.94255784,12.31075971,20,14.18485368,11.16457961,4.576955289,2.688886524,2.352418081,4.585174732,3.389126493,2.949520613
4040484760,22.26430548,12.05649718,8.243837877,19,11.28027366,7.995616781,3.43531704,2.514612767,2.30950043,5.341864412,3.710584951,3.018079578
4040545530,18.34961225,11.41363404,9.077256055,17,11.09380522,8.909090909,2.922422076,2.494132857,2.333009039,3.748481488,3.027853577,2.734647479
4040627620,33.26594967,22.86743241,18.81818535,33,22.78724563,18.7609474,6.095290465,4.67982942,3.901997045,7.42573013,5.58168596,4.72054046
4040748300,78.96739914,50.46034875,38.83804324,81,50.93377865,39.12013281,10.44566344,7.824067749,6.740794628,14.19954172,10.01943907,8.280517962
4040773260,121.6260437,45.767285,29.22433378,122,45.78763203,29.22877446,11.37796454,6.302852672,5.071886766,18.05297533,8.654870576,6.468258722
4040783120,78.2459626,44.30796823,31.90150241,84,45.02989661,32.21652118,9.300555552,6.031976865,4.841239403,13.68136432,8.371467784,6.538049106
4040839030,34.58671159,24.89170296,17.38971683,24,18.47023775,14.44,3.16321528,2.789572831,2.626515278,4.308574869,3.689753354,3.249929275
4040960200,52.05703332,25.75106572,15.13143484,49,24.98297936,14.9533837,3.683791923,2.812256813,2.53523995,7.136224648,4.395656946,3.318438094
4040960480,41.35415375,19.22144457,13.04898979,45,19.74724502,13.21354027,3.878501668,2.579695844,2.334996151,6.901353626,3.838521251,3.093934228
4040975160,59.17714044,32.11122454,21.57827413,65,32.84877023,21.84326872,4.448536223,2.993817118,2.617571594,9.122140362,5.312808996,4.074734951
4041043580,107.1064853,59.84648932,44.07357304,122,61.53125139,44.82163062,11.09955001,7.591383349,6.169682746,18.39126772,10.9189376,8.606950643
4041108500,42.27382096,22.38971707,14.38613613,31,19.29084073,13.48075412,3.678971294,2.764680258,2.473363985,5.314738769,3.808138711,3.126578627
4041108580,65.72697465,40.99537765,27.98376823,56,37.08182464,26.47058824,3.758416366,3.040018673,2.757246222,7.835081068,5.698463359,4.554634475
4041128330,56.63056884,50.22877789,36.85547778,38,32.04359293,26.25641026,3.919008263,3.420197815,3.077079148,6.240439243,5.401603753,4.71028255
4041144860,65.29544415,59.93211707,49.03633439,33,29.79617445,26.79069767,4.028906268,3.374231605,3.013300029,5.658977524,5.084477552,4.66727402
4041144880,35.97770793,22.05126252,15.55859794,35,21.61086986,15.36820835,3.637934215,2.760820475,2.500995849,5.747997458,4.04783757,3.324804405
5040000010,76.7696598,47.68137539,32.702054,51,36.9236976,28.33753149,8.421472551,4.896417383,3.867310842,9.399980298,6.850628487,5.551312048
5040007690,77.32746192,30.48545213,17.68517689,78,30.54942698,17.69746965,7.916064363,3.622743775,3.020891293,12.44088994,5.524339591,3.962172568
5040011800,22.81518304,12.18627718,8.8175319,23,12.21152798,8.827586207,3.413091379,2.600058262,2.394356148,4.568113158,3.142630115,2.69430325
5040014020,22.79869751,14.40304182,11.61822586,23,14.4511745,11.6481775,3.27979472,2.865579023,2.690183704,4.62246064,3.587984911,3.206330936
5040017040,35.25213107,19.22768087,10.04310333,17,11.77559276,8.307692308,3.659733011,2.46656174,2.241590513,3.661457281,2.934500603,2.535333538
5040017830,51.88663915,27.23759392,15.32126699,51,26.89623517,15.23940796,3.845541079,2.845529039,2.514116251,7.367378353,4.648172425,3.368683737
5040022500,32.74761299,15.7534408,10.65459329,23,13.84740677,10.10258303,3.659814464,2.841594275,2.570047187,4.673882603,3.429342203,2.906523654
5040031240,37.47626965,24.64609735,17.92161016,32,22.32698859,16.86343217,3.726452153,2.938929868,2.679523654,5.551398555,4.316348839,3.657416988
5040038940,12.1176778,12.53959505,12.29686426,11,10.31084975,9.756756757,2.81571627,2.394516062,2.107180312,3.222936542,2.815997579,2.591506312
5040041880,33.28905653,23.32854138,17.57794618,27,20.07686524,15.90977444,3.561091413,3.016376708,2.695065278,5.093051972,4.117199848,3.572154081
5040049720,67.32448356,40.34686668,28.73942781,77,42.59790351,29.81514597,4.204110277,3.051051796,2.702674758,10.19889811,6.250562596,4.872870897
5040055960,22.43032761,16.95026344,14.43004598,27,18.13375581,15.45472367,3.335048814,2.94085867,2.748482884,4.786973942,3.81701738,3.493565661
5040056460,22.68203681,14.80765403,11.29857026,26,15.71932599,11.83882205,3.311099705,2.906043785,2.703741094,4.696756013,3.566346098,3.11175
5040056470,17.54471786,11.30548325,9.124186857,19,11.65480226,9.344475029,3.298953311,2.859265583,2.671370266,3.996566658,3.11080761,2.800393303
5040056740,26.67502549,18.91569529,14.36355091,20,15.25005901,12.44827586,4.240029356,3.530215505,3.108730917,4.682598705,3.889607382,3.449308002
5040056750,18.60095523,15.08023214,13.37026713,19,15.40184527,13.71331828,4.196323895,3.416390152,3.008618053,4.790372863,4.00909739,3.642315567
5040057320,20.5683123,17.22797817,15.16723911,20,16.73537843,14.69708738,4.085294425,3.53362173,3.14688787,4.751210879,4.123584121,3.760587604
5040057330,28.64976344,13.40078891,10.50535062,16,11.34535663,9.634965035,4.306499279,2.937497097,2.646509446,4.108702641,3.164260408,2.881203778
5040057720,28.29437443,19.88558585,16.02305143,29,20.08096981,16.16283225,3.839368377,3.327816176,3.075534497,5.471525098,4.314733247,3.793249723
5040059440,25.24274039,15.43663143,11.6854934,19,13.29108429,10.71428571,4.271362988,3.713789194,3.492029855,4.671277753,3.849810057,3.492313875
5040059450,39.59988632,24.67575107,18.28273403,41,25.08141568,18.49971523,4.355310416,3.047202525,2.746433697,6.857075818,4.541027027,3.766146957
5040061660,14.55996133,11.84484882,9.575525893,13,10.42533217,8.64,2.897899853,2.782104754,2.661651195,3.371296705,3.017276194,2.773445274
5040061670,38.20269586,23.90103225,17.3640354,51,25.63938171,18.20689217,3.631574389,2.628506839,2.326376113,7.452186307,4.394403431,3.522773223
5040064130,22.10202125,17.01624626,12.65766539,21,15.9148691,12.03703704,3.738801939,2.917193898,2.640204936,4.545402578,3.634885708,3.112110053
5040064140,30.92809319,22.4286547,17.53576868,32,22.98869212,17.94055202,3.856187386,3.12017218,2.838503061,5.679129697,4.420961005,3.796275457
5040065600,25.55720306,16.31311285,10.94070457,19,13.44388323,9.870026525,3.195249879,2.793926476,2.569546448,3.867354794,3.206614341,2.785847039
5040067860,62.04538874,35.08988504,24.12286934,75,37.21645026,24.97977023,4.019862759,3.06142586,2.735650928,9.893853609,5.759622655,4.43586573
5040068450,60.18395148,32.30678507,20.40688019,54,30.48006914,19.88800596,4.025150597,3.252624996,2.946292763,7.863767609,5.171810303,4.0226326
5040068460,49.8699598,29.27966934,20.35834351,52,29.77461597,20.57555804,4.00044817,3.096831326,2.818913511,7.654561185,5.027682229,4.025638434
5040069590,50.97668596,27.80549835,18.65601981,55,28.50285076,18.91360959,4.067804216,3.282599219,3.031361296,8.001535041,4.981233243,3.938385334
5040069600,32.15268742,19.65277181,13.89894967,28,18.15042969,13.30076336,3.886515051,3.060737388,2.774851606,5.205680523,3.86617446,3.271834889
5040069960,47.00656179,26.01527477,17.26715067,45,25.48258216,17.08448118,4.128050269,3.234594752,2.992235706,7.030819277,4.662323844,3.746444283
5040069970,52.16293654,26.80445638,16.59185511,69,28.62012333,17.10798886,4.152390422,3.189020186,2.857256008,9.428475852,4.947837635,3.683700714
5040070700,46.37268887,25.72208073,17.99245561,53,26.59112487,18.33527554,4.287195664,3.210372219,2.942552126,8.052663697,4.755504262,3.842399519
5040070710,123.6197259,64.56827347,42.22034223,170,69.00656446,43.67101435,8.168107972,4.282586488,3.121559827,21.28311278,9.518478969,6.534573639
5040073410,10.92939905,7.808200694,6.764129629,11,7.825681048,6.77807309,3.012371645,2.668645714,2.507780304,3.198772547,2.724384887,2.539558986
5040073420,30.51543801,15.57712393,10.34196491,31,15.65195862,10.36635967,5.180485242,3.453520733,2.925816616,6.332883767,3.92707164,3.146753475
5040076530,14.71250865,7.594534118,5.587888765,11,6.98125266,5.379935966,3.12416329,2.422338684,2.172859609,2.915777835,2.379991349,2.141304297
5040076890,20.03763456,15.51824494,12.63813906,15,12.35833991,10.57232704,2.986943755,2.94779026,2.85109167,3.559308881,3.208936604,2.969388084
5040077640,14.25076109,7.816665814,5.926016303,18,8.188319946,6.077786609,2.853609572,2.091198596,1.788483443,3.695412905,2.41294625,2.049815166
5040082270,40.53010001,23.03521886,17.45548313,70,24.61452084,18.1596622,4.295236541,3.072919177,2.765086388,10.29363088,4.766934789,3.972847534
5040085040,45.75228371,29.27558636,23.11746658,72,31.45003182,24.36283303,4.641558419,2.927154787,2.521188275,10.5615922,5.321987505,4.409197921
5040087630,9.460020066,7.612633341,6.924302528,9,7.396576853,6.725490196,2.680954246,2.495757114,2.403514796,2.845062263,2.592563618,2.462923041
5040491370,9.197720245,5.760435696,4.693127399,10,5.878903956,4.75862069,2.35508984,2.079301491,1.961500547,2.687653666,2.198096656,2.027526286
5040491510,28.15352088,14.5396828,11.10308178,20,12.93802525,10.46712803,3.835758082,2.985789103,2.779897154,4.114323632,3.260869141,2.951957772
5040511570,36.15550541,21.57941208,16.66614961,33,20.98873506,16.38027094,3.741918343,3.129423986,2.849943111,5.66147386,4.193902422,3.634482701
5040524870,35.87141759,19.19788378,14.76761262,48,20.10574269,15.15268402,3.999428524,3.566907248,3.368037409,7.294747889,4.38783447,3.814683481
5040533380,19.93143748,13.02945816,8.999979265,15,10.66289367,8.067729084,3.448609626,3.12473766,2.802106881,3.621828342,3.050673914,2.691198875
5040533450,9.98065188,7.561172739,6.643134372,9,7.147876127,6.329512894,2.989634993,2.635815366,2.526501124,2.942794526,2.633711228,2.498768664
5040591010,9.074059431,6.818040576,6.132515555,9,6.802609478,6.118835893,2.836709972,2.679208938,2.592899182,3.026084789,2.728873782,2.61551074
5040591050,99.52864514,55.88182316,38.67831933,137,59.43710098,40.05207989,7.952217363,4.411261606,3.191480567,18.00761501,8.72414631,6.273718829
6040000010,57.55272716,43.60469429,33.68313798,42,33.5492588,27.81188119,6.542941062,5.060582209,4.293998403,8.203704196,6.645874589,5.746219972
6040000740,73.1125096,33.03152238,24.29432968,111,34.62976884,24.78523544,7.723405121,4.94891442,4.196325663,15.32945308,6.63216196,5.332786705
6040000750,76.75211559,44.24901486,36.02039948,85,45.0657894,36.47076013,9.633202085,6.07237707,4.881922505,14.08411493,8.571769381,7.106221659
6040005190,45.30995736,29.41910589,18.88056245,23,17.87519192,14.2972973,8.543050766,3.48018391,2.666988081,5.44139246,4.003819136,3.387392707
6040005490,49.60235587,11.55125975,9.266021138,54,11.63039044,9.279810639,4.462651033,2.569389453,2.374420517,8.238924687,3.066023483,2.72657439
6040005500,90.16511419,56.23140715,32.71044887,72,46.98752717,30.12731926,7.892597965,3.738771061,2.867533087,11.24798117,7.218981553,5.162272622
6040007010,65.70337925,39.27346898,29.8995254,52,35.7680662,28.26404677,7.448322864,5.025577347,4.223322629,9.317586367,6.849782415,5.747588956
6040007960,88.44458831,48.17136102,33.84675499,95,49.15820877,34.24857583,7.901502149,4.520496204,3.554701664,13.71355164,7.73712662,5.837136006
6040008320,89.76486857,62.32251282,49.34132294,88,61.66057863,48.89834107,8.253411322,5.130143762,3.895458875,13.28492303,9.324703132,7.519339254
6040009770,39.42292458,28.05462491,21.84612781,37,26.7983796,21.09454061,5.320808758,3.696435875,3.18457917,7.027948258,5.249377143,4.442622016
6040012800,22.35509269,17.09238759,13.4039011,19,14.60328031,11.95319149,3.648519682,2.483688422,1.939307065,4.425764791,3.344537349,2.789147125
6040013420,53.64762124,32.12857043,21.01724417,21,17.3992184,14.54545455,6.987626696,3.374851252,2.722378564,4.931991043,3.967420289,3.482221661
6040013430,68.21057209,36.28755001,23.33365482,43,29.29735105,21.08507089,8.366158275,3.747054629,2.852495463,7.915770595,5.379750273,4.209739334
6040013750,50.8511045,24.25513002,14.82337418,42,22.12936637,14.33556373,6.162531372,3.360398584,2.665099335,7.803105395,4.476391422,3.370438121
6040013760,58.48747317,28.59721178,19.13881933,82,30.01059699,19.543889,5.347779849,2.949078643,2.507301899,12.19620621,5.074314709,3.828746691
6040014330,83.34097706,48.42668791,37.10254303,66,44.21068172,35.1681592,7.683276116,4.583866927,3.555856238,10.51923824,7.294754994,5.977097104
6040015940,30.03336361,21.79620883,17.00936579,26,19.35065044,15.62327416,5.284303268,3.692660796,3.084421347,6.097862849,4.636490687,3.944646515
6040015950,39.36896938,21.965605,16.09893697,23,17.11305265,13.95412844,5.839331052,3.49526901,2.857374398,5.545107275,4.26986445,3.660109101
6040016720,18.35754875,14.5992406,12.71319577,18,14.45501165,12.5800317,3.911400939,2.910409227,2.562052912,4.712867438,3.767532762,3.367148278
6040016760,61.63136605,35.98993477,26.10345796,51,32.64212339,24.75495813,6.62810649,4.186625264,3.424248826,8.93146226,6.215197344,5.053876222
6040016970,25.73206071,21.73815045,19.55098824,25,21.04009454,18.85582255,4.177935607,3.855062884,3.590445233,5.518709223,4.90590159,4.536381506
6040016980,23.0723281,13.12211224,10.25060599,28,13.59957196,10.4758237,3.435535947,2.275721926,2.048543208,5.635887437,3.133479352,2.689952912
6040019090,22.69416424,11.20070561,6.876696794,12,7.962184417,6.016574586,6.431032872,3.206786369,2.490798495,3.990714799,2.935643713,2.498513615
6040025130,41.38942759,29.82220462,25.29232652,43,30.31744089,25.70197387,4.842388897,2.57447541,2.02402833,7.663089748,5.003957824,4.191854773
6040025140,42.88292559,28.84599831,23.16633355,40,27.85150286,22.56375839,5.093174902,2.601129077,2.01045023,7.341327161,4.761968881,3.87867832
6040025420,48.26138646,30.79572059,22.84241188,45,29.79086069,22.34916865,4.751988045,2.443144759,1.927488949,7.548276543,4.798297554,3.781473929
6040026140,16.12363167,7.601300544,5.980483354,16,7.592955395,5.977378504,3.050105661,2.225415727,2.089844182,3.801706871,2.554945538,2.319997403
6040026990,19.47791964,7.612421204,4.905655913,9,5.710590413,4.452173913,2.18408101,1.959073477,1.923604551,2.560143115,2.143748461,1.994639619
6040029280,14.55996133,12.01359981,10.02565831,13,10.57470677,9,3.223682229,2.173710016,1.798388327,3.361322392,2.65209674,2.320056254
6040032290,120.3630208,67.99857632,46.59114205,95,60.99606083,44.06716565,9.185300692,4.739574212,3.532078373,14.13113702,9.010330759,6.836900015
6040034810,26.03959307,16.81273327,13.75703932,35,17.64542094,14.24467266,2.562713383,2.182843128,2.003796249,5.200216885,3.395334663,2.984126479
6040040460,37.7145441,22.29262411,16.80867263,42,23.00696345,17.16684716,5.733065236,3.964850963,3.331717484,7.766881778,4.966531887,4.052142334
6040075390,38.34931387,31.34009871,27.00876616,37,30.19337074,26,5.547421715,3.626402576,2.810198569,7.239985561,5.526322221,4.673009012
6040075410,20.98136957,16.0368006,13.70841375,20,15.45256902,13.25256975,4.229246013,2.701091138,2.295314583,4.924989707,3.63259006,3.184031024
6040084750,55.48482282,34.50107665,23.96029434,33,24.77213683,19.79452055,4.83291445,2.709122944,2.274624042,5.966253755,4.375540613,3.68952849
6040102250,102.9779329,53.7133366,32.78014504,89,50.19068876,31.85696154,8.64878651,5.337150801,3.810549982,13.42280857,8.273594309,5.840543907
6040102330,30.74087281,33.80116207,34.12498937,23,21.68061105,20.54716981,4.741424377,4.296377831,3.872603201,5.454199616,4.987968545,4.662827732
6040239720,98.19653352,61.42385257,48.41129633,93,60.32093983,47.79017013,8.254239234,4.838581051,3.631584327,13.53297978,8.986544773,7.220390278
6040239820,43.08757218,29.09406514,20.63142046,31,22.75545562,17.81818182,4.938008159,4.090348116,3.584492383,6.477739919,5.189663575,4.453860179
6040262110,144.3518057,89.85107885,65.87953362,110,78.02836377,60.48913649,9.407737234,5.104252774,3.68603124,15.81005357,10.84408224,8.510747619
6040262220,74.57682068,61.34245398,48.5142778,65,52.71709838,42.8248366,6.775184606,4.631438781,3.727453506,10.01247952,8.087397427,6.770723806
6040280400,150.8542315,86.44237117,61.52803443,151,86.46823441,61.53975296,9.321250581,5.666069989,4.350687722,19.7815156,11.96302133,8.993259304
6040280410,168.2153232,92.78920295,61.18621694,168,92.74847323,61.17094906,10.84915791,5.613891715,4.202071539,21.85962149,12.57442757,8.895440684
6040285930,87.04477797,65.76942546,53.94169542,71,56.04254947,47.54397099,8.45022402,5.394376656,4.193273186,11.74540374,8.932743841,7.54300551
6040285990,119.9473496,58.06188367,35.77520178,120,58.06961225,35.77738081,7.522451388,3.611824842,2.833786024,15.85554268,8.124200031,5.602132924
6040345000,38.39712376,27.5353148,15.71481258,19,14.9546088,11.37777778,3.920860957,3.225133981,2.90676968,4.366369403,3.686660155,3.221437676
6040527670,29.95222045,19.32733988,16.10187354,26,18.32578087,15.50524109,4.434659069,3.354779011,2.949929573,5.602091055,4.214770461,3.71633484
6040527680,33.17314754,18.83084396,10.56314301,15,11.20553054,8.356521739,5.254768431,4.338300319,3.863872006,4.994285457,4.206273985,3.697854401
6040709820,61.76398689,55.3454204,41.85644781,24,21.89940141,19.69230769,7.514786775,5.044641599,3.616183078,6.080392175,5.149873184,4.47447532
6040752460,26.81750653,19.69090953,13.00565939,21,15.59646999,11.3580786,4.288287893,2.628870463,2.045815395,4.730177203,3.395140268,2.715716268
6040752470,50.38186361,35.54009697,28.39356818,56,37.16522222,29.56252431,6.07451334,4.071525352,3.149447878,9.047612014,6.376447831,5.208441363
6040814820,111.398452,54.29158989,36.47001684,118,55.09408727,36.73390686,9.393370734,5.068006605,4.012552458,16.60636423,8.821114522,6.539723294
6040814830,108.4448096,55.85510684,33.14558976,55,38.77029549,28.08205128,10.2965654,4.732260329,3.795183276,9.521187504,7.007883621,5.570329484
6040870370,59.51001175,28.11843895,20.76420872,33,23.11429444,18.76669484,5.660554134,3.739641202,3.060569851,6.807441509,4.978725944,4.215260593
6040870380,36.06756064,16.66883566,7.691067166,20,11.63159121,6.973190349,5.130784038,2.373790403,1.748651428,4.745372631,2.881594377,2.134342937
7040000010,54.67129074,32.70192669,23.57643258,68,34.71028677,24.51070214,3.945342652,2.384103325,2.102697659,9.268257345,5.127565115,4.020980195
7040005410,25.07728733,19.25331441,15.46887372,24,18.37194425,14.86714542,2.702289655,2.326559137,2.15887266,4.306385155,3.596295547,3.16647404
7040005420,35.66233186,22.57220402,16.7654311,38,23.26710548,17.14583158,3.3056922,2.332374257,2.110386127,5.84567066,4.044988955,3.349895517
7040006390,40.49577804,24.61181523,18.03198623,38,23.97738321,17.74365789,3.817196778,2.566813376,2.360518113,6.304153684,4.286515165,3.573157754
7040006400,31.31651708,14.86304593,11.04743557,39,15.30634969,11.19559815,3.128115248,2.016299393,1.863886375,6.220227991,3.095286219,2.617041865
7040007380,44.3119071,32.64726437,26.27925967,48,33.98822302,27.31742411,5.703032669,3.640650017,2.942689137,8.333502874,5.962614736,4.928311255
7040007390,47.92434003,27.27399043,21.99143773,44,26.82206897,21.76243822,5.219849752,2.483966773,2.20796587,7.17241101,4.461321872,3.842645839
7040007830,40.09277953,25.51014979,17.33006888,41,25.83107759,17.47868073,3.704751983,2.724361293,2.435535314,6.452342294,4.549527296,3.598908303
7040007840,30.20389877,21.33678184,17.2943414,33,22.07522577,17.82979575,3.450691924,2.487805723,2.290458227,5.87584803,4.054521455,3.538374167
7040008720,81.65641162,38.4153124,23.40755782,103,40.49910724,23.92661288,9.91805796,5.148638369,3.842500694,16.3082889,7.575451855,5.233250239
7040013170,29.77215712,19.68689838,15.81165617,28,19.19160351,15.5148289,4.141008493,3.249275798,2.931596452,5.770735996,4.343348044,3.78690635
7040013180,49.88717648,21.66183624,15.26781566,75,22.44722857,15.46320525,8.136259919,4.141135821,3.458110991,13.14813483,5.285556515,4.196653842
7040013550,108.5888063,53.51896066,33.3754565,138,56.45761938,34.18650433,11.51020073,6.633578487,5.28339183,20.28466104,10.00702631,7.18640113
7040013560,84.69585147,33.34508777,20.13105459,89,33.74784082,20.21495719,11.1249165,5.853122138,4.631956228,15.50827017,7.478910979,5.500656044
7040014040,111.8202208,53.63524575,33.81214272,97,51.29045921,33.20567046,11.90805672,7.733325544,6.029358563,16.29828462,10.07389431,7.474353908
7040014050,75.33614648,49.46585448,31.49863943,64,43.21843782,29.32180851,9.460724756,6.665503508,5.286288336,11.84225991,8.653802694,6.657299804
7040014200,109.4023381,64.09241836,46.38942299,120,66.05619496,47.31984282,11.82175905,7.71346561,6.335537148,18.62305026,11.4800276,8.987506162
7040014210,68.64339572,49.96800254,36.08729917,57,42.53794586,32.43859649,9.035515308,6.827975402,5.646091337,10.98400048,8.626612275,7.088335669
7040014250,84.84845579,34.44611709,22.24165851,112,35.87890837,22.56143834,10.3317507,4.939376589,3.857492029,17.20741614,7.035096631,5.141696487
7040014930,79.07411132,31.28492572,19.87799387,84,31.77096979,19.99068143,9.400739812,4.111144451,3.09614344,13.71830719,6.008248736,4.322230939
7040014940,87.51823803,37.26688569,22.50343331,106,38.66026478,22.80414374,9.934787142,5.010811693,3.975053015,16.41746513,7.306461383,5.234775396
7040016260,86.42552478,43.52509474,30.54711936,111,45.64181424,31.28829337,9.8344839,5.714559346,4.432447133,16.61483858,8.302720165,6.280646477
7040016270,37.91715654,16.01356329,10.30131251,49,16.66855798,10.4475292,6.772524058,3.546322505,2.993035055,10.07581125,4.340139366,3.382892496
7040019010,9.040422565,7.572480209,6.592045759,9,7.524446285,6.545454545,1.842401736,1.737371847,1.6689941,2.320236077,2.139308502,2.014987895
7040019200,52.24397969,22.15583269,9.168775157,23,13.45092318,8.095808383,9.243816032,3.705540287,2.600687261,5.97465089,3.849254081,2.880600673
7040020100,140.5472651,50.09492877,22.2827289,53,31.13488185,19.63298969,13.10694374,4.507235855,2.962489497,10.02733473,5.954112125,4.212216234
7040021740,61.21231839,41.32566553,30.38135438,46,33.60155902,26.69843528,10.32749304,6.764065131,5.63200697,10.0857834,7.661617828,6.496723325
7040024300,9.397664374,7.2047492,5.929600086,9,6.898681973,5.722772277,1.728970463,1.704694941,1.67873007,2.909329271,2.489475865,2.252072716
7040024580,65.56807791,41.86989555,30.49343107,66,41.97361717,30.5487784,9.134340243,6.878141019,5.926238106,12.39332106,8.859911828,7.202160473
7040024600,19.64206323,11.6930855,8.57818681,17,10.85154996,8.238312429,2.257276859,1.959694257,1.847053717,3.269501234,2.550127647,2.236594807
7040024830,15.41016978,9.004961988,5.220528693,15,8.748803674,5.157593123,2.495988666,2.099884586,1.88413037,3.245171444,2.488668085,2.043542497
7040033480,80.7323875,31.05911529,20.02186613,75,30.65854406,19.93574115,9.27418945,3.649138729,2.961207383,12.51043066,5.633173152,4.217914831
7040034520,90.45485019,50.14889389,35.58337675,93,50.67332734,35.81072991,10.11514614,5.331281241,3.808250535,15.12293833,8.646486752,6.353679597
7040034530,119.9824351,71.57675518,53.25882825,141,75.40231993,55.22056216,12.52145919,7.915450183,6.359613753,21.00134727,12.5208463,9.809772529
7040038340,106.5251761,43.29199428,25.59482381,149,45.72188898,26.06347501,11.68709134,4.139076629,2.992336135,21.80147767,7.362195145,4.800794872
7040039620,118.1482485,65.2196137,39.82910537,139,68.73663124,40.93299144,12.92967092,6.389861128,4.43646924,21.24598088,10.96778951,7.202704792
7040039630,93.17297755,37.82897735,22.44559517,93,37.81746031,22.44322364,11.29205638,4.612108049,3.328198423,15.62782698,6.954860304,4.739863652
7040039870,108.659896,54.87901301,34.56958545,125,56.58525471,35.06529296,11.89122948,5.934399449,4.300052723,19.48136689,9.595872844,6.604733086
7040039880,78.51991119,27.37143836,17.1438993,140,28.91404005,17.39568304,8.444267121,2.908533705,2.299116558,20.13933113,4.968942097,3.494244734
7040041050,119.9892724,66.68158658,45.23116018,141,69.64915063,46.36791325,11.82808225,6.60575867,4.941408092,20.87614602,11.2849093,8.128565683
7040041060,57.85214392,20.01152031,13.17538658,86,20.77103429,13.30711835,7.042271003,2.662886662,2.245409497,14.24183273,4.034916517,3.065804315
7040041400,110.2260649,52.48646995,33.23330365,132,54.84305984,33.89068283,11.3653702,5.570352712,4.068531394,19.74026392,9.255859038,6.358321733
7040041410,99.53905243,31.9133914,17.3776324,140,33.37879645,17.55344508,10.24805863,3.219597894,2.495808944,20.17542593,5.61360221,3.6565981
7040042040,108.8307528,36.18790252,19.51519475,139,37.57043213,19.69058769,11.653488,3.80234632,2.752571195,20.84306514,6.399774361,4.045104459
7040043090,95.73890833,34.87760721,20.48392705,101,35.32517838,20.56499162,10.5593424,3.397854047,2.53324681,16.29160543,5.89480884,3.954664157
7040043100,61.00997718,49.69572245,34.02101814,30,25.62904243,21.44660194,6.063663777,2.843704172,2.297109676,5.631274397,4.44636551,3.836806791
7040043160,115.6938214,47.03546152,25.56761042,119,47.40242418,25.63318641,12.10762226,4.275164414,3.024731447,18.72278083,7.633332384,4.802982109
7040043170,76.59103241,32.18195098,21.21312788,144,34.08092972,21.62562063,7.394433779,2.661478582,2.160138502,20.09828105,5.270795995,3.772792622
7040045890,107.4804149,53.12451097,34.73829284,115,53.935784,34.99133925,10.82229802,5.963880188,4.532398469,17.78892187,9.375064487,6.724435
7040045900,66.65867546,31.84325204,20.84719565,75,32.75638352,21.11748433,7.631841824,3.119710845,2.469101192,12.40277717,5.46212155,3.950129025
7040046590,120.1319413,57.00424606,35.19244525,141,58.95119175,35.69743136,12.27947865,5.27117151,3.811662952,20.98215784,9.367837118,6.293372735
7040046600,84.08961646,37.53283418,21.73240115,72,35.6024605,21.34766907,10.44243331,3.87589278,2.828268603,12.59541843,6.159012956,4.20242793
7040046750,89.22943266,29.01596484,15.22377935,83,28.57986283,15.1716797,9.341867351,3.286253587,2.47252885,13.62932871,5.171004869,3.400872159
7040047060,58.32104278,18.92625966,11.97104419,41,17.41004984,11.7173913,8.720535352,2.429890924,2.020941429,8.06765818,3.488031108,2.723462433
7040047070,67.17815925,33.02375507,19.00578906,75,34.31297783,19.31958385,7.828818432,3.792224035,2.843917128,12.59461084,6.09628841,4.068208426
7040047850,52.65704427,24.54967328,16.44155688,80,25.91171176,16.80232648,5.330691777,2.457824148,2.113451947,12.76662452,4.358922024,3.266994899
7040047860,18.44738252,12.09582682,9.32348725,19,12.19813171,9.382674704,2.324660301,2.049212132,1.941398758,3.572511579,2.76028994,2.429262005
7040047970,58.50048992,25.04395238,16.43022575,92,26.48001761,16.76217449,6.852292383,2.79165474,2.341506348,14.28865211,4.676396321,3.469073047
7040047980,35.02977213,19.04192066,13.94569449,54,20.13487434,14.3478917,3.443448181,2.132403636,1.940427525,8.449416088,3.62032278,2.951090217
7040048300,52.73519777,25.62841646,18.00686558,87,27.06228413,18.43551292,5.398461499,2.591680758,2.248535476,13.23072192,4.576745193,3.550913237
7040048310,70.26838567,19.13954566,12.40653289,25,15.2258809,11.51226158,9.733289107,2.568552384,2.080121464,5.472082383,3.296658269,2.729513309
7040048410,46.12942081,31.60409377,25.44749736,83,34.13161803,26.98397775,4.265350271,2.896633488,2.559922384,12.2531262,5.462077231,4.582920543
7040048420,69.34183471,37.03275228,26.67763341,104,39.29750609,27.53482622,6.382852254,2.865552581,2.418012361,15.30063593,5.924868441,4.54149747
7040049270,103.5859,44.3574372,28.34600335,157,46.69481609,28.87399365,8.596612142,3.210623587,2.586641942,21.04922299,6.854129564,4.797147169
7040049280,30.97714284,19.77579308,12.53155523,20,14.41333642,10.67111111,2.76912689,2.180089769,1.980132182,3.795884759,3.054529098,2.60546383
7040049990,80.98329849,30.58934385,18.64677707,44,26.0076912,17.62848752,6.403187642,2.77554008,2.374313476,7.131755963,4.536717782,3.555488823
7040050000,58.09668533,29.36264887,20.45040915,52,28.34472366,20.11523983,3.324733752,2.3693065,2.142896611,7.123491142,4.512680452,3.625107428
7040050640,43.7170617,30.96247089,22.38820543,41,29.23722729,21.51219512,3.484774535,2.476329353,2.155745873,6.157813932,4.652658002,3.771187303
7040050650,36.80412716,32.44932486,25.98685687,24,20.78306744,18,2.972632643,2.451271578,2.151967819,4.270313813,3.72756958,3.348125538
7040050920,61.12989277,35.91574851,25.17133774,50,32.35742067,23.81124498,4.500765928,2.396679431,2.064454462,7.37269018,4.935530566,3.952112038
7040050930,49.49824132,25.80331205,17.89093747,51,26.08234581,17.99671684,3.446324747,2.183512399,2.001380453,7.164854576,4.18791693,3.332632894
7040054660,51.28773656,34.02001507,25.67370598,58,35.6944811,26.66620995,3.603714368,2.396248267,2.092245567,8.047235492,5.209823274,4.205604269
7040054670,43.54869938,24.16173664,17.94416059,42,23.86930338,17.81688205,3.855698659,2.414665201,2.13148852,6.589292275,4.12948512,3.408194077
7040059990,47.42435072,32.60934245,24.79593522,53,34.17635977,25.78425267,8.53408928,6.413305196,5.51842048,10.86880486,7.780706205,6.484582486
7040064730,27.55883994,15.31698087,11.58170237,30,15.65132007,11.73480002,4.554711005,2.510183159,2.16640767,6.213746564,3.46497075,2.879359399
7040065760,68.38328673,47.07775034,37.06393415,80,50.11709623,39.13782624,7.838976284,4.601509589,3.432322328,12.59079128,8.118882791,6.429573554
7040070790,22.35412509,16.60689906,13.80129842,17,14.00830707,12.0420712,2.707961396,2.127995216,1.960332888,3.423019287,2.976344275,2.717082558
7040072800,21.67272481,16.44202928,13.82765914,28,17.82812504,15.01259685,2.428763442,2.047946307,1.902904403,4.47272647,3.346234173,3.005121179
7040073620,102.4892762,56.25220506,37.85055601,106,56.75004656,38.03860668,10.78428956,6.96818987,5.619282968,16.55214332,10.16660978,7.706670785
7040073630,102.0395975,61.8959149,44.33757585,99,61.24324966,44.03461538,11.53251902,7.905103047,6.209483165,16.19930811,11.01303163,8.537519212
7040073660,21.93941099,18.73430514,16.54228339,22,18.80418057,16.61980831,2.985315702,2.586940282,2.332961568,4.331333053,3.794848319,3.442548335
7040073690,71.76321234,27.01921587,17.45542582,61,26.20763024,17.29003922,9.049228316,3.900547953,3.095343914,10.88488948,5.428182418,4.094161673
7040073710,41.27746108,19.92710278,14.89298361,43,20.08305047,14.95254158,6.552253144,2.863265107,2.426358499,8.562228985,4.120135512,3.366423988
7040073720,83.27551819,32.72395219,18.00544312,87,33.01036379,18.05390456,10.9390486,6.006984159,4.78885213,15.07510219,7.408011411,5.355122775
7040073780,63.56159091,41.41739648,26.94817497,57,37.49731858,25.53324288,9.070733205,5.596958889,4.319084386,10.90936007,7.474904419,5.721553334
7040073830,84.48837543,38.21535944,21.73057922,60,32.92461479,20.66946941,9.354081081,5.713788531,4.564283715,10.93220949,7.066694256,5.404050593
7040073870,36.97805388,25.58139064,17.47702127,32,22.14950842,16.07961165,6.94776902,4.402938966,3.294446325,7.602016162,5.26821054,4.096329609
7040192420,77.16813687,27.19644316,18.31984129,50,24.96470556,17.83170235,9.878043909,5.585676498,4.626021036,10.28546131,6.280140048,5.086986964
7040192560,103.071833,52.20695956,33.28697633,127,54.67300913,34.01807246,11.52012122,6.1784469,4.644789493,19.25999995,9.60660554,6.745031874
7040194860,44.85269158,33.25808071,22.96177381,38,28.01316433,20.60808081,7.879132979,5.271379127,4.176399076,8.338021679,6.280269184,5.049493214
7040194980,15.30646879,8.177052257,5.864715843,16,8.267600123,5.898245614,2.890446041,2.049967329,1.915594675,3.746747643,2.457249269,2.14799224
7040282720,100.6210908,60.97641544,38.86171858,53,39.79738526,30.90128755,9.955356771,6.487686102,4.931330122,10.43221436,7.84392187,6.297178984
7040282770,62.51531548,41.68909714,28.21220849,45,32.37234413,24.45768566,10.30776726,6.078680738,4.33654524,9.846879662,6.972025013,5.474161956
7040374800,58.65350114,27.96621189,17.63982249,66,29.03588133,17.93967727,9.566621895,6.754365543,5.645573052,12.7024509,7.683489388,6.000346245
7040374950,114.1596981,44.74742696,26.39022399,137,46.6390091,26.7585425,12.30415742,4.576922712,3.099405192,20.78520018,7.730087953,4.975349396
7040379310,102.1663246,57.13985908,41.77502751,103,57.28987375,41.84441301,10.98285455,6.668653408,5.355342591,16.36132361,10.06550179,7.935295126
7040379430,103.8516869,59.1548299,43.78378459,136,62.47221603,45.28125429,10.62762859,6.429163916,5.110236514,19.64914768,10.38853042,8.072755854
7040388580,111.5428194,57.26177784,42.633829,75,50.34316716,39.83739837,10.63032298,6.320136385,4.988659855,12.62926654,8.859562849,7.243731748
7040388740,114.7998395,67.28222319,47.45104975,128,69.99190613,48.6821631,11.84589253,7.408530861,5.862313059,19.08355547,11.57657657,8.765142735
7040392520,120.3644409,60.71389284,38.22113132,130,61.79847475,38.54231645,13.04406102,6.249220018,4.366782312,20.08950078,10.18582213,6.921085804
7040392650,114.4027812,57.25342614,36.46356598,144,60.35088882,37.37808937,12.32384162,5.527297939,3.872035343,21.45520421,9.689940504,6.527490923
7040394680,95.23723986,43.46195852,26.49099613,113,45.17461637,26.90805734,10.70153844,5.442622978,4.180908614,17.37583264,8.193077713,5.753857857
7040394690,78.28807455,30.2549617,20.66200873,82,30.49358585,20.72223011,9.422088375,4.071466105,3.29461868,13.55855208,5.89530846,4.53060957
7040395190,101.8740901,63.47718209,47.80808529,113,65.43457444,48.86800748,10.96746526,7.278882715,5.724021599,17.44116902,11.15669828,8.799957025
7040395340,121.4129405,51.01883241,29.93076556,94,47.30115051,29.20437187,11.69666409,5.371438172,3.989877655,14.97013814,8.297344426,5.85427266
7040402320,71.41953836,31.73826308,19.92940489,92,32.98596812,20.21942426,8.607614453,3.069358412,2.400012331,14.87456231,5.44944411,3.819472273
7040402430,81.74210881,28.95731081,19.78895249,152,30.49358883,20.08137453,9.177549456,2.934736312,2.358490975,21.61329488,5.130307797,3.795324099
7040426310,60.89353637,22.33397593,12.93573901,42,20.02402561,12.55923179,7.859790334,2.752291907,2.165985271,8.05926488,3.963076642,2.920515928
7040426320,61.52590732,25.70436681,14.83778361,72,26.45004131,14.9789497,7.036032355,2.689354937,2.170839938,11.76586817,4.557004263,3.151900958
7040569640,140.5833907,64.34254388,40.54325121,200,68.18293697,41.50998413,13.44276923,6.301588381,4.460685229,27.31989581,10.86883521,7.321849249
7040569650,102.327901,49.95817289,34.25757301,155,53.0422402,35.21972769,11.71457682,4.924530122,3.492885514,22.47083927,8.598427008,6.052396496
7040585110,93.74225698,57.45160798,41.71053461,93,57.28130389,41.62535424,10.46187585,6.948386407,5.537381873,15.01268481,10.03841245,7.839821329
7040585120,116.915751,58.47451543,39.00823785,106,56.55424681,38.42027137,11.92947929,6.748013813,5.324811437,16.54073265,9.870481325,7.473346291
7040607990,87.88201532,57.29160421,29.34053847,54,38.05796857,24.59281437,9.337413967,7.059990698,5.611103844,10.60860014,7.933395378,6.081390876
7040608130,73.3855776,48.81401094,34.208819,67,45.34466735,32.67844523,9.851040407,6.441669596,5.029660366,12.2164517,8.612289239,6.77149472
7040612640,116.7244981,39.89054383,23.23095476,180,42.16775471,23.57377072,11.78701543,3.923026796,2.779929713,24.89493337,6.924722116,4.453755213
7040612840,105.9366007,45.92628941,28.34533092,95,44.35639205,27.99591002,12.21401523,5.199741107,3.65754549,16.08799919,7.969432364,5.50512187
7040632220,39.67440262,19.76807957,14.17959028,37,19.31572659,14.02368627,5.791400289,3.144254527,2.533161237,7.535388386,4.278506454,3.387649383
7040686450,108.2728635,27.9634451,14.45597377,214,29.43621932,14.56746442,12.10266818,5.648476047,4.367708026,28.33127775,6.936675215,4.830743177
7040686540,94.44648672,54.01767761,37.75571398,112,56.62031733,38.84837223,11.24896194,6.512886585,5.047282836,17.78835052,10.00904022,7.490232116
7040707710,56.82336442,23.35484526,15.43910308,72,24.14575826,15.62338855,7.603559422,3.189244261,2.592830629,12.26016107,4.75621446,3.568868328
7040707810,75.49894381,36.62033855,24.55835041,108,38.63730986,25.15189672,8.359803491,3.629260746,2.883415938,16.20206254,6.399062336,4.663620847
7040741760,80.53532513,38.10922929,24.35536913,123,40.28497305,24.90299462,8.536041572,3.220224713,2.598852197,18.46890358,6.260122443,4.40995781
7040741770,86.67188366,36.94710843,25.41083776,56,32.9916563,24.28166016,9.020030639,4.579013715,3.501449552,10.53591124,6.456210048,4.993866502
8040000810,31.03780558,19.70586348,12.85485397,27,17.43343421,12.08496732,5.278041211,3.350833424,2.572581788,6.115547934,4.136517508,3.214395065
8040000820,55.02055418,36.62338265,28.67821774,56,36.87506229,28.84055459,9.345366196,5.990341974,4.539924041,11.34861149,7.757598504,6.181592108
8040002260,49.92701675,37.51993027,30.71545519,45,34.72796407,28.81776417,9.129212441,6.534627679,4.866984352,10.12998298,7.850116164,6.415475951
8040002270,118.0245787,21.63503847,10.29934133,37,16.42405087,9.839751553,9.649001098,4.39649183,3.288928971,8.338391041,4.755533635,3.560833274
8040007180,15.28629941,8.979240632,6.121214023,10,6.96985129,5.425806452,4.514252198,3.369896553,2.942241834,3.732069713,3.084191547,2.772191827
8040007190,25.40760257,10.53001781,7.612995456,18,9.675374744,7.381075269,6.075133815,3.612346913,3.085274587,5.24976046,3.569879248,3.058260138
8040008390,39.14301662,20.646338,14.45718782,37,20.27624597,14.32487527,6.354679067,4.619198689,3.995242297,7.880276121,5.34799807,4.426624103
8040009560,31.93133041,26.49652546,23.50773354,23,20.0719315,18.23255814,8.482184771,5.622698978,4.492216242,6.671965757,5.504515149,4.867780518
8040141480,31.29582284,24.10150299,19.90101906,25,20.20355567,17.28571429,4.734729868,4.407527382,4.073620198,5.757185482,5.062061406,4.606878887
8040176200,127.8966429,43.67980493,28.49121122,82,39.353559,27.61587045,11.88673631,5.354720793,4.244736534,13.40408467,7.478374583,5.840327652
8040183760,29.76093267,15.67088463,10.45856817,16,11.37759912,8.966101695,4.271312346,3.401680604,2.78983563,4.51670973,3.582420386,3.043739153
8040219290,25.01923969,15.95251712,11.16340533,22,14.48286647,10.58218126,5.418466281,3.456785673,2.7058169,5.742323592,3.972315723,3.175399576
8040252760,40.20422484,21.40071226,13.91964388,30,18.04176421,12.94470046,7.109702655,3.989025329,3.184396413,6.827483444,4.556697055,3.673597365
8040307300,113.7865876,60.0732501,40.52084929,69,47.88585383,36.12286689,13.56431911,8.454826123,6.952343686,13.37784615,9.888236619,8.082468556
