HYBAS_ID,TDq0,TDq1,SR,SH,FDq0,FDq1,FRic,Taxonomic.Observed,Proportion
1040008480,32.70766325,19.39885286,33,2.968456108,3.416780395,2.73231479,7.30896916,19.4618494,1.003247436
1040009450,63.11466828,37.94969751,44,3.424661161,3.817474536,3.078794947,7.673388108,30.71223657,0.809288047
1040011660,18.1562318,10.42423552,13,2.21896183,3.280176298,2.732015979,5.384942694,9.197777047,0.882345476
1040011670,41.76311806,26.31385165,38,3.21121569,3.614357038,2.983862598,7.30896916,24.80922824,0.9428201
1040012680,41.12292186,24.44349541,48,3.255229847,3.740943995,3.193585095,7.30896916,25.92557277,1.060632791
1040012690,25.2935038,13.97433349,26,2.653161069,3.306789085,2.745803257,6.875693344,14.19885132,1.016066443
1040012810,41.13410901,26.96394978,44,3.332969175,3.783069612,3.34069067,7.30896916,28.0214188,1.039217882
1040012820,41.89168125,27.37572283,54,3.387027276,3.677216977,3.015861991,7.30896916,29.57789452,1.080442504
1040014500,22.33636533,15.33576266,28,2.79173357,3.255279287,2.536932539,13.7985666,16.30926856,1.063479458
1040014920,21.4402988,14.83102317,19,2.631479877,3.40595783,2.697777948,6.081801707,13.89431657,0.936841404
1040014930,32.17470195,19.56595476,35,2.995164914,4.091601576,3.051267805,13.14283812,19.98865602,1.021603917
1040015030,34.89102593,15.3549142,40,2.767565802,5.182938683,3.05724275,18.54345315,15.91983477,1.036790865
1040015860,23.18540384,14.40765868,27,2.728861411,3.165145537,2.760583767,5.384942694,15.31543909,1.063006796
1040018120,26.46073698,19.80785037,27,3.000233305,3.486753652,3.044900051,6.875693344,20.09022352,1.014255618
1040019430,29.89370023,21.16728893,24,2.919938235,3.001259894,2.504987126,5.544221668,18.54014229,0.875886484
1040020570,48.50729331,31.16693181,63,3.501413886,4.077851761,3.083540071,15.40965908,33.16230654,1.064022174
1040020580,37.29846069,30.49352711,30,3.200966636,3.767455372,2.886811278,6.575471708,24.55625568,0.805294041
1040022430,73.76807253,49.4146207,95,3.964405207,9.120756839,6.262645059,23.415425,52.68892108,1.066261773
1040023310,42.54226794,27.80197504,41,3.287473121,3.710857692,2.742318669,7.30896916,26.7751206,0.963065414
1040024080,55.32596055,34.48580415,67,3.597886404,3.935254858,2.886484289,15.40965908,36.52096226,1.059014373
1040026800,22.02954186,15.10028283,21,2.684014699,2.791306013,2.46652723,4.833788396,14.64376575,0.969767647
1040028960,19.60845766,11.08766123,17,2.322605388,4.311635183,2.872767783,15.16692098,10.20222045,0.92014179
1040028970,42.77987484,24.87130605,44,3.220885432,6.645019761,3.63061938,22.3687113,25.05029068,1.007196431
1040029430,37.56504869,23.51396833,34,3.095157525,6.361895642,3.757865615,20.15006836,22.09071809,0.939472138
1040029700,31.28346926,23.20275175,28,3.053310556,5.718093172,3.487948382,19.09241863,21.1853638,0.913053935
1040029710,14.58370508,12.06572907,11,2.200663189,2.899725759,2.807286583,11.4139996,9.03100077,0.748483637
1040029810,76.01103123,34.4703333,72,3.52581199,10.45935878,5.088920488,24.6086684,33.98135493,0.985814516
1040034260,11.22351396,8.443366355,13,2.197282603,2.707110883,2.538729862,4.530242425,9.000522247,1.065987412
1040034270,12.29414691,7.298911954,10,1.92471941,2.458606175,2.109238182,3.994025192,6.853225448,0.938937953
1040034610,7.102751358,5.615658996,14,1.806231728,2.374812864,2.169046386,7.90983101,6.087464933,1.08401613
1040034900,11.59222747,9.520629952,13,2.347585666,2.548175455,2.33631073,2.055931481,10.4602846,1.098696688
1040035590,14.07502282,10.81063407,12,2.242691043,3.272135148,2.625132426,10.55505437,9.418643186,0.871238739
1040036860,14.79708172,8.710290029,13,2.088447904,4.229928397,3.392810116,11.30995185,8.072376332,0.926763208
1040036870,64.30244983,19.95831138,50,2.944057364,6.402634809,4.014792599,19.29098538,18.9927507,0.951621124
1040040050,18.43281089,11.29264646,13,2.279567543,3.122565144,2.569764469,4.427301007,9.772453332,0.865382032
1040040200,16.88085646,12.52805859,14,2.395095659,2.26711752,2.224688347,2.055931481,10.96924732,0.875574395
1040040240,21.52769012,15.41846954,23,2.771403574,3.055719494,2.605416692,5.384942694,15.98104887,1.036487365
1040040320,62.10472696,20.12351528,19,2.584221201,3.623036311,2.97195535,5.384942694,13.25296367,0.658580943
1040040340,9.949402841,8.292020881,10,2.120790987,2.303900843,2.097817631,1.651077252,8.337729917,1.005512412
1040040520,53.05883881,17.56595079,21,2.595304909,5.648247715,2.828454023,15.77313064,13.40067273,0.762877734
1040041020,36.49408534,20.44623157,19,2.666010745,2.678645648,2.408641939,4.530242425,14.38247922,0.703429342
1040601190,32.25658418,14.35943011,17,2.490117407,3.150937492,2.548076832,4.833788396,12.06269229,0.840053693
1040601200,37.54793205,17.12428065,22,2.688908991,3.258944191,2.61776923,4.530242425,14.71561229,0.859341924
1040837890,62.57314008,21.89160108,77,3.123617047,5.971914274,4.524855465,20.99205543,22.72844099,1.038226529
1040873640,36.90695613,22.57440702,35,3.094212372,3.761742215,2.899345173,7.30896916,22.06984887,0.977649107
1040909890,91.16618004,59.13089456,93,4.087085492,9.966696943,6.288839064,24.36230352,59.56603281,1.007358898
1041156960,68.23599069,41.05024316,61,3.665008696,4.084969016,3.021178803,15.40965908,39.05647579,0.951431046
1041174950,48.86853124,28.61933275,22,2.881439146,5.283181646,3.234528665,15.36684042,17.83992899,0.623352373
1041259940,52.67418392,25.39526329,55,3.245431944,3.987850562,2.733885178,15.40965908,25.67279688,1.010928557
1041259950,24.98855566,20.18457932,24,2.972775804,3.139613915,2.735583692,5.384942694,19.5461005,0.96836799
1041431480,32.17860662,19.27639324,28,2.8675472,3.586178821,2.688824188,7.30896916,17.59381113,0.912712815
1041431680,29.01029872,21.39121029,30,3.084335057,3.177763288,2.808550081,6.338113305,21.85293106,1.021584602
1041438780,36.44909835,19.74574497,30,2.875913394,3.372999224,2.755649756,5.384942694,17.74162181,0.898503543
1041438860,34.16941897,23.66891572,37,3.192342122,3.482255682,2.794607894,7.30896916,24.34538057,1.028580306
1041472390,28.36686866,19.65681459,27,2.931568029,3.36273761,2.722230991,6.77138912,18.75701899,0.95422475
1041472430,42.29552762,23.89858194,36,3.114488966,3.881899219,3.136356575,7.30896916,22.52191794,0.942395578
1041473880,40.57082625,28.79429884,41,3.364483975,3.528255158,3.029395934,6.875693344,28.91857074,1.004315851
1041473950,34.68511466,26.17137616,39,3.320930401,3.353290019,2.782050428,7.30896916,27.68609774,1.057877032
1041477980,30.70064179,23.89817998,33,3.22582063,3.529269519,3.041932237,7.30896916,25.1742244,1.053395046
1041478080,20.92288984,13.37179701,21,2.595193568,2.969397823,2.50984091,4.530242425,13.39918076,1.002047873
1041515680,37.76699536,25.51395931,50,3.303264599,3.870199158,2.870615006,20.50674509,27.20129544,1.066133841
1041515780,33.03395369,19.72021878,25,2.914946185,4.773144796,2.714091628,14.87044075,18.4478196,0.935477431
1041533130,23.67083964,16.33869893,20,2.703880704,3.373348686,2.569566724,5.384942694,14.93758775,0.914245854
1041548760,33.44856877,22.44098793,39,3.180847282,3.663297125,3.024987523,7.30896916,24.06713656,1.072463326
1041576090,41.62405912,25.25402761,46,3.279355288,3.694399579,3.083303803,7.30896916,26.5586445,1.051659755
1041576130,41.32531492,23.28520683,51,3.196685664,3.711831696,3.131043982,7.30896916,24.45135573,1.050081106
1041620200,13.65245895,11.05296688,16,2.464647517,2.774280233,2.536782399,4.848725461,11.75933646,1.06390769
1041620260,18.85896061,12.60222103,13,2.34738851,2.896136795,2.562754121,3.994025192,10.45822248,0.829871374
1041624310,14.88861097,10.93279088,15,2.396117233,2.95110862,2.570556684,4.848725461,10.98045894,1.0043601
1041629370,29.60217617,18.21768023,31,2.917255398,3.506641727,2.808539908,6.875693344,18.49046877,1.014973835
1041629430,21.41500591,14.53800155,22,2.688278234,3.39654508,2.724810561,6.081801707,14.70633325,1.011578737
2040000010,59.74069386,25.41202361,100,3.285362383,7.886390394,3.209666911,24.6086684,26.71866496,1.051418233
2040003550,78.67267443,39.40719277,59,3.597693866,9.785954669,5.389567376,23.82593347,36.51393126,0.92658037
2040003560,70.78106993,44.45810211,74,3.812182622,9.641088825,5.503286629,22.36766901,45.24909284,1.017791824
2040004130,54.72433433,29.40327551,51,3.358759751,8.126459672,3.892670476,22.36766901,28.75350724,0.977901501
2040004140,15.16129859,11.90496857,16,2.533760545,2.603091078,2.140412338,4.68523037,12.60080304,1.05844908
2040004280,39.9184576,16.93515268,37,2.814161702,6.359351218,2.573606929,20.93918059,16.67918779,0.984885587
2040004290,60.77833439,22.39552728,61,3.109575238,8.796624898,3.56095606,21.29756823,22.41152282,1.000714229
2040005120,66.30058527,27.10188986,62,3.285203379,10.05359404,4.142304895,21.3724564,26.71441691,0.985703102
2040005130,66.33218546,20.83112038,27,2.835871353,7.488229113,2.804548564,18.30943974,17.04524625,0.818258737
2040005690,36.15146954,19.82289797,38,3.000945701,5.893348968,2.924638885,17.98089791,20.10454082,1.014207956
2040006600,35.43408894,17.9823043,38,2.902671502,5.946362367,2.931141717,15.4248709,18.22276254,1.013371937
2040007930,44.8506371,31.47744943,45,3.451438145,7.598607325,4.968769376,16.6270868,31.54572703,1.002169096
2040007940,29.23353247,15.26026985,37,2.753597496,5.515016759,2.424137613,22.39744505,15.69900753,1.028750322
2040008490,66.99926687,31.6746433,68,3.459813697,9.80097576,4.366948237,23.39265765,31.81104947,1.004306479
2040008500,39.97575784,22.88523606,65,3.189861515,6.255408377,3.366272843,23.02034304,24.2850641,1.061167297
2040009230,90.59746211,50.36265136,129,3.985358123,11.49291929,5.917142436,23.96047638,53.8045547,1.068342378
2040012730,110.5072403,61.22012112,151,4.178941907,13.17497563,7.930050639,25.17648713,65.29672663,1.066589308
2040014550,82.05995767,42.06988689,113,3.803136841,12.13142812,7.410702198,26.01769044,44.84162518,1.065884139
2040016230,121.1190658,55.12981029,205,4.07265324,13.48233226,6.167634091,26.4839527,58.71253455,1.064987059
2040018240,46.32878502,32.0928492,47,3.477761554,8.194303592,5.229123943,22.83176315,32.38714399,1.009170105
2040018360,68.61100825,33.36406662,81,3.551589763,10.30627169,5.574667058,23.82697576,34.86870643,1.045097614
2040018370,25.30980968,10.70993628,29,2.391179634,4.887984741,2.594761767,16.17838945,10.92637547,1.020209195
2040018460,52.72969901,24.22062698,43,3.114214091,8.083191771,3.301376059,22.39744505,22.51572808,0.92960963
2040018470,46.84680618,21.51471578,50,3.086220632,6.953236802,3.081040863,21.93439319,21.89417526,1.017637206
2040018840,97.66167624,53.59513674,95,3.973190331,11.31433761,5.714338409,23.39265765,53.15383895,0.991766085
2040018850,81.58734189,56.45719273,89,4.079338818,11.08621617,7.777398069,24.8016797,59.10637683,1.046923766
2040019150,73.8236909,31.5873086,126,3.495111447,10.03493193,3.590788644,26.01769044,32.95396037,1.04326585
2040019160,108.4814731,60.08800513,135,4.144791567,12.80786658,7.610226847,26.01769044,63.10446748,1.05020074
2040020320,111.7602611,58.96036017,182,4.143903345,13.27485481,6.67059294,26.45096626,63.04844156,1.069336099
2040021030,101.2914596,48.43344973,182,3.948491159,12.65449293,5.605276137,26.45096626,51.85706372,1.070686974
2040021040,94.8146874,57.2778935,136,4.120207463,12.17660956,7.128082824,26.45096626,61.57201483,1.074969959
2040022150,85.77103439,28.71679619,167,3.409575137,11.12713182,3.598759611,26.45096626,30.25238842,1.053473661
2040022160,82.92573758,31.86039137,167,3.515837343,10.83145106,4.190441858,25.04194421,33.64408777,1.055984761
2040023010,108.0569666,44.0898996,196,3.849412737,13.04737906,5.501538053,26.4839527,46.96547403,1.065220707
2040023020,71.98874325,30.80369486,159,3.484722006,10.346983,4.403835277,26.45096626,32.61335954,1.058748299
2040024170,115.9655931,60.72560512,160,4.175355761,13.56822724,7.686677255,26.45096626,65.06298239,1.071425839
2040024180,23.77354744,11.47005377,31,2.468420815,3.92615245,2.306696144,13.81431089,11.80379176,1.029096462
2040024230,75.02563349,41.48960019,124,3.795100404,11.18083423,6.392798634,25.04194421,44.48270243,1.072141024
2040026060,109.2309669,64.36435034,132,4.218228404,13.27570902,8.260777321,26.45096626,67.91306313,1.055134757
2040026070,16.87098096,13.18236755,16,2.517981615,2.990496113,2.515588235,6.850329744,12.40353627,0.94091871
2040026550,92.07426116,56.5855157,111,4.098088189,12.54547458,8.571164081,23.82593347,60.22503859,1.064318984
2040026560,55.9119656,35.33206195,55,3.553265381,8.463521123,5.417768377,18.13181636,34.92718202,0.988540722
2040026920,61.13360072,29.81762036,91,3.454418784,8.815874922,3.584987364,22.83072087,31.63989371,1.061113976
2040026930,52.68450727,25.44395434,73,3.287679144,8.050125328,3.229956348,22.83072087,26.78063746,1.052534409
2040027320,61.86450511,26.95980777,61,3.289841296,8.696308651,3.55472557,18.13181636,26.83860392,0.995504276
2040027330,95.00853127,47.21918392,128,3.920747377,12.01979143,5.862620394,24.04673161,50.43812697,1.068170239
2040028310,78.97583454,30.51478797,107,3.467586617,10.09531499,3.855938032,24.04673161,32.05927769,1.050614466
2040028320,59.03565769,33.38241958,82,3.57462558,8.554295096,4.062416352,24.04673161,35.68125853,1.068863761
2040028660,72.68839408,29.05354989,101,3.42311962,9.866852176,3.879908155,24.04673161,30.66492888,1.055462379
2040028670,86.02029566,40.83512194,118,3.773153093,10.78665934,5.082530467,24.04673161,43.51706207,1.06567729
2040029940,84.11192829,49.42547287,98,3.950546134,11.58016204,8.364117749,22.84594173,51.96373824,1.051355409
2040029950,84.76142105,50.48244484,92,3.950490702,11.98465427,8.156711294,23.84115434,51.96085788,1.029285686
2040030060,81.03183676,43.61058663,95,3.829546113,11.23426423,7.871160113,21.30064101,46.04163577,1.055744472
2040030100,94.18339479,56.61257882,119,4.098964868,12.75294092,9.417915139,24.8845273,60.27785974,1.064743225
2040030110,92.47866371,59.84530257,133,4.169202172,13.28466465,10.02931896,25.04194421,64.66384087,1.080516567
2040031060,77.8295536,45.58254957,106,3.886245875,12.41054514,8.209265775,23.84115434,48.72761318,1.068997097
2040031070,93.81576547,57.42757657,133,4.124954735,13.28259832,9.478924258,25.04194421,61.86500887,1.07727006
2040031490,94.21283791,58.48196122,129,4.141367976,13.23543036,9.54121037,25.04194421,62.88879301,1.075353694
2040031500,88.1656875,56.47517069,134,4.107214893,12.39893572,8.161956267,25.04194421,60.7772106,1.076175775
2040033320,85.05882222,54.56664863,128,4.070463858,12.34773902,9.237820398,25.04194421,58.58413103,1.073625236
2040033330,80.74771934,54.86634878,106,4.075619963,12.10732937,9.019044748,25.04194421,58.88697704,1.073280405
2040033480,90.65319928,55.51781865,136,4.09095525,12.55967649,9.02949907,25.04194421,59.7969855,1.077077359
2040037990,75.50973883,45.14739611,96,3.873911694,11.98768423,8.406468155,21.57963279,48.13028928,1.066070104
2040039390,77.39342599,45.59217033,78,3.822745305,11.70782295,8.38217963,18.87262204,45.72957779,1.003013839
2040039400,45.37966797,32.77677271,43,3.460500803,8.34334287,6.600682855,17.77109632,31.83291454,0.971203444
2040039590,36.77044139,17.47933691,35,2.847597476,7.187478747,5.20581174,14.57162917,17.24629738,0.986667713
2040041120,76.97574487,49.11815554,89,3.951933491,11.47840012,8.758832949,21.55811559,52.03588054,1.059402169
2040041840,33.66668124,27.05347749,20,2.833285926,9.413207978,8.176147728,18.18282819,17.00123394,0.628430631
2040045150,49.40670493,29.60913594,71,3.452702742,7.273735347,3.952368431,21.93439319,31.58564491,1.066753348
2040046500,70.68925456,41.53491754,77,3.754842305,11.37724924,7.420164563,24.6086684,42.72748136,1.028712319
2040047500,79.08656028,46.95774633,107,3.914961732,10.96324129,6.148542053,24.6086684,50.14715245,1.067920766
2040048590,23.22023872,9.487561409,21,2.228209206,4.395503962,2.416520682,11.55453911,9.283226838,0.978462899
2040048790,87.49546742,38.24451153,144,3.707238019,11.96008157,5.907249821,25.04194421,40.74112477,1.065280301
2040054200,59.41410795,29.54164421,99,3.445742418,9.82369645,4.944994417,24.04673161,31.36656192,1.061774412
2040056770,45.25452517,26.59966203,60,3.341228647,7.063211278,3.796896229,17.08829159,28.25381935,1.062187156
2040059370,28.99049701,18.94296034,33,2.980571897,7.949670118,6.349454997,20.16310873,19.69907928,1.039915563
2040065840,33.64733894,14.8447029,16,2.348404632,4.528948056,2.77062969,7.90983101,10.46885472,0.705224941
2040065960,18.78397977,15.35262143,17,2.638365517,3.350348079,2.682932076,8.444875147,13.99031798,0.911265743
2040066030,57.48190147,16.21212989,22,2.599450147,6.384940438,2.575837741,9.544681802,13.45633699,0.830016603
2040067740,35.84587784,31.80195832,23,2.990421484,6.874810114,4.660858665,12.98396778,19.89406575,0.625561029
2040068680,46.21186535,30.75271675,32,3.182462846,8.432702582,5.983708972,15.47120206,24.10605,0.783867331
2040068720,29.55469886,21.31318696,28,3.022399244,5.802339933,4.162103533,14.86670515,20.54051431,0.963746734
2040069150,47.56416421,29.94450255,47,3.388956449,8.07843689,5.07063922,23.39265765,29.63501049,0.989664478
2040069160,24.02267317,16.73332997,25,2.830278741,3.406627182,2.518262241,11.98404931,16.95018489,1.01295946
2040070050,38.12015165,20.32026289,54,3.056241456,6.097729184,2.894343985,22.36766901,21.24754706,1.045633473
2040070060,28.03436224,17.60022177,26,2.829625441,4.146302142,2.766273188,16.39930694,16.93911493,0.962437585
2040070510,21.22727189,15.94570595,20,2.706208755,5.110641804,4.31598895,17.87616392,14.97240373,0.938961484
2040070520,60.76615791,30.72382339,55,3.382646226,8.681184315,4.241760752,23.39265765,29.44859575,0.958493849
2040071700,18.13617333,11.88868451,19,2.492319802,3.024611326,2.545763885,5.384942694,12.08928837,1.016873512
2040072590,16.28155001,9.021052771,16,2.191201963,2.530171468,2.17928411,4.848725461,8.945959363,0.99167576
2040072920,18.32158409,14.24911351,15,2.481552445,4.300362354,2.619327485,8.253343888,11.95981697,0.839337617
2040072930,24.06090539,13.17415896,22,2.552225703,2.923538155,2.315470093,4.848725461,12.83564034,0.974304347
2040073580,8.649254323,6.458342317,9,1.916355385,2.427136498,2.056162346,4.848725461,6.796143951,1.052304696
2040075170,16.72114407,11.5503118,19,2.525937563,3.226378165,2.793006841,5.384942694,12.50261175,1.082447986
2040077470,11.13536946,7.297219956,13,2.022646616,2.755018385,2.460582057,4.848725461,7.558302409,1.035778345
2040077580,18.74531396,14.64188048,23,2.773372113,3.06332466,2.64268145,5.384942694,16.01253916,1.093612202
2040079320,14.88312535,10.17681389,16,2.365005648,2.992058947,2.519910819,3.994025192,10.64409893,1.045916635
2040081260,13.26852676,8.797436719,13,2.169334185,2.829864253,2.530624472,3.994025192,8.752454587,0.994886905
2040084130,14.97320524,9.016142424,13,2.169138233,3.763291867,2.548634402,9.841054091,8.750739692,0.970563605
2040085500,19.89134491,14.12247407,17,2.547664371,2.479744895,2.239065286,4.848725461,12.77722605,0.904744167
2040085590,37.11793551,20.11705632,33,2.938076823,5.716258132,2.95379063,15.95117774,18.87950275,0.938482373
2040085620,15.21207023,11.45715196,14,2.379683323,2.648304366,2.218173015,2.505777521,10.80148174,0.942771972
2040085630,13.15421383,9.273523887,13,2.215864209,2.529205661,2.248244004,2.91063175,9.169329909,0.98876436
2040085670,13.80028177,9.362300375,14,2.248431888,2.352073589,2.184115355,2.068826381,9.472869662,1.011810056
2040085690,34.91637083,16.76428471,22,2.570849554,3.121632406,2.415622151,6.467756053,13.07692928,0.780046958
2040085700,13.56841823,12.74873626,13,2.474765989,3.536025404,2.999010445,6.641977193,11.87892699,0.931772902
2040085710,11.89922028,6.948618804,10,1.893975042,2.720318024,2.184372525,3.994025192,6.645733316,0.956410692
2040085720,38.58061229,16.87023618,48,2.853067876,5.905016902,2.938951495,23.39265765,17.34090004,1.027899068
2040085730,22.05808827,15.06084069,15,2.394700406,4.542317854,2.690805618,12.53569767,10.96491254,0.728041201
2040085930,25.72015806,17.16890582,22,2.759510105,5.594295177,2.845456661,11.26224261,15.79210458,0.919808446
2040085960,56.52661901,23.7918525,48,3.130456251,8.342122902,3.424544682,23.39265765,22.88441821,0.961859452
2040085990,37.55726153,13.56269754,23,2.481986149,6.025210415,2.771604495,17.87616392,11.96500512,0.88219951
2040288980,31.19271207,19.58523693,23,2.804918632,5.725356249,2.776233645,8.476080559,16.52573119,0.843785104
2040289120,18.11437979,11.27417654,19,2.442017422,2.345399032,1.92283358,2.939053337,11.49621007,1.019693992
2040292580,10.33009342,9.24932717,10,2.16453556,2.480509367,2.325364755,2.505777521,8.710555444,0.941750171
2040292690,32.06910585,23.85348179,17,2.648731597,4.46230316,2.880628816,4.984673992,14.13609701,0.592621955
2040309560,13.78006427,10.05025639,14,2.327767998,2.5131188,2.148882502,4.263805916,10.25502673,1.020374638
2040309610,62.88709839,23.37835265,43,2.995742539,10.00969135,3.600341939,20.15318187,20.00020532,0.855501053
2040315940,64.49391999,35.00297633,62,3.533472468,9.38257766,4.540074897,22.83072087,34.24266796,0.978278751
2040363700,15.50074965,14.23537619,14,2.483974003,3.456887159,2.944787064,5.164303709,11.98881345,0.842184519
2040400100,36.39096545,27.60716399,32,3.186995577,5.904039002,3.821163954,12.75075114,24.21556424,0.877147839
2040416390,49.07347194,26.37514898,41,3.22256877,7.388986726,4.263284305,14.29367796,25.09249432,0.951368818
2040491970,30.53275047,14.55235135,27,2.611302145,6.594276595,4.143412845,13.12335875,13.61677032,0.935709288
2040539930,122.4480115,69.32583441,179,4.311513837,14.36688443,9.359437631,26.4839527,74.55326504,1.07540379
2040540100,96.48341514,48.62401591,136,3.949156354,13.08073018,8.275222852,26.4839527,51.89157023,1.067200421
2040543090,61.69810364,37.8482425,61,3.626428243,9.841572955,6.746047035,20.00341633,37.57835589,0.992869243
2040543160,84.56659279,44.43553266,116,3.85241126,11.90405049,7.199290164,23.82593347,47.10651246,1.060109098
2040548500,84.5219933,42.67451692,121,3.817522038,11.80349014,7.434423283,25.23495551,45.49134274,1.066007211
2040555780,91.50162823,42.4333934,102,3.776243384,11.82265037,6.883427075,25.17648713,43.65175046,1.028712223
2040785900,50.58836466,23.86047982,59,3.197275166,7.653216554,3.771868143,21.93439319,24.4657741,1.025368068
2040816320,54.03733831,28.78079221,54,3.359441955,8.421393873,3.925451348,21.93439319,28.77312971,0.999733763
2040816870,19.58990397,14.37969471,20,2.680779273,3.116395794,2.532637806,5.384942694,14.59646349,1.015074645
2040828790,25.97879894,16.38883852,27,2.812439707,4.161929044,2.791761799,13.34174888,16.65049103,1.015965287
3040024310,51.07285914,28.50093963,53,3.357382455,8.989144391,5.62859852,18.10199864,28.71393241,1.007473184
3040386960,92.73285611,47.91407634,91,3.864252301,12.24148584,6.297309676,22.84594173,47.66761809,0.994856245
3040481930,45.85505741,26.88829505,38,3.150458831,7.932299157,4.032033657,16.07237124,23.34677434,0.868287643
3040483880,59.60323903,54.13485105,34,3.40767154,9.512077132,8.41120364,21.31132698,30.19485483,0.557771089
3040496490,38.38961868,23.25016884,39,3.152085541,7.533833031,4.515057428,18.34633194,23.3847837,1.005789844
3040679750,54.00493154,35.5955244,53,3.558679978,9.49282133,6.523788291,18.27439062,35.11681156,0.986551319
3040679760,76.20060994,43.66895575,58,3.644937528,11.47489818,7.224455539,21.83508933,38.28038132,0.876604001
4040000890,50.40265152,34.39121643,32,3.147675915,9.703106595,4.650462681,17.91174979,23.28189257,0.676972058
4040003020,85.21355939,46.04904098,136,3.89923548,9.648688453,6.845637889,23.6511614,49.3646944,1.072002659
4040005050,76.6617814,39.9842716,122,3.753261249,9.184474037,6.33900964,23.6511614,42.65998019,1.066919028
4040005060,70.85008561,39.45739341,85,3.715337035,9.060997202,6.467405521,21.23630334,41.07242758,1.040931091
4040007410,74.31383788,47.17728812,63,3.770384101,10.06406236,8.113765307,20.80302752,43.39673035,0.919864877
4040009890,80.28447071,47.44418743,78,3.848549759,8.386114714,6.841732492,20.80302752,46.92496137,0.989056066
4040012290,56.66001969,23.19183336,71,3.187440966,4.396389816,2.868585496,13.8765586,24.22635198,1.044607022
4040012770,48.58742515,29.64267248,37,3.207874041,3.927689759,3.300482534,13.45918354,24.72646286,0.834150932
4040012780,33.11984743,26.1906536,20,2.779790445,3.437041772,2.622060636,8.458024425,16.11564348,0.615320401
4040012990,118.8639045,39.32487452,106,3.652242252,8.274979014,5.502222678,19.18259901,38.56103275,0.980576117
4040013000,27.88260953,9.308725024,15,2.035242576,2.450976306,1.736409138,3.425675872,7.6541086,0.822251015
4040015000,117.0048913,57.280337,95,3.938752159,4.920668781,3.278820176,15.34755805,51.35447908,0.896546385
4040015010,65.75766394,52.39328456,53,3.729292407,4.445232027,3.290881352,13.45918354,41.64962674,0.794942083
4040015090,21.64724161,12.76985064,20,2.504098523,2.661855027,2.1847402,2.92352665,12.23252665,0.957922453
4040017030,73.8048215,35.73406055,81,3.599519822,3.897780036,2.896604628,13.45918354,36.580665,1.023691806
4040018350,70.33329521,32.66931161,94,3.540861543,4.0939751,2.953367666,15.40965908,34.49662672,1.055933689
4040023060,69.64364852,43.86646053,40,3.415263836,7.30994696,4.85412462,19.50879651,30.42497558,0.69358173
4040023810,38.38631272,31.22840909,23,2.960758016,5.583548473,4.140446891,14.51520931,19.31260547,0.618430654
4040025460,36.4654265,23.92411721,46,3.229390056,3.682559809,2.767541601,11.91010054,25.2642425,1.056015663
4040027100,40.689667,20.86443663,30,2.918549383,3.455494714,2.669766448,7.95492982,18.51441065,0.887366909
4040027780,35.52110081,25.1169862,33,3.172596725,3.747238794,2.908905895,11.47682473,23.86938619,0.950328435
4040027790,16.47878463,13.18920292,13,2.354876299,2.776494748,2.360699206,4.297571162,10.53682537,0.798897813
4040027940,40.71021747,24.17194839,43,3.209339586,3.82790063,2.728034469,15.40965908,24.76272717,1.024440677
4040027950,29.81281434,18.77492634,36,2.984872784,3.286240604,2.417858025,11.91010054,19.78398524,1.053745026
4040028760,47.08740978,23.19724688,57,3.182671027,3.798268085,2.647189102,15.40965908,24.11106894,1.039393557
4040029530,60.21130605,32.96325078,77,3.553293261,4.089965384,2.86430511,15.40965908,34.92815582,1.059608958
4040031830,27.0614239,20.89301825,20,2.761888074,3.260419495,2.902352015,5.384942694,15.8297024,0.757655127
4040037060,21.5580677,13.19862193,16,2.338689321,3.230862117,2.224324592,6.988211872,10.36763901,0.785509204
4040039450,61.29913677,30.65197458,55,3.369672356,6.000014903,3.209855236,18.84200919,29.06900122,0.948356562
4040045780,71.12256816,28.49493502,31,3.06746722,9.603075503,6.236977768,16.90948212,21.48741082,0.754078253
4040046100,41.63261338,19.10678527,13,2.313501943,4.227657749,2.921637271,10.92567043,10.10976656,0.52911918
4040046370,55.67777315,27.79162031,73,3.376352326,4.40212936,3.114290815,13.45918354,29.26383126,1.052973196
4040047500,35.06473223,19.78775565,29,2.880374268,3.650194785,2.668352063,11.47682473,17.82094173,0.900604497
4040048900,51.33734558,28.9894621,59,3.414345472,3.993181291,2.798732426,15.40965908,30.3970472,1.048555061
4040050240,17.26037621,11.62944608,18,2.47661656,2.992929089,2.522581803,5.909143491,11.90093014,1.023344539
4040050300,13.08690394,7.119554277,10,1.821363333,2.853162723,2.313102163,4.68523037,6.180278487,0.868070984
4040095270,58.51252951,43.20551157,49,3.628317259,10.29651835,8.638506537,18.30306107,37.6494091,0.871402924
4040169400,22.7366112,18.66780956,18,2.739287861,3.591106257,3.171455579,5.384942694,15.47596014,0.829018535
4040223160,14.01745399,11.27413917,13,2.338007419,2.577574771,2.227092684,4.68523037,10.36057171,0.918967875
4040234270,14.14420487,11.65302252,12,2.281891905,2.609469941,1.902345601,4.848725461,9.795194467,0.840571144
4040298550,29.23729197,16.94255784,20,2.652174753,4.576955289,2.688886524,14.15033664,14.18485368,0.837232124
4040484760,22.26430548,12.05649718,19,2.423055506,3.43531704,2.514612767,6.869588282,11.28027366,0.935617824
4040545530,18.34961225,11.41363404,17,2.406386864,2.922422076,2.494132857,5.384942694,11.09380522,0.971978353
4040627620,33.26594967,22.86743241,33,3.126200977,6.095290465,4.67982942,13.90407202,22.78724563,0.996493407
4040748300,78.96739914,50.46034875,81,3.930526331,10.44566344,7.824067749,19.71277023,50.93377865,1.009382216
4040773260,121.6260437,45.767285,122,3.824014012,11.37796454,6.302852672,25.45575365,45.78763203,1.000444576
4040783120,78.2459626,44.30796823,84,3.807326638,9.300555552,6.031976865,21.14996584,45.02989661,1.016293421
4040839030,34.58671159,24.89170296,24,2.916160666,3.16321528,2.789572831,4.848725461,18.47023775,0.742023869
4040960200,52.05703332,25.75106572,49,3.218194767,3.683791923,2.812256813,14.67616162,24.98297936,0.970172638
4040960480,41.35415375,19.22144457,45,2.983013989,3.878501668,2.579695844,11.47682473,19.74724502,1.027354887
4040975160,59.17714044,32.11122454,65,3.491914308,4.448536223,2.993817118,15.40965908,32.84877023,1.02296847
4041043580,107.1064853,59.84648932,122,4.119545198,11.09955001,7.591383349,25.65322954,61.53125139,1.028151393
4041108500,42.27382096,22.38971707,31,2.95963041,3.678971294,2.764680258,11.47682473,19.29084073,0.86159377
4041108580,65.72697465,40.99537765,56,3.613126948,3.758416366,3.040018673,11.91010054,37.08182464,0.904536725
4041128330,56.63056884,50.22877789,38,3.467097255,3.919008263,3.420197815,9.74600051,32.04359293,0.637952868
4041144860,65.29544415,59.93211707,33,3.394380011,4.028906268,3.374231605,11.91010054,29.79617445,0.497165392
4041144880,35.97770793,22.05126252,35,3.073196422,3.637934215,2.760820475,11.91010054,21.61086986,0.980028687
5040000010,76.7696598,47.68137539,51,3.608853556,8.421472551,4.896417383,16.99508093,36.9236976,0.774384071
5040007690,77.32746192,30.48545213,78,3.419345929,7.916064363,3.622743775,22.26317286,30.54942698,1.002098537
5040011800,22.81518304,12.18627718,23,2.502380422,3.413091379,2.600058262,11.05540027,12.21152798,1.002072068
5040014020,22.79869751,14.40304182,23,2.670775691,3.27979472,2.865579023,11.05540027,14.4511745,1.003341841
5040017040,35.25213107,19.22768087,17,2.466028979,3.659733011,2.46656174,11.18255625,11.77559276,0.612429176
5040017830,51.88663915,27.23759392,51,3.29198632,3.845541079,2.845529039,11.91010054,26.89623517,0.987467368
5040022500,32.74761299,15.7534408,23,2.628097978,3.659814464,2.841594275,11.05540027,13.84740677,0.879008399
5040031240,37.47626965,24.64609735,32,3.105796198,3.726452153,2.938929868,11.91010054,22.32698859,0.905903611
5040038940,12.1176778,12.53959505,11,2.333196714,2.81571627,2.394516062,9.776745948,10.31084975,0.822263375
5040041880,33.28905653,23.32854138,27,2.999568169,3.561091413,3.016376708,11.91010054,20.07686524,0.860613825
5040049720,67.32448356,40.34686668,77,3.751805039,4.204110277,3.051051796,11.91010054,42.59790351,1.05579211
5040055960,22.43032761,16.95026344,27,2.897775163,3.335048814,2.94085867,5.267064211,18.13375581,1.069821473
5040056460,22.68203681,14.80765403,26,2.75489091,3.311099705,2.906043785,5.267064211,15.71932599,1.061567616
5040056470,17.54471786,11.30548325,19,2.455718306,3.298953311,2.859265583,5.267064211,11.65480226,1.030898194
5040056740,26.67502549,18.91569529,20,2.724583372,4.240029356,3.530215505,9.877267679,15.25005901,0.806211919
5040056750,18.60095523,15.08023214,19,2.734487325,4.196323895,3.416390152,10.691083,15.40184527,1.021326803
5040057320,20.5683123,17.22797817,20,2.817524948,4.085294425,3.53362173,13.16915782,16.73537843,0.971406991
5040057330,28.64976344,13.40078891,16,2.428808552,4.306499279,2.937497097,10.69159095,11.34535663,0.846618561
5040057720,28.29437443,19.88558585,29,2.999772591,3.839368377,3.327816176,11.91010054,20.08096981,1.009825406
5040059440,25.24274039,15.43663143,19,2.587093456,4.271362988,3.713789194,11.37411008,13.29108429,0.861009369
5040059450,39.59988632,24.67575107,41,3.222127161,4.355310416,3.047202525,12.55280416,25.08141568,1.016439808
5040061660,14.55996133,11.84484882,13,2.34423863,2.897899853,2.782104754,4.427301007,10.42533217,0.880157471
5040061670,38.20269586,23.90103225,51,3.244129518,3.631574389,2.628506839,11.91010054,25.63938171,1.072731146
5040064130,22.10202125,17.01624626,21,2.767253836,3.738801939,2.917193898,11.05540027,15.9148691,0.935274964
5040064140,30.92809319,22.4286547,32,3.135002448,3.856187386,3.12017218,11.91010054,22.98869212,1.024969729
5040065600,25.55720306,16.31311285,19,2.598524224,3.195249879,2.793926476,5.282001276,13.44388323,0.824115137
5040067860,62.04538874,35.08988504,75,3.616750875,4.019862759,3.06142586,11.91010054,37.21645026,1.060603368
5040068450,60.18395148,32.30678507,54,3.417072999,4.025150597,3.252624996,11.91010054,30.48006914,0.943457205
5040068460,49.8699598,29.27966934,52,3.393656217,4.00044817,3.096831326,11.91010054,29.77461597,1.016904106
5040069590,50.97668596,27.80549835,55,3.350004109,4.067804216,3.282599219,11.91010054,28.50285076,1.025079659
5040069600,32.15268742,19.65277181,28,2.898694235,3.886515051,3.060737388,11.91010054,18.15042969,0.923555713
5040069960,47.00656179,26.01527477,45,3.237995166,4.128050269,3.234594752,11.91010054,25.48258216,0.979523852
5040069970,52.16293654,26.80445638,69,3.354110083,4.152390422,3.189020186,11.91010054,28.62012333,1.067737503
5040070700,46.37268887,25.72208073,53,3.280577509,4.287195664,3.210372219,11.91010054,26.59112487,1.033785919
5040070710,123.6197259,64.56827347,170,4.234201637,8.168107972,4.282586488,19.8179167,69.00656446,1.068737954
5040073410,10.92939905,7.808200694,11,2.057410768,3.012371645,2.668645714,4.96351824,7.825681048,1.002238717
5040073420,30.51543801,15.57712393,31,2.75059606,5.180485242,3.453520733,12.92082382,15.65195862,1.00480414
5040076530,14.71250865,7.594534118,11,1.943228365,3.12416329,2.422338684,4.96351824,6.98125266,0.919246994
5040076890,20.03763456,15.51824494,15,2.514331131,2.986943755,2.94779026,4.554456987,12.35833991,0.796374845
5040077640,14.25076109,7.816665814,18,2.102708742,2.853609572,2.091198596,5.1096473,8.188319946,1.047546376
5040082270,40.53010001,23.03521886,70,3.203336547,4.295236541,3.072919177,16.67562379,24.61452084,1.06856032
5040085040,45.75228371,29.27558636,72,3.448399995,4.641558419,2.927154787,16.67562379,31.45003182,1.074275044
5040087630,9.460020066,7.612633341,9,2.001017306,2.680954246,2.495757114,2.489207296,7.396576853,0.971618692
5040491370,9.197720245,5.760435696,10,1.771370342,2.35508984,2.079301491,2.489207296,5.878903956,1.020565851
5040491510,28.15352088,14.5396828,20,2.560170669,3.835758082,2.985789103,5.81821851,12.93802525,0.889842332
5040511570,36.15550541,21.57941208,33,3.043985868,3.741918343,3.129423986,10.89731785,20.98873506,0.972627752
5040524870,35.87141759,19.19788378,48,3.00100548,3.999428524,3.566907248,10.89731785,20.10574269,1.047289531
5040533380,19.93143748,13.02945816,15,2.366769833,3.448609626,3.12473766,5.81821851,10.66289367,0.818368158
5040533450,9.98065188,7.561172739,9,1.966815267,2.989634993,2.635815366,3.994025192,7.147876127,0.945339615
5040591010,9.074059431,6.818040576,9,1.917306285,2.836709972,2.679208938,4.427301007,6.802609478,0.997736725
5040591050,99.52864514,55.88182316,137,4.084918627,7.952217363,4.411261606,19.8179167,59.43710098,1.063621364
6040000010,57.55272716,43.60469429,42,3.513014771,6.542941062,5.060582209,17.79197324,33.5492588,0.769395574
6040000740,73.1125096,33.03152238,111,3.544713683,7.723405121,4.94891442,18.90785334,34.62976884,1.048385492
6040000750,76.75211559,44.24901486,85,3.808123409,9.633202085,6.07237707,23.26495486,45.0657894,1.018458593
6040005190,45.30995736,29.41910589,23,2.883413825,8.543050766,3.48018391,12.41700696,17.87519192,0.607604867
6040005490,49.60235587,11.55125975,54,2.453621538,4.462651033,2.569389453,16.3362398,11.63039044,1.006850395
6040005500,90.16511419,56.23140715,72,3.849882187,7.892597965,3.738771061,17.37204989,46.98752717,0.835610018
6040007010,65.70337925,39.27346898,52,3.57705549,7.448322864,5.025577347,19.33780412,35.7680662,0.910743745
6040007960,88.44458831,48.17136102,95,3.895043847,7.901502149,4.520496204,21.15508852,49.15820877,1.020486192
6040008320,89.76486857,62.32251282,88,4.121644807,8.253411322,5.130143762,21.15508852,61.66057863,0.989378891
6040009770,39.42292458,28.05462491,37,3.288341423,5.320808758,3.696435875,18.26788692,26.7983796,0.955221454
6040012800,22.35509269,17.09238759,19,2.681246182,3.648519682,2.483688422,10.37378226,14.60328031,0.854373342
6040013420,53.64762124,32.12857043,21,2.856425286,6.987626696,3.374851252,11.64852981,17.3992184,0.541549723
6040013430,68.21057209,36.28755001,43,3.377497104,8.366158275,3.747054629,17.39145659,29.29735105,0.807366467
6040013750,50.8511045,24.25513002,42,3.096905521,6.162531372,3.360398584,16.63540426,22.12936637,0.912358184
6040013760,58.48747317,28.59721178,82,3.401550552,5.347779849,2.949078643,20.0450604,30.01059699,1.049423881
6040014330,83.34097706,48.42668791,66,3.788966428,7.683276116,4.583866927,17.0520517,44.21068172,0.912940439
6040015940,30.03336361,21.79620883,26,2.962726034,5.284303268,3.692660796,15.66024296,19.35065044,0.88779891
6040015950,39.36896938,21.965605,23,2.839841485,5.839331052,3.49526901,15.1189591,17.11305265,0.779084057
6040016720,18.35754875,14.5992406,18,2.671041181,3.911400939,2.910409227,13.46788185,14.45501165,0.99012079
6040016760,61.63136605,35.98993477,51,3.485603583,6.62810649,4.186625264,17.83461111,32.64212339,0.906979232
6040016970,25.73206071,21.73815045,25,3.046429881,4.177935607,3.855062884,11.83981124,21.04009454,0.96788798
6040016980,23.0723281,13.12211224,28,2.610038319,3.435535947,2.275721926,13.22872888,13.59957196,1.036385889
6040019090,22.69416424,11.20070561,12,2.074703386,6.431032872,3.206786369,13.1693932,7.962184417,0.710864538
6040025130,41.38942759,29.82220462,43,3.411723154,4.842388897,2.57447541,11.24336494,30.31744089,1.016606293
6040025140,42.88292559,28.84599831,40,3.326886928,5.093174902,2.601129077,10.39259594,27.85150286,0.965523972
6040025420,48.26138646,30.79572059,45,3.394201658,4.751988045,2.443144759,14.08460042,29.79086069,0.967370145
6040026140,16.12363167,7.601300544,16,2.027220896,3.050105661,2.225415727,10.02118409,7.592955395,0.998902142
6040026990,19.47791964,7.612421204,9,1.742322418,2.18408101,1.959073477,4.118463027,5.710590413,0.750167425
6040029280,14.55996133,12.01359981,13,2.358464996,3.223682229,2.173710016,9.442941254,10.57470677,0.880227987
6040032290,120.3630208,67.99857632,95,4.110809285,9.185300692,4.739574212,21.07755993,60.99606083,0.897019675
6040034810,26.03959307,16.81273327,35,2.870476313,2.562713383,2.182843128,6.163953645,17.64542094,1.049527204
6040040460,37.7145441,22.29262411,42,3.135796929,5.733065236,3.964850963,20.19563321,23.00696345,1.032043753
6040075390,38.34931387,31.34009871,37,3.407622388,5.547421715,3.626402576,13.40642263,30.19337074,0.963410199
6040075410,20.98136957,16.0368006,20,2.737775269,4.229246013,2.701091138,8.702166264,15.45256902,0.963569318
6040084750,55.48482282,34.50107665,33,3.209719507,4.83291445,2.709122944,15.55476549,24.77213683,0.718010544
6040102250,102.9779329,53.7133366,89,3.915829527,8.64878651,5.337150801,20.06877099,50.19068876,0.934417631
6040102330,30.74087281,33.80116207,23,3.076418361,4.741424377,4.296377831,13.41495175,21.68061105,0.641416144
6040239720,98.19653352,61.42385257,93,4.099679304,8.254239234,4.838581051,20.7218127,60.32093983,0.982044227
6040239820,43.08757218,29.09406514,31,3.124804924,4.938008159,4.090348116,17.83461111,22.75545562,0.782133934
6040262110,144.3518057,89.85107885,110,4.357072399,9.407737234,5.104252774,25.51219004,78.02836377,0.868418774
6040262220,74.57682068,61.34245398,65,3.96493985,6.775184606,4.631438781,14.47074762,52.71709838,0.859390112
6040280400,150.8542315,86.44237117,151,4.459777114,9.321250581,5.666069989,26.43294389,86.46823441,1.000299196
6040280410,168.2153232,92.78920295,168,4.52989124,10.84915791,5.613891715,22.82830987,92.74847323,0.999561051
6040285930,87.04477797,65.76942546,71,4.026111214,8.45022402,5.394376656,25.07891422,56.04254947,0.852106417
6040285990,119.9473496,58.06188367,120,4.061642502,7.522451388,3.611824842,22.80933982,58.06961225,1.000133109
6040345000,38.39712376,27.5353148,19,2.705019533,3.920860957,3.225133981,8.29651878,14.9546088,0.543106513
6040527670,29.95222045,19.32733988,26,2.908308859,4.434659069,3.354779011,11.5327273,18.32578087,0.948179158
6040527680,33.17314754,18.83084396,15,2.416407455,5.254768431,4.338300319,15.25392414,11.20553054,0.595062578
6040709820,61.76398689,55.3454204,24,3.086459304,7.514786775,5.044641599,16.04694863,21.89940141,0.395685881
6040752460,26.81750653,19.69090953,21,2.747044606,4.288287893,2.628870463,11.77342996,15.59646999,0.792064479
6040752470,50.38186361,35.54009697,56,3.615373438,6.07451334,4.071525352,11.79829995,37.16522222,1.045726529
6040814820,111.398452,54.29158989,118,4.009042401,9.393370734,5.068006605,20.98952485,55.09408727,1.014781247
6040814830,108.4448096,55.85510684,55,3.657654373,10.2965654,4.732260329,19.82275158,38.77029549,0.694122663
6040870370,59.51001175,28.11843895,33,3.140451233,5.660554134,3.739641202,17.2422401,23.11429444,0.822033345
6040870380,36.06756064,16.66883566,20,2.453724777,5.130784038,2.373790403,11.59459481,11.63159121,0.697804661
7040000010,54.67129074,32.70192669,68,3.547036092,3.945342652,2.384103325,16.79062748,34.71028677,1.061414121
7040005410,25.07728733,19.25331441,24,2.910824732,2.702289655,2.326559137,4.68523037,18.37194425,0.954222419
7040005420,35.66233186,22.57220402,38,3.147040581,3.3056922,2.332374257,6.811267411,23.26710548,1.030785716
7040006390,40.49577804,24.61181523,38,3.17711102,3.817196778,2.566813376,13.74824854,23.97738321,0.974222462
7040006400,31.31651708,14.86304593,39,2.728267755,3.128115248,2.016299393,12.62280466,15.30634969,1.029825902
7040007380,44.3119071,32.64726437,48,3.526014083,5.703032669,3.640650017,13.50597126,33.98822302,1.04107415
7040007390,47.92434003,27.27399043,44,3.289225018,5.219849752,2.483966773,10.24947403,26.82206897,0.983430314
7040007830,40.09277953,25.51014979,41,3.251578325,3.704751983,2.724361293,8.153794469,25.83107759,1.012580397
7040007840,30.20389877,21.33678184,33,3.094455974,3.450691924,2.487805723,13.3683412,22.07522577,1.034608965
7040008720,81.65641162,38.4153124,103,3.70127993,9.91805796,5.148638369,23.58367975,40.49910724,1.05424386
7040013170,29.77215712,19.68689838,28,2.954472866,4.141008493,3.249275798,16.8731865,19.19160351,0.974841397
7040013180,49.88717648,21.66183624,75,3.111167158,8.136259919,4.141135821,23.15040394,22.44722857,1.03625696
7040013550,108.5888063,53.51896066,138,4.033490257,11.51020073,6.633578487,23.58367975,56.45761938,1.05490874
7040013560,84.69585147,33.34508777,89,3.51891644,11.1249165,5.853122138,23.15040394,33.74784082,1.012078332
7040014040,111.8202208,53.63524575,97,3.937504755,11.90805672,7.733325544,23.58367975,51.29045921,0.95628273
7040014050,75.33614648,49.46585448,64,3.766267205,9.460724756,6.665503508,23.15040394,43.21843782,0.873702441
7040014200,109.4023381,64.09241836,120,4.190505819,11.82175905,7.71346561,23.84115434,66.05619496,1.030639764
7040014210,68.64339572,49.96800254,57,3.750396521,9.035515308,6.827975402,18.87489224,42.53794586,0.851303708
7040014250,84.84845579,34.44611709,112,3.580149612,10.3317507,4.939376589,23.84115434,35.87890837,1.041595146
7040014930,79.07411132,31.28492572,84,3.458552973,9.400739812,4.111144451,23.84115434,31.77096979,1.015536047
7040014940,87.51823803,37.26688569,106,3.654812323,9.934787142,5.010811693,23.58367975,38.66026478,1.037389201
7040016260,86.42552478,43.52509474,111,3.820824275,9.8344839,5.714559346,22.69312405,45.64181424,1.048632163
7040016270,37.91715654,16.01356329,49,2.813524189,6.772524058,3.546322505,20.78191566,16.66855798,1.040902495
7040019010,9.040422565,7.572480209,9,2.018157225,1.842401736,1.737371847,0.596770906,7.524446285,0.993656778
7040019200,52.24397969,22.15583269,23,2.599047741,9.243816032,3.705540287,13.00004637,13.45092318,0.607105288
7040020100,140.5472651,50.09492877,53,3.438328794,13.10694374,4.507235855,20.88537437,31.13488185,0.621517639
7040021740,61.21231839,41.32566553,46,3.514572465,10.32749304,6.764065131,22.55074929,33.60155902,0.813091782
7040024300,9.397664374,7.2047492,9,1.931330375,1.728970463,1.704694941,0.293224935,6.898681973,0.957518684
7040024580,65.56807791,41.86989555,66,3.737041258,9.134340243,6.878141019,22.48372812,41.97361717,1.002477236
7040024600,19.64206323,11.6930855,17,2.384307923,2.257276859,1.959694257,2.939053337,10.85154996,0.928031353
7040024830,15.41016978,9.004961988,15,2.168916968,2.495988666,2.099884586,3.343907566,8.748803674,0.971553649
7040033480,80.7323875,31.05911529,75,3.422911386,9.27418945,3.649138729,23.58367975,30.65854406,0.987102941
7040034520,90.45485019,50.14889389,93,3.925399684,10.11514614,5.331281241,26.08650535,50.67332734,1.010457528
7040034530,119.9824351,71.57675518,141,4.322838043,12.52145919,7.915450183,26.08650535,75.40231993,1.053447027
7040038340,106.5251761,43.29199428,149,3.822577154,11.68709134,4.139076629,26.08650535,45.72188898,1.056128038
7040039620,118.1482485,65.2196137,139,4.230282263,12.92967092,6.389861128,23.84115434,68.73663124,1.053925765
7040039630,93.17297755,37.82897735,93,3.632770909,11.29205638,4.612108049,23.84115434,37.81746031,0.99969555
7040039870,108.659896,54.87901301,125,4.035748434,11.89122948,5.934399449,23.84115434,56.58525471,1.031090969
7040039880,78.51991119,27.37143836,140,3.364327292,8.444267121,2.908533705,23.84115434,28.91404005,1.056358079
7040041050,119.9892724,66.68158658,141,4.243470505,11.82808225,6.60575867,23.84115434,69.64915063,1.044503501
7040041060,57.85214392,20.01152031,86,3.033559434,7.042271003,2.662886662,22.23151594,20.77103429,1.037953837
7040041400,110.2260649,52.48646995,132,4.004475649,11.3653702,5.570352712,23.84115434,54.84305984,1.044898998
7040041410,99.53905243,31.9133914,140,3.507920862,10.24805863,3.219597894,23.84115434,33.37879645,1.045918186
7040042040,108.8307528,36.18790252,139,3.626217361,11.653488,3.80234632,25.32387788,37.57043213,1.038204193
7040043090,95.73890833,34.87760721,101,3.564595978,10.5593424,3.397854047,21.69791145,35.32517838,1.012832623
7040043100,61.00997718,49.69572245,30,3.243726178,6.063663777,2.843704172,11.56386695,25.62904243,0.515719285
7040043160,115.6938214,47.03546152,119,3.85867337,12.10762226,4.275164414,22.60173203,47.40242418,1.00780183
7040043170,76.59103241,32.18195098,144,3.528737982,7.394433779,2.661478582,22.69312405,34.08092972,1.05900757
7040045890,107.4804149,53.12451097,115,3.987794154,10.82229802,5.963880188,22.84594173,53.935784,1.015271162
7040045900,66.65867546,31.84325204,75,3.48909786,7.631841824,3.119710845,19.19597469,32.75638352,1.028675824
7040046590,120.1319413,57.00424606,141,4.076709843,12.27947865,5.27117151,26.45096626,58.95119175,1.034154398
7040046600,84.08961646,37.53283418,72,3.572414751,10.44243331,3.87589278,19.49194898,35.6024605,0.948568401
7040046750,89.22943266,29.01596484,83,3.352702373,9.341867351,3.286253587,17.40331708,28.57986283,0.984970274
7040047060,58.32104278,18.92625966,41,2.857047616,8.720535352,2.429890924,19.67818543,17.41004984,0.919888565
7040047070,67.17815925,33.02375507,75,3.535523645,7.828818432,3.792224035,17.40331708,34.31297783,1.039039254
7040047850,52.65704427,24.54967328,80,3.254695058,5.330691777,2.457824148,16.7880969,25.91171176,1.055480921
7040047860,18.44738252,12.09582682,19,2.501282802,2.324660301,2.049212132,2.939053337,12.19813171,1.008457867
7040047970,58.50048992,25.04395238,92,3.276390396,6.852292383,2.79165474,19.49194898,26.48001761,1.057341797
7040047980,35.02977213,19.04192066,54,3.002453354,3.443448181,2.132403636,13.31235259,20.13487434,1.05739724
7040048300,52.73519777,25.62841646,87,3.298141029,5.398461499,2.591680758,19.24694489,27.06228413,1.055948352
7040048310,70.26838567,19.13954566,25,2.722996671,9.733289107,2.568552384,13.07481919,15.2258809,0.795519453
7040048410,46.12942081,31.60409377,83,3.53022417,4.265350271,2.896633488,18.60791187,34.13161803,1.079974584
7040048420,69.34183471,37.03275228,104,3.671161059,6.382852254,2.865552581,22.23151594,39.29750609,1.061155428
7040049270,103.5859,44.3574372,157,3.843633154,8.596612142,3.210623587,23.84115434,46.69481609,1.052694182
7040049280,30.97714284,19.77579308,20,2.668153918,2.76912689,2.180089769,2.939053337,14.41333642,0.72883734
7040049990,80.98329849,30.58934385,44,3.25839231,6.403187642,2.77554008,13.50597126,26.0076912,0.85022063
7040050000,58.09668533,29.36264887,52,3.344440899,3.324733752,2.3693065,6.811267411,28.34472366,0.96533265
7040050640,43.7170617,30.96247089,41,3.375442804,3.484774535,2.476329353,6.068736427,29.23722729,0.944279525
7040050650,36.80412716,32.44932486,24,3.03413859,2.972632643,2.451271578,4.451658606,20.78306744,0.640477653
7040050920,61.12989277,35.91574851,50,3.476843382,4.500765928,2.396679431,14.62558757,32.35742067,0.900925694
7040050930,49.49824132,25.80331205,51,3.26125868,3.446324747,2.183512399,12.05351668,26.08234581,1.010813874
7040054660,51.28773656,34.02001507,58,3.574996086,3.603714368,2.396248267,13.45918354,35.6944811,1.049220026
7040054670,43.54869938,24.16173664,42,3.172593256,3.855698659,2.414665201,14.2191778,23.86930338,0.987896844
7040059990,47.42435072,32.60934245,53,3.53153417,8.53408928,6.413305196,21.97007676,34.17635977,1.048054245
7040064730,27.55883994,15.31698087,30,2.750555263,4.554711005,2.510183159,11.84252647,15.65132007,1.021828009
7040065760,68.38328673,47.07775034,80,3.914362192,7.838976284,4.601509589,17.68623775,50.11709623,1.064560134
7040070790,22.35412509,16.60689906,17,2.639650516,2.707961396,2.127995216,3.343907566,14.00830707,0.843523347
7040072800,21.67272481,16.44202928,28,2.880777269,2.428763442,2.047946307,5.267064211,17.82812504,1.084301988
7040073620,102.4892762,56.25220506,106,4.038656477,10.78428956,6.96818987,23.84115434,56.75004656,1.008850169
7040073630,102.0395975,61.8959149,99,4.114853634,11.53251902,7.905103047,25.32387788,61.24324966,0.989455439
7040073660,21.93941099,18.73430514,22,2.934079216,2.985315702,2.586940282,5.635460612,18.80418057,1.003729811
7040073690,71.76321234,27.01921587,61,3.266050599,9.049228316,3.900547953,22.90792123,26.20763024,0.969962651
7040073710,41.27746108,19.92710278,43,2.999876199,6.552253144,2.863265107,16.34815488,20.08305047,1.007825909
7040073720,83.27551819,32.72395219,87,3.496821567,10.9390486,6.006984159,23.58367975,33.01036379,1.008752354
7040073780,63.56159091,41.41739648,57,3.624269426,9.070733205,5.596958889,23.84115434,37.49731858,0.9053519
7040073830,84.48837543,38.21535944,60,3.494220548,9.354081081,5.713788531,22.64791549,32.92461479,0.861554497
7040073870,36.97805388,25.58139064,32,3.097815303,6.94776902,4.402938966,20.07171671,22.14950842,0.865844579
7040192420,77.16813687,27.19644316,50,3.21746305,9.878043909,5.585676498,21.402719,24.96470556,0.917940093
7040192560,103.071833,52.20695956,127,4.001370153,11.52012122,6.1784469,26.08650535,54.67300913,1.047236031
7040194860,44.85269158,33.25808071,38,3.332674554,7.879132979,5.271379127,19.84445493,28.01316433,0.842296481
7040194980,15.30646879,8.177052257,16,2.112344276,2.890446041,2.049967329,10.35755091,8.267600123,1.011073412
7040282720,100.6210908,60.97641544,53,3.683801213,9.955356771,6.487686102,20.72701946,39.79738526,0.652668494
7040282770,62.51531548,41.68909714,45,3.477304482,10.30776726,6.078680738,20.48672321,32.37234413,0.776518235
7040374800,58.65350114,27.96621189,66,3.368532352,9.566621895,6.754365543,22.32631121,29.03588133,1.038248635
7040374950,114.1596981,44.74742696,137,3.842437296,12.30415742,4.576922712,26.08650535,46.6390091,1.042272422
7040379310,102.1663246,57.13985908,103,4.048123885,10.98285455,6.668653408,23.84115434,57.28987375,1.002625395
7040379430,103.8516869,59.1548299,136,4.134721914,10.62762859,6.429163916,23.84115434,62.47221603,1.056079717
7040388580,111.5428194,57.26177784,75,3.918862903,10.63032298,6.320136385,22.15519133,50.34316716,0.879175762
7040388740,114.7998395,67.28222319,128,4.248379609,11.84589253,7.408530861,23.84115434,69.99190613,1.040273386
7040392520,120.3644409,60.71389284,130,4.123878684,13.04406102,6.249220018,25.32387788,61.79847475,1.017863818
7040392650,114.4027812,57.25342614,144,4.100175675,12.32384162,5.527297939,23.84115434,60.35088882,1.054100914
7040394680,95.23723986,43.46195852,113,3.810535344,10.70153844,5.442622978,23.84115434,45.17461637,1.039405906
7040394690,78.28807455,30.2549617,82,3.417516361,9.422088375,4.071466105,22.90792123,30.49358585,1.007887108
7040395190,101.8740901,63.47718209,113,4.18105078,10.96746526,7.278882715,23.84115434,65.43457444,1.030836157
7040395340,121.4129405,51.01883241,94,3.856534619,11.69666409,5.371438172,23.58367975,47.30115051,0.927131184
7040402320,71.41953836,31.73826308,92,3.496082263,8.607614453,3.069358412,19.25647454,32.98596812,1.039312329
7040402430,81.74210881,28.95731081,152,3.417516459,9.177549456,2.934736312,26.08650535,30.49358883,1.053053201
7040426310,60.89353637,22.33397593,42,2.996932833,7.859790334,2.752291907,14.69041547,20.02402561,0.896572365
7040426320,61.52590732,25.70436681,72,3.27525772,7.036032355,2.689354937,17.63346047,26.45004131,1.029009643
7040569640,140.5833907,64.34254388,200,4.222194343,13.44276923,6.301588381,28.88056832,68.18293697,1.059686684
7040569650,102.327901,49.95817289,155,3.971088581,11.71457682,4.924530122,28.88056832,53.0422402,1.061732988
7040585110,93.74225698,57.45160798,93,4.047974286,10.46187585,6.948386407,23.40787852,57.28130389,0.997035695
7040585120,116.915751,58.47451543,106,4.035200298,11.92947929,6.748013813,25.32387788,56.55424681,0.967160589
7040607990,87.88201532,57.29160421,54,3.639110486,9.337413967,7.059990698,18.08505206,38.05796857,0.664285266
7040608130,73.3855776,48.81401094,67,3.814292581,9.851040407,6.441669596,23.15040394,45.34466735,0.928927299
7040612640,116.7244981,39.89054383,180,3.741655823,11.78701543,3.923026796,26.08650535,42.16775471,1.057086484
7040612840,105.9366007,45.92628941,95,3.792256826,12.21401523,5.199741107,22.84594173,44.35639205,0.965817022
7040632220,39.67440262,19.76807957,37,2.960919614,5.791400289,3.144254527,13.63350807,19.31572659,0.977117
7040686450,108.2728635,27.9634451,214,3.382225866,12.10266818,5.648476047,27.39784478,29.43621932,1.052667839
7040686540,94.44648672,54.01767761,112,4.036367884,11.24896194,6.512886585,23.85246304,56.62031733,1.048181259
7040707710,56.82336442,23.35484526,72,3.184108723,7.603559422,3.189244261,22.43596939,24.14575826,1.03386505
7040707810,75.49894381,36.62033855,108,3.654218386,8.359803491,3.629260746,23.58367975,38.63730986,1.055077899
7040741760,80.53532513,38.10922929,123,3.695978522,8.536041572,3.220224713,27.39784478,40.28497305,1.057092305
7040741770,86.67188366,36.94710843,56,3.49625469,9.020030639,4.579013715,15.16959361,32.9916563,0.89294285
8040000810,31.03780558,19.70586348,27,2.858389869,5.278041211,3.350833424,13.71265004,17.43343421,0.884682583
8040000820,55.02055418,36.62338265,56,3.607535504,9.345366196,5.990341974,21.72317007,36.87506229,1.006872103
8040002260,49.92701675,37.51993027,45,3.547545243,9.129212441,6.534627679,18.4560031,34.72796407,0.925587117
8040002270,118.0245787,21.63503847,37,2.798746777,9.649001098,4.39649183,14.92397202,16.42405087,0.759141283
8040007180,15.28629941,8.979240632,10,1.941593889,4.514252198,3.369896553,6.535409324,6.96985129,0.776218344
8040007190,25.40760257,10.53001781,18,2.269583971,6.075133815,3.612346913,11.93725624,9.675374744,0.918837453
8040008390,39.14301662,20.646338,37,3.009450052,6.354679067,4.619198689,14.89935119,20.27624597,0.982074689
8040009560,31.93133041,26.49652546,23,2.999322396,8.482184771,5.622698978,20.56469757,20.0719315,0.757530701
8040141480,31.29582284,24.10150299,25,3.005858612,4.734729868,4.407527382,10.25922063,20.20355567,0.838269534
8040176200,127.8966429,43.67980493,82,3.672586416,11.88673631,5.354720793,23.97322212,39.353559,0.900955466
8040183760,29.76093267,15.67088463,16,2.431646433,4.271312346,3.401680604,9.662167648,11.37759912,0.726034259
8040219290,25.01923969,15.95251712,22,2.672966328,5.418466281,3.456785673,13.35799697,14.48286647,0.907873432
8040252760,40.20422484,21.40071226,30,2.892689304,7.109702655,3.989025329,18.24284896,18.04176421,0.843045035
8040307300,113.7865876,60.0732501,69,3.868820134,13.56431911,8.454826123,22.32631121,47.88585383,0.797124407
