,Assemblage,Order.q,SC,m,qFD,Method
1,1040008480,0,0.979217129,292.4916205,3.416780395,Rarefaction
2,1040008480,1,0.979217129,292.4916205,2.73231479,Rarefaction
3,1040009450,0,0.979217129,475.7920238,3.817474536,Extrapolation
4,1040009450,1,0.979217129,475.7920238,3.078794947,Extrapolation
5,1040011660,0,0.979217129,204.6689994,3.280176298,Extrapolation
6,1040011660,1,0.979217129,204.6689994,2.732015979,Extrapolation
7,1040011670,0,0.979217129,305.317687,3.614357038,Extrapolation
8,1040011670,1,0.979217129,305.317687,2.983862598,Extrapolation
9,1040012680,0,0.979217129,341.4183939,3.740943995,Rarefaction
10,1040012680,1,0.979217129,341.4183939,3.193585095,Rarefaction
11,1040012690,0,0.979217129,195.4064861,3.306789085,Rarefaction
12,1040012690,1,0.979217129,195.4064861,2.745803257,Rarefaction
13,1040012810,0,0.979217129,298.8664401,3.783069612,Rarefaction
14,1040012810,1,0.979217129,298.8664401,3.34069067,Rarefaction
15,1040012820,0,0.979217129,320.8809214,3.677216977,Rarefaction
16,1040012820,1,0.979217129,320.8809214,3.015861991,Rarefaction
17,1040014500,0,0.979217129,189.4809265,3.255279287,Rarefaction
18,1040014500,1,0.979217129,189.4809265,2.536932539,Rarefaction
19,1040014920,0,0.979217129,169.1214829,3.40595783,Extrapolation
20,1040014920,1,0.979217129,169.1214829,2.697777948,Extrapolation
21,1040014930,0,0.979217129,314.8991614,4.091601576,Rarefaction
22,1040014930,1,0.979217129,314.8991614,3.051267805,Rarefaction
23,1040015030,0,0.979217129,382.2068455,5.182938683,Rarefaction
24,1040015030,1,0.979217129,382.2068455,3.05724275,Rarefaction
25,1040015860,0,0.979217129,204.3045934,3.165145537,Rarefaction
26,1040015860,1,0.979217129,204.3045934,2.760583767,Rarefaction
27,1040018120,0,0.979217129,167.6523015,3.486753652,Rarefaction
28,1040018120,1,0.979217129,167.6523015,3.044900051,Rarefaction
29,1040019430,0,0.979217129,253.6018566,3.001259894,Extrapolation
30,1040019430,1,0.979217129,253.6018566,2.504987126,Extrapolation
31,1040020570,0,0.979217129,437.8206394,4.077851761,Rarefaction
32,1040020570,1,0.979217129,437.8206394,3.083540071,Rarefaction
33,1040020580,0,0.979217129,188.5873194,3.767455372,Extrapolation
34,1040020580,1,0.979217129,188.5873194,2.886811278,Extrapolation
35,1040022430,0,0.979217129,616.0094518,9.120756839,Rarefaction
36,1040022430,1,0.979217129,616.0094518,6.262645059,Rarefaction
37,1040023310,0,0.979217129,207.9973076,3.710857692,Extrapolation
38,1040023310,1,0.979217129,207.9973076,2.742318669,Extrapolation
39,1040024080,0,0.979217129,463.7867792,3.935254858,Rarefaction
40,1040024080,1,0.979217129,463.7867792,2.886484289,Rarefaction
41,1040026800,0,0.979217129,154.0712762,2.791306013,Extrapolation
42,1040026800,1,0.979217129,154.0712762,2.46652723,Extrapolation
43,1040028960,0,0.979217129,134.5180963,4.311635183,Extrapolation
44,1040028960,1,0.979217129,134.5180963,2.872767783,Extrapolation
45,1040028970,0,0.979217129,448.5180808,6.645019761,Rarefaction
46,1040028970,1,0.979217129,448.5180808,3.63061938,Rarefaction
47,1040029430,0,0.979217129,264.2458127,6.361895642,Extrapolation
48,1040029430,1,0.979217129,264.2458127,3.757865615,Extrapolation
49,1040029700,0,0.979217129,180.677478,5.718093172,Extrapolation
50,1040029700,1,0.979217129,180.677478,3.487948382,Extrapolation
51,1040029710,0,0.979217129,66.20217601,2.899725759,Extrapolation
52,1040029710,1,0.979217129,66.20217601,2.807286583,Extrapolation
53,1040029810,0,0.979217129,890.0905455,10.45935878,Extrapolation
54,1040029810,1,0.979217129,890.0905455,5.088920488,Extrapolation
55,1040034260,0,0.979217129,80.20023902,2.707110883,Rarefaction
56,1040034260,1,0.979217129,80.20023902,2.538729862,Rarefaction
57,1040034270,0,0.979217129,143.6579231,2.458606175,Extrapolation
58,1040034270,1,0.979217129,143.6579231,2.109238182,Extrapolation
59,1040034610,0,0.979217129,57.83423314,2.374812864,Rarefaction
60,1040034610,1,0.979217129,57.83423314,2.169046386,Rarefaction
61,1040034900,0,0.979217129,60.101172,2.548175455,Rarefaction
62,1040034900,1,0.979217129,60.101172,2.33631073,Rarefaction
63,1040035590,0,0.979217129,76.39495419,3.272135148,Extrapolation
64,1040035590,1,0.979217129,76.39495419,2.625132426,Extrapolation
65,1040036860,0,0.979217129,104.3074876,4.229928397,Extrapolation
66,1040036860,1,0.979217129,104.3074876,3.392810116,Extrapolation
67,1040036870,0,0.979217129,1021.621474,6.402634809,Extrapolation
68,1040036870,1,0.979217129,1021.621474,4.014792599,Extrapolation
69,1040040050,0,0.979217129,195.7467816,3.122565144,Extrapolation
70,1040040050,1,0.979217129,195.7467816,2.569764469,Extrapolation
71,1040040200,0,0.979217129,115.7186573,2.26711752,Extrapolation
72,1040040200,1,0.979217129,115.7186573,2.224688347,Extrapolation
73,1040040240,0,0.979217129,165.107688,3.055719494,Rarefaction
74,1040040240,1,0.979217129,165.107688,2.605416692,Rarefaction
75,1040040320,0,0.979217129,667.6641366,3.623036311,Extrapolation
76,1040040320,1,0.979217129,667.6641366,2.97195535,Extrapolation
77,1040040340,0,0.979217129,48.50183784,2.303900843,Rarefaction
78,1040040340,1,0.979217129,48.50183784,2.097817631,Rarefaction
79,1040040520,0,0.979217129,704.1204624,5.648247715,Extrapolation
80,1040040520,1,0.979217129,704.1204624,2.828454023,Extrapolation
81,1040041020,0,0.979217129,291.7082582,2.678645648,Extrapolation
82,1040041020,1,0.979217129,291.7082582,2.408641939,Extrapolation
83,1040601190,0,0.979217129,440.022612,3.150937492,Extrapolation
84,1040601190,1,0.979217129,440.022612,2.548076832,Extrapolation
85,1040601200,0,0.979217129,550.4848864,3.258944191,Extrapolation
86,1040601200,1,0.979217129,550.4848864,2.61776923,Extrapolation
87,1040837890,0,0.979217129,733.0065144,5.971914274,Rarefaction
88,1040837890,1,0.979217129,733.0065144,4.524855465,Rarefaction
89,1040873640,0,0.979217129,336.9126054,3.761742215,Extrapolation
90,1040873640,1,0.979217129,336.9126054,2.899345173,Extrapolation
91,1040909890,0,0.979217129,798.7275498,9.966696943,Rarefaction
92,1040909890,1,0.979217129,798.7275498,6.288839064,Rarefaction
93,1041156960,0,0.979217129,614.2333769,4.084969016,Extrapolation
94,1041156960,1,0.979217129,614.2333769,3.021178803,Extrapolation
95,1041174950,0,0.979217129,363.3089023,5.283181646,Extrapolation
96,1041174950,1,0.979217129,363.3089023,3.234528665,Extrapolation
97,1041259940,0,0.979217129,559.5553538,3.987850562,Rarefaction
98,1041259940,1,0.979217129,559.5553538,2.733885178,Rarefaction
99,1041259950,0,0.979217129,156.0625911,3.139613915,Extrapolation
100,1041259950,1,0.979217129,156.0625911,2.735583692,Extrapolation
101,1041431480,0,0.979217129,213.040345,3.586178821,Extrapolation
102,1041431480,1,0.979217129,213.040345,2.688824188,Extrapolation
103,1041431680,0,0.979217129,193.9501751,3.177763288,Rarefaction
104,1041431680,1,0.979217129,193.9501751,2.808550081,Rarefaction
105,1041438780,0,0.979217129,272.0049529,3.372999224,Extrapolation
106,1041438780,1,0.979217129,272.0049529,2.755649756,Extrapolation
107,1041438860,0,0.979217129,277.439626,3.482255682,Rarefaction
108,1041438860,1,0.979217129,277.439626,2.794607894,Rarefaction
109,1041472390,0,0.979217129,147.9335674,3.36273761,Extrapolation
110,1041472390,1,0.979217129,147.9335674,2.722230991,Extrapolation
111,1041472430,0,0.979217129,445.2584509,3.881899219,Extrapolation
112,1041472430,1,0.979217129,445.2584509,3.136356575,Extrapolation
113,1041473880,0,0.979217129,338.6488459,3.528255158,Rarefaction
114,1041473880,1,0.979217129,338.6488459,3.029395934,Rarefaction
115,1041473950,0,0.979217129,266.5066,3.353290019,Rarefaction
116,1041473950,1,0.979217129,266.5066,2.782050428,Rarefaction
117,1041477980,0,0.979217129,183.2408912,3.529269519,Rarefaction
118,1041477980,1,0.979217129,183.2408912,3.041932237,Rarefaction
119,1041478080,0,0.979217129,151.1594019,2.969397823,Rarefaction
120,1041478080,1,0.979217129,151.1594019,2.50984091,Rarefaction
121,1041515680,0,0.979217129,338.737178,3.870199158,Rarefaction
122,1041515680,1,0.979217129,338.737178,2.870615006,Rarefaction
123,1041515780,0,0.979217129,507.0965617,4.773144796,Extrapolation
124,1041515780,1,0.979217129,507.0965617,2.714091628,Extrapolation
125,1041533130,0,0.979217129,205.4559184,3.373348686,Extrapolation
126,1041533130,1,0.979217129,205.4559184,2.569566724,Extrapolation
127,1041548760,0,0.979217129,250.7545746,3.663297125,Rarefaction
128,1041548760,1,0.979217129,250.7545746,3.024987523,Rarefaction
129,1041576090,0,0.979217129,324.7150983,3.694399579,Rarefaction
130,1041576090,1,0.979217129,324.7150983,3.083303803,Rarefaction
131,1041576130,0,0.979217129,388.6056791,3.711831696,Rarefaction
132,1041576130,1,0.979217129,388.6056791,3.131043982,Rarefaction
133,1041620200,0,0.979217129,86.80436607,2.774280233,Rarefaction
134,1041620200,1,0.979217129,86.80436607,2.536782399,Rarefaction
135,1041620260,0,0.979217129,178.2327681,2.896136795,Extrapolation
136,1041620260,1,0.979217129,178.2327681,2.562754121,Extrapolation
137,1041624310,0,0.979217129,103.3077336,2.95110862,Rarefaction
138,1041624310,1,0.979217129,103.3077336,2.570556684,Rarefaction
139,1041629370,0,0.979217129,278.718922,3.506641727,Rarefaction
140,1041629370,1,0.979217129,278.718922,2.808539908,Rarefaction
141,1041629430,0,0.979217129,177.3581632,3.39654508,Rarefaction
142,1041629430,1,0.979217129,177.3581632,2.724810561,Rarefaction
143,2040000010,0,0.979217129,862.6286065,7.886390394,Rarefaction
144,2040000010,1,0.979217129,862.6286065,3.209666911,Rarefaction
145,2040003550,0,0.979217129,1109.335813,9.785954669,Extrapolation
146,2040003550,1,0.979217129,1109.335813,5.389567376,Extrapolation
147,2040003560,0,0.979217129,587.1068089,9.641088825,Rarefaction
148,2040003560,1,0.979217129,587.1068089,5.503286629,Rarefaction
149,2040004130,0,0.979217129,578.9070748,8.126459672,Extrapolation
150,2040004130,1,0.979217129,578.9070748,3.892670476,Extrapolation
151,2040004140,0,0.979217129,79.97341269,2.603091078,Rarefaction
152,2040004140,1,0.979217129,79.97341269,2.140412338,Rarefaction
153,2040004280,0,0.979217129,530.0684328,6.359351218,Extrapolation
154,2040004280,1,0.979217129,530.0684328,2.573606929,Extrapolation
155,2040004290,0,0.979217129,771.2506808,8.796624898,Rarefaction
156,2040004290,1,0.979217129,771.2506808,3.56095606,Rarefaction
157,2040005120,0,0.979217129,864.0534269,10.05359404,Extrapolation
158,2040005120,1,0.979217129,864.0534269,4.142304895,Extrapolation
159,2040005130,0,0.979217129,1084.254235,7.488229113,Extrapolation
160,2040005130,1,0.979217129,1084.254235,2.804548564,Extrapolation
161,2040005690,0,0.979217129,365.0400603,5.893348968,Rarefaction
162,2040005690,1,0.979217129,365.0400603,2.924638885,Rarefaction
163,2040006600,0,0.979217129,436.9813883,5.946362367,Rarefaction
164,2040006600,1,0.979217129,436.9813883,2.931141717,Rarefaction
165,2040007930,0,0.979217129,299.5928565,7.598607325,Rarefaction
166,2040007930,1,0.979217129,299.5928565,4.968769376,Rarefaction
167,2040007940,0,0.979217129,427.6361206,5.515016759,Rarefaction
168,2040007940,1,0.979217129,427.6361206,2.424137613,Rarefaction
169,2040008490,0,0.979217129,680.814045,9.80097576,Rarefaction
170,2040008490,1,0.979217129,680.814045,4.366948237,Rarefaction
171,2040008500,0,0.979217129,439.029286,6.255408377,Rarefaction
172,2040008500,1,0.979217129,439.029286,3.366272843,Rarefaction
173,2040009230,0,0.979217129,884.4842116,11.49291929,Rarefaction
174,2040009230,1,0.979217129,884.4842116,5.917142436,Rarefaction
175,2040012730,0,0.979217129,1109.743518,13.17497563,Rarefaction
176,2040012730,1,0.979217129,1109.743518,7.930050639,Rarefaction
177,2040014550,0,0.979217129,788.2545965,12.13142812,Rarefaction
178,2040014550,1,0.979217129,788.2545965,7.410702198,Rarefaction
179,2040016230,0,0.979217129,1388.130142,13.48233226,Rarefaction
180,2040016230,1,0.979217129,1388.130142,6.167634091,Rarefaction
181,2040018240,0,0.979217129,310.6057494,8.194303592,Rarefaction
182,2040018240,1,0.979217129,310.6057494,5.229123943,Rarefaction
183,2040018360,0,0.979217129,681.7848246,10.30627169,Rarefaction
184,2040018360,1,0.979217129,681.7848246,5.574667058,Rarefaction
185,2040018370,0,0.979217129,387.4667911,4.887984741,Rarefaction
186,2040018370,1,0.979217129,387.4667911,2.594761767,Rarefaction
187,2040018460,0,0.979217129,556.3826289,8.083191771,Extrapolation
188,2040018460,1,0.979217129,556.3826289,3.301376059,Extrapolation
189,2040018470,0,0.979217129,527.8783335,6.953236802,Rarefaction
190,2040018470,1,0.979217129,527.8783335,3.081040863,Rarefaction
191,2040018840,0,0.979217129,1033.619496,11.31433761,Extrapolation
192,2040018840,1,0.979217129,1033.619496,5.714338409,Extrapolation
193,2040018850,0,0.979217129,578.1585363,11.08621617,Rarefaction
194,2040018850,1,0.979217129,578.1585363,7.777398069,Rarefaction
195,2040019150,0,0.979217129,1252.90506,10.03493193,Rarefaction
196,2040019150,1,0.979217129,1252.90506,3.590788644,Rarefaction
197,2040019160,0,0.979217129,1067.483476,12.80786658,Rarefaction
198,2040019160,1,0.979217129,1067.483476,7.610226847,Rarefaction
199,2040020320,0,0.979217129,1177.825578,13.27485481,Rarefaction
200,2040020320,1,0.979217129,1177.825578,6.67059294,Rarefaction
201,2040021030,0,0.979217129,1062.340647,12.65449293,Rarefaction
202,2040021030,1,0.979217129,1062.340647,5.605276137,Rarefaction
203,2040021040,0,0.979217129,859.7738438,12.17660956,Rarefaction
204,2040021040,1,0.979217129,859.7738438,7.128082824,Rarefaction
205,2040022150,0,0.979217129,1321.122832,11.12713182,Rarefaction
206,2040022150,1,0.979217129,1321.122832,3.598759611,Rarefaction
207,2040022160,0,0.979217129,1205.774846,10.83145106,Rarefaction
208,2040022160,1,0.979217129,1205.774846,4.190441858,Rarefaction
209,2040023010,0,0.979217129,1228.035267,13.04737906,Rarefaction
210,2040023010,1,0.979217129,1228.035267,5.501538053,Rarefaction
211,2040023020,0,0.979217129,1025.258339,10.346983,Rarefaction
212,2040023020,1,0.979217129,1025.258339,4.403835277,Rarefaction
213,2040024170,0,0.979217129,1081.3044,13.56822724,Rarefaction
214,2040024170,1,0.979217129,1081.3044,7.686677255,Rarefaction
215,2040024180,0,0.979217129,356.7639893,3.92615245,Rarefaction
216,2040024180,1,0.979217129,356.7639893,2.306696144,Rarefaction
217,2040024230,0,0.979217129,745.2456498,11.18083423,Rarefaction
218,2040024230,1,0.979217129,745.2456498,6.392798634,Rarefaction
219,2040026060,0,0.979217129,989.9883935,13.27570902,Rarefaction
220,2040026060,1,0.979217129,989.9883935,8.260777321,Rarefaction
221,2040026070,0,0.979217129,82.47911722,2.990496113,Extrapolation
222,2040026070,1,0.979217129,82.47911722,2.515588235,Extrapolation
223,2040026550,0,0.979217129,719.2364904,12.54547458,Rarefaction
224,2040026550,1,0.979217129,719.2364904,8.571164081,Rarefaction
225,2040026560,0,0.979217129,360.7686406,8.463521123,Extrapolation
226,2040026560,1,0.979217129,360.7686406,5.417768377,Extrapolation
227,2040026920,0,0.979217129,687.1284878,8.815874922,Rarefaction
228,2040026920,1,0.979217129,687.1284878,3.584987364,Rarefaction
229,2040026930,0,0.979217129,618.128826,8.050125328,Rarefaction
230,2040026930,1,0.979217129,618.128826,3.229956348,Rarefaction
231,2040027320,0,0.979217129,608.2216216,8.696308651,Extrapolation
232,2040027320,1,0.979217129,608.2216216,3.55472557,Extrapolation
233,2040027330,0,0.979217129,900.3228044,12.01979143,Rarefaction
234,2040027330,1,0.979217129,900.3228044,5.862620394,Rarefaction
235,2040028310,0,0.979217129,997.1683565,10.09531499,Rarefaction
236,2040028310,1,0.979217129,997.1683565,3.855938032,Rarefaction
237,2040028320,0,0.979217129,529.6301832,8.554295096,Rarefaction
238,2040028320,1,0.979217129,529.6301832,4.062416352,Rarefaction
239,2040028660,0,0.979217129,833.1211003,9.866852176,Rarefaction
240,2040028660,1,0.979217129,833.1211003,3.879908155,Rarefaction
241,2040028670,0,0.979217129,877.0315902,10.78665934,Rarefaction
242,2040028670,1,0.979217129,877.0315902,5.082530467,Rarefaction
243,2040029940,0,0.979217129,766.4598827,11.58016204,Rarefaction
244,2040029940,1,0.979217129,766.4598827,8.364117749,Rarefaction
245,2040029950,0,0.979217129,741.4447432,11.98465427,Rarefaction
246,2040029950,1,0.979217129,741.4447432,8.156711294,Rarefaction
247,2040030060,0,0.979217129,670.3613754,11.23426423,Rarefaction
248,2040030060,1,0.979217129,670.3613754,7.871160113,Rarefaction
249,2040030100,0,0.979217129,856.6196759,12.75294092,Rarefaction
250,2040030100,1,0.979217129,856.6196759,9.417915139,Rarefaction
251,2040030110,0,0.979217129,769.8935338,13.28466465,Rarefaction
252,2040030110,1,0.979217129,769.8935338,10.02931896,Rarefaction
253,2040031060,0,0.979217129,738.8410409,12.41054514,Rarefaction
254,2040031060,1,0.979217129,738.8410409,8.209265775,Rarefaction
255,2040031070,0,0.979217129,817.8918923,13.28259832,Rarefaction
256,2040031070,1,0.979217129,817.8918923,9.478924258,Rarefaction
257,2040031490,0,0.979217129,812.5380669,13.23543036,Rarefaction
258,2040031490,1,0.979217129,812.5380669,9.54121037,Rarefaction
259,2040031500,0,0.979217129,809.8426774,12.39893572,Rarefaction
260,2040031500,1,0.979217129,809.8426774,8.161956267,Rarefaction
261,2040033320,0,0.979217129,804.5128595,12.34773902,Rarefaction
262,2040033320,1,0.979217129,804.5128595,9.237820398,Rarefaction
263,2040033330,0,0.979217129,691.650601,12.10732937,Rarefaction
264,2040033330,1,0.979217129,691.650601,9.019044748,Rarefaction
265,2040033480,0,0.979217129,811.6588447,12.55967649,Rarefaction
266,2040033480,1,0.979217129,811.6588447,9.02949907,Rarefaction
267,2040037990,0,0.979217129,667.020394,11.98768423,Rarefaction
268,2040037990,1,0.979217129,667.020394,8.406468155,Rarefaction
269,2040039390,0,0.979217129,673.1786183,11.70782295,Rarefaction
270,2040039390,1,0.979217129,673.1786183,8.38217963,Rarefaction
271,2040039400,0,0.979217129,364.2185586,8.34334287,Extrapolation
272,2040039400,1,0.979217129,364.2185586,6.600682855,Extrapolation
273,2040039590,0,0.979217129,411.9574967,7.187478747,Extrapolation
274,2040039590,1,0.979217129,411.9574967,5.20581174,Extrapolation
275,2040041120,0,0.979217129,615.2664108,11.47840012,Rarefaction
276,2040041120,1,0.979217129,615.2664108,8.758832949,Rarefaction
277,2040041840,0,0.979217129,169.025741,9.413207978,Extrapolation
278,2040041840,1,0.979217129,169.025741,8.176147728,Extrapolation
279,2040045150,0,0.979217129,499.676281,7.273735347,Rarefaction
280,2040045150,1,0.979217129,499.676281,3.952368431,Rarefaction
281,2040046500,0,0.979217129,644.0056834,11.37724924,Rarefaction
282,2040046500,1,0.979217129,644.0056834,7.420164563,Rarefaction
283,2040047500,0,0.979217129,727.9994335,10.96324129,Rarefaction
284,2040047500,1,0.979217129,727.9994335,6.148542053,Rarefaction
285,2040048590,0,0.979217129,297.2332035,4.395503962,Extrapolation
286,2040048590,1,0.979217129,297.2332035,2.416520682,Extrapolation
287,2040048790,0,0.979217129,970.1081811,11.96008157,Rarefaction
288,2040048790,1,0.979217129,970.1081811,5.907249821,Rarefaction
289,2040054200,0,0.979217129,712.0065028,9.82369645,Rarefaction
290,2040054200,1,0.979217129,712.0065028,4.944994417,Rarefaction
291,2040056770,0,0.979217129,442.3815648,7.063211278,Rarefaction
292,2040056770,1,0.979217129,442.3815648,3.796896229,Rarefaction
293,2040059370,0,0.979217129,262.1340484,7.949670118,Rarefaction
294,2040059370,1,0.979217129,262.1340484,6.349454997,Rarefaction
295,2040065840,0,0.979217129,276.9513456,4.528948056,Extrapolation
296,2040065840,1,0.979217129,276.9513456,2.77062969,Extrapolation
297,2040065960,0,0.979217129,105.4263367,3.350348079,Extrapolation
298,2040065960,1,0.979217129,105.4263367,2.682932076,Extrapolation
299,2040066030,0,0.979217129,990.8645769,6.384940438,Extrapolation
300,2040066030,1,0.979217129,990.8645769,2.575837741,Extrapolation
301,2040067740,0,0.979217129,153.6200273,6.874810114,Extrapolation
302,2040067740,1,0.979217129,153.6200273,4.660858665,Extrapolation
303,2040068680,0,0.979217129,320.9063968,8.432702582,Extrapolation
304,2040068680,1,0.979217129,320.9063968,5.983708972,Extrapolation
305,2040068720,0,0.979217129,207.3304264,5.802339933,Extrapolation
306,2040068720,1,0.979217129,207.3304264,4.162103533,Extrapolation
307,2040069150,0,0.979217129,271.2100021,8.07843689,Extrapolation
308,2040069150,1,0.979217129,271.2100021,5.07063922,Extrapolation
309,2040069160,0,0.979217129,213.6519387,3.406627182,Rarefaction
310,2040069160,1,0.979217129,213.6519387,2.518262241,Rarefaction
311,2040070050,0,0.979217129,469.43235,6.097729184,Rarefaction
312,2040070050,1,0.979217129,469.43235,2.894343985,Rarefaction
313,2040070060,0,0.979217129,226.8626428,4.146302142,Extrapolation
314,2040070060,1,0.979217129,226.8626428,2.766273188,Extrapolation
315,2040070510,0,0.979217129,100.0364952,5.110641804,Extrapolation
316,2040070510,1,0.979217129,100.0364952,4.31598895,Extrapolation
317,2040070520,0,0.979217129,533.6591191,8.681184315,Extrapolation
318,2040070520,1,0.979217129,533.6591191,4.241760752,Extrapolation
319,2040071700,0,0.979217129,157.17543,3.024611326,Rarefaction
320,2040071700,1,0.979217129,157.17543,2.545763885,Rarefaction
321,2040072590,0,0.979217129,127.0697834,2.530171468,Extrapolation
322,2040072590,1,0.979217129,127.0697834,2.17928411,Extrapolation
323,2040072920,0,0.979217129,103.122128,4.300362354,Extrapolation
324,2040072920,1,0.979217129,103.122128,2.619327485,Extrapolation
325,2040072930,0,0.979217129,267.4267449,2.923538155,Extrapolation
326,2040072930,1,0.979217129,267.4267449,2.315470093,Extrapolation
327,2040073580,0,0.979217129,50.48808197,2.427136498,Rarefaction
328,2040073580,1,0.979217129,50.48808197,2.056162346,Rarefaction
329,2040075170,0,0.979217129,113.6569167,3.226378165,Rarefaction
330,2040075170,1,0.979217129,113.6569167,2.793006841,Rarefaction
331,2040077470,0,0.979217129,117.6875393,2.755018385,Rarefaction
332,2040077470,1,0.979217129,117.6875393,2.460582057,Rarefaction
333,2040077580,0,0.979217129,114.5890388,3.06332466,Rarefaction
334,2040077580,1,0.979217129,114.5890388,2.64268145,Rarefaction
335,2040079320,0,0.979217129,115.5806512,2.992058947,Rarefaction
336,2040079320,1,0.979217129,115.5806512,2.519910819,Rarefaction
337,2040081260,0,0.979217129,147.4931498,2.829864253,Extrapolation
338,2040081260,1,0.979217129,147.4931498,2.530624472,Extrapolation
339,2040084130,0,0.979217129,204.9068592,3.763291867,Extrapolation
340,2040084130,1,0.979217129,204.9068592,2.548634402,Extrapolation
341,2040085500,0,0.979217129,140.6032177,2.479744895,Extrapolation
342,2040085500,1,0.979217129,140.6032177,2.239065286,Extrapolation
343,2040085590,0,0.979217129,269.7166676,5.716258132,Extrapolation
344,2040085590,1,0.979217129,269.7166676,2.95379063,Extrapolation
345,2040085620,0,0.979217129,101.8362987,2.648304366,Extrapolation
346,2040085620,1,0.979217129,101.8362987,2.218173015,Extrapolation
347,2040085630,0,0.979217129,67.92198663,2.529205661,Extrapolation
348,2040085630,1,0.979217129,67.92198663,2.248244004,Extrapolation
349,2040085670,0,0.979217129,87.81138235,2.352073589,Rarefaction
350,2040085670,1,0.979217129,87.81138235,2.184115355,Rarefaction
351,2040085690,0,0.979217129,261.9443544,3.121632406,Extrapolation
352,2040085690,1,0.979217129,261.9443544,2.415622151,Extrapolation
353,2040085700,0,0.979217129,54.65048011,3.536025404,Extrapolation
354,2040085700,1,0.979217129,54.65048011,2.999010445,Extrapolation
355,2040085710,0,0.979217129,149.9929551,2.720318024,Extrapolation
356,2040085710,1,0.979217129,149.9929551,2.184372525,Extrapolation
357,2040085720,0,0.979217129,553.1178833,5.905016902,Rarefaction
358,2040085720,1,0.979217129,553.1178833,2.938951495,Rarefaction
359,2040085730,0,0.979217129,114.2886532,4.542317854,Extrapolation
360,2040085730,1,0.979217129,114.2886532,2.690805618,Extrapolation
361,2040085930,0,0.979217129,211.7065209,5.594295177,Extrapolation
362,2040085930,1,0.979217129,211.7065209,2.845456661,Extrapolation
363,2040085960,0,0.979217129,722.4335911,8.342122902,Extrapolation
364,2040085960,1,0.979217129,722.4335911,3.424544682,Extrapolation
365,2040085990,0,0.979217129,484.9149207,6.025210415,Extrapolation
366,2040085990,1,0.979217129,484.9149207,2.771604495,Extrapolation
367,2040288980,0,0.979217129,253.9207301,5.725356249,Extrapolation
368,2040288980,1,0.979217129,253.9207301,2.776233645,Extrapolation
369,2040289120,0,0.979217129,154.3851994,2.345399032,Rarefaction
370,2040289120,1,0.979217129,154.3851994,1.92283358,Rarefaction
371,2040292580,0,0.979217129,33.81738814,2.480509367,Extrapolation
372,2040292580,1,0.979217129,33.81738814,2.325364755,Extrapolation
373,2040292690,0,0.979217129,168.4777887,4.46230316,Extrapolation
374,2040292690,1,0.979217129,168.4777887,2.880628816,Extrapolation
375,2040309560,0,0.979217129,66.16671163,2.5131188,Rarefaction
376,2040309560,1,0.979217129,66.16671163,2.148882502,Rarefaction
377,2040309610,0,0.979217129,576.6376736,10.00969135,Extrapolation
378,2040309610,1,0.979217129,576.6376736,3.600341939,Extrapolation
379,2040315940,0,0.979217129,467.8072483,9.38257766,Extrapolation
380,2040315940,1,0.979217129,467.8072483,4.540074897,Extrapolation
381,2040363700,0,0.979217129,48.79817832,3.456887159,Extrapolation
382,2040363700,1,0.979217129,48.79817832,2.944787064,Extrapolation
383,2040400100,0,0.979217129,179.5305078,5.904039002,Extrapolation
384,2040400100,1,0.979217129,179.5305078,3.821163954,Extrapolation
385,2040416390,0,0.979217129,600.1080827,7.388986726,Extrapolation
386,2040416390,1,0.979217129,600.1080827,4.263284305,Extrapolation
387,2040491970,0,0.979217129,246.2121906,6.594276595,Extrapolation
388,2040491970,1,0.979217129,246.2121906,4.143412845,Extrapolation
389,2040539930,0,0.979217129,1102.122923,14.36688443,Rarefaction
390,2040539930,1,0.979217129,1102.122923,9.359437631,Rarefaction
391,2040540100,0,0.979217129,965.5365571,13.08073018,Rarefaction
392,2040540100,1,0.979217129,965.5365571,8.275222852,Rarefaction
393,2040543090,0,0.979217129,421.2291894,9.841572955,Extrapolation
394,2040543090,1,0.979217129,421.2291894,6.746047035,Extrapolation
395,2040543160,0,0.979217129,860.9151936,11.90405049,Rarefaction
396,2040543160,1,0.979217129,860.9151936,7.199290164,Rarefaction
397,2040548500,0,0.979217129,833.134545,11.80349014,Rarefaction
398,2040548500,1,0.979217129,833.134545,7.434423283,Rarefaction
399,2040555780,0,0.979217129,915.5576171,11.82265037,Rarefaction
400,2040555780,1,0.979217129,915.5576171,6.883427075,Rarefaction
401,2040785900,0,0.979217129,633.9639028,7.653216554,Rarefaction
402,2040785900,1,0.979217129,633.9639028,3.771868143,Rarefaction
403,2040816320,0,0.979217129,476.7850396,8.421393873,Extrapolation
404,2040816320,1,0.979217129,476.7850396,3.925451348,Extrapolation
405,2040816870,0,0.979217129,123.8323273,3.116395794,Rarefaction
406,2040816870,1,0.979217129,123.8323273,2.532637806,Rarefaction
407,2040828790,0,0.979217129,213.5584719,4.161929044,Rarefaction
408,2040828790,1,0.979217129,213.5584719,2.791761799,Rarefaction
409,3040024310,0,0.979217129,604.2460551,8.989144391,Rarefaction
410,3040024310,1,0.979217129,604.2460551,5.62859852,Rarefaction
411,3040386960,0,0.979217129,1009.96871,12.24148584,Extrapolation
412,3040386960,1,0.979217129,1009.96871,6.297309676,Extrapolation
413,3040481930,0,0.979217129,275.4608495,7.932299157,Extrapolation
414,3040481930,1,0.979217129,275.4608495,4.032033657,Extrapolation
415,3040483880,0,0.979217129,254.6615731,9.512077132,Extrapolation
416,3040483880,1,0.979217129,254.6615731,8.41120364,Extrapolation
417,3040496490,0,0.979217129,339.2190202,7.533833031,Rarefaction
418,3040496490,1,0.979217129,339.2190202,4.515057428,Rarefaction
419,3040679750,0,0.979217129,341.102404,9.49282133,Extrapolation
420,3040679750,1,0.979217129,341.102404,6.523788291,Extrapolation
421,3040679760,0,0.979217129,664.1450167,11.47489818,Extrapolation
422,3040679760,1,0.979217129,664.1450167,7.224455539,Extrapolation
423,4040000890,0,0.979217129,254.5331017,9.703106595,Extrapolation
424,4040000890,1,0.979217129,254.5331017,4.650462681,Extrapolation
425,4040003020,0,0.979217129,842.7417265,9.648688453,Rarefaction
426,4040003020,1,0.979217129,842.7417265,6.845637889,Rarefaction
427,4040005050,0,0.979217129,811.5887202,9.184474037,Rarefaction
428,4040005050,1,0.979217129,811.5887202,6.33900964,Rarefaction
429,4040005060,0,0.979217129,713.3273691,9.060997202,Rarefaction
430,4040005060,1,0.979217129,713.3273691,6.467405521,Rarefaction
431,4040007410,0,0.979217129,636.1197061,10.06406236,Extrapolation
432,4040007410,1,0.979217129,636.1197061,8.113765307,Extrapolation
433,4040009890,0,0.979217129,731.5960464,8.386114714,Extrapolation
434,4040009890,1,0.979217129,731.5960464,6.841732492,Extrapolation
435,4040012290,0,0.979217129,652.5179149,4.396389816,Rarefaction
436,4040012290,1,0.979217129,652.5179149,2.868585496,Rarefaction
437,4040012770,0,0.979217129,321.803779,3.927689759,Extrapolation
438,4040012770,1,0.979217129,321.803779,3.300482534,Extrapolation
439,4040012780,0,0.979217129,149.7658733,3.437041772,Extrapolation
440,4040012780,1,0.979217129,149.7658733,2.622060636,Extrapolation
441,4040012990,0,0.979217129,1778.418388,8.274979014,Extrapolation
442,4040012990,1,0.979217129,1778.418388,5.502222678,Extrapolation
443,4040013000,0,0.979217129,305.0822586,2.450976306,Extrapolation
444,4040013000,1,0.979217129,305.0822586,1.736409138,Extrapolation
445,4040015000,0,0.979217129,942.091589,4.920668781,Extrapolation
446,4040015000,1,0.979217129,942.091589,3.278820176,Extrapolation
447,4040015010,0,0.979217129,306.4405875,4.445232027,Extrapolation
448,4040015010,1,0.979217129,306.4405875,3.290881352,Extrapolation
449,4040015090,0,0.979217129,163.566289,2.661855027,Extrapolation
450,4040015090,1,0.979217129,163.566289,2.1847402,Extrapolation
451,4040017030,0,0.979217129,770.5197269,3.897780036,Rarefaction
452,4040017030,1,0.979217129,770.5197269,2.896604628,Rarefaction
453,4040018350,0,0.979217129,766.952201,4.0939751,Rarefaction
454,4040018350,1,0.979217129,766.952201,2.953367666,Rarefaction
455,4040023060,0,0.979217129,464.2897235,7.30994696,Extrapolation
456,4040023060,1,0.979217129,464.2897235,4.85412462,Extrapolation
457,4040023810,0,0.979217129,183.0583551,5.583548473,Extrapolation
458,4040023810,1,0.979217129,183.0583551,4.140446891,Extrapolation
459,4040025460,0,0.979217129,337.6761055,3.682559809,Rarefaction
460,4040025460,1,0.979217129,337.6761055,2.767541601,Rarefaction
461,4040027100,0,0.979217129,410.6647631,3.455494714,Extrapolation
462,4040027100,1,0.979217129,410.6647631,2.669766448,Extrapolation
463,4040027780,0,0.979217129,243.0392958,3.747238794,Extrapolation
464,4040027780,1,0.979217129,243.0392958,2.908905895,Extrapolation
465,4040027790,0,0.979217129,84.1165903,2.776494748,Extrapolation
466,4040027790,1,0.979217129,84.1165903,2.360699206,Extrapolation
467,4040027940,0,0.979217129,333.2003976,3.82790063,Rarefaction
468,4040027940,1,0.979217129,333.2003976,2.728034469,Rarefaction
469,4040027950,0,0.979217129,267.8773721,3.286240604,Rarefaction
470,4040027950,1,0.979217129,267.8773721,2.417858025,Rarefaction
471,4040028760,0,0.979217129,517.4467578,3.798268085,Rarefaction
472,4040028760,1,0.979217129,517.4467578,2.647189102,Rarefaction
473,4040029530,0,0.979217129,599.7818509,4.089965384,Rarefaction
474,4040029530,1,0.979217129,599.7818509,2.86430511,Rarefaction
475,4040031830,0,0.979217129,136.926025,3.260419495,Extrapolation
476,4040031830,1,0.979217129,136.926025,2.902352015,Extrapolation
477,4040037060,0,0.979217129,112.7778652,3.230862117,Extrapolation
478,4040037060,1,0.979217129,112.7778652,2.224324592,Extrapolation
479,4040039450,0,0.979217129,509.6681833,6.000014903,Extrapolation
480,4040039450,1,0.979217129,509.6681833,3.209855236,Extrapolation
481,4040045780,0,0.979217129,827.5817711,9.603075503,Extrapolation
482,4040045780,1,0.979217129,827.5817711,6.236977768,Extrapolation
483,4040046100,0,0.979217129,303.6785023,4.227657749,Extrapolation
484,4040046100,1,0.979217129,303.6785023,2.921637271,Extrapolation
485,4040046370,0,0.979217129,593.3848284,4.40212936,Rarefaction
486,4040046370,1,0.979217129,593.3848284,3.114290815,Rarefaction
487,4040047500,0,0.979217129,266.5274963,3.650194785,Extrapolation
488,4040047500,1,0.979217129,266.5274963,2.668352063,Extrapolation
489,4040048900,0,0.979217129,445.6800491,3.993181291,Rarefaction
490,4040048900,1,0.979217129,445.6800491,2.798732426,Rarefaction
491,4040050240,0,0.979217129,121.3373057,2.992929089,Rarefaction
492,4040050240,1,0.979217129,121.3373057,2.522581803,Rarefaction
493,4040050300,0,0.979217129,99.45636082,2.853162723,Extrapolation
494,4040050300,1,0.979217129,99.45636082,2.313102163,Extrapolation
495,4040095270,0,0.979217129,370.5929581,10.29651835,Extrapolation
496,4040095270,1,0.979217129,370.5929581,8.638506537,Extrapolation
497,4040169400,0,0.979217129,152.7279758,3.591106257,Extrapolation
498,4040169400,1,0.979217129,152.7279758,3.171455579,Extrapolation
499,4040223160,0,0.979217129,66.9210454,2.577574771,Extrapolation
500,4040223160,1,0.979217129,66.9210454,2.227092684,Extrapolation
501,4040234270,0,0.979217129,67.42420911,2.609469941,Extrapolation
502,4040234270,1,0.979217129,67.42420911,1.902345601,Extrapolation
503,4040298550,0,0.979217129,276.6612351,4.576955289,Extrapolation
504,4040298550,1,0.979217129,276.6612351,2.688886524,Extrapolation
505,4040484760,0,0.979217129,218.172064,3.43531704,Extrapolation
506,4040484760,1,0.979217129,218.172064,2.514612767,Extrapolation
507,4040545530,0,0.979217129,178.1663635,2.922422076,Extrapolation
508,4040545530,1,0.979217129,178.1663635,2.494132857,Extrapolation
509,4040627620,0,0.979217129,273.1628457,6.095290465,Extrapolation
510,4040627620,1,0.979217129,273.1628457,4.67982942,Extrapolation
511,4040748300,0,0.979217129,698.0635172,10.44566344,Rarefaction
512,4040748300,1,0.979217129,698.0635172,7.824067749,Rarefaction
513,4040773260,0,0.979217129,1822.944743,11.37796454,Rarefaction
514,4040773260,1,0.979217129,1822.944743,6.302852672,Rarefaction
515,4040783120,0,0.979217129,852.5462551,9.300555552,Rarefaction
516,4040783120,1,0.979217129,852.5462551,6.031976865,Rarefaction
517,4040839030,0,0.979217129,194.3850061,3.16321528,Extrapolation
518,4040839030,1,0.979217129,194.3850061,2.789572831,Extrapolation
519,4040960200,0,0.979217129,410.1474404,3.683791923,Extrapolation
520,4040960200,1,0.979217129,410.1474404,2.812256813,Extrapolation
521,4040960480,0,0.979217129,418.7733332,3.878501668,Rarefaction
522,4040960480,1,0.979217129,418.7733332,2.579695844,Rarefaction
523,4040975160,0,0.979217129,620.2987797,4.448536223,Rarefaction
524,4040975160,1,0.979217129,620.2987797,2.993817118,Rarefaction
525,4041043580,0,0.979217129,1188.671843,11.09955001,Rarefaction
526,4041043580,1,0.979217129,1188.671843,7.591383349,Rarefaction
527,4041108500,0,0.979217129,380.2904457,3.678971294,Extrapolation
528,4041108500,1,0.979217129,380.2904457,2.764680258,Extrapolation
529,4041108580,0,0.979217129,487.2024667,3.758416366,Extrapolation
530,4041108580,1,0.979217129,487.2024667,3.040018673,Extrapolation
531,4041128330,0,0.979217129,226.4329925,3.919008263,Extrapolation
532,4041128330,1,0.979217129,226.4329925,3.420197815,Extrapolation
533,4041144860,0,0.979217129,277.0179447,4.028906268,Extrapolation
534,4041144860,1,0.979217129,277.0179447,3.374231605,Extrapolation
535,4041144880,0,0.979217129,219.3780378,3.637934215,Extrapolation
536,4041144880,1,0.979217129,219.3780378,2.760820475,Extrapolation
537,5040000010,0,0.979217129,550.308798,8.421472551,Extrapolation
538,5040000010,1,0.979217129,550.308798,4.896417383,Extrapolation
539,5040007690,0,0.979217129,876.8210822,7.916064363,Rarefaction
540,5040007690,1,0.979217129,876.8210822,3.622743775,Rarefaction
541,5040011800,0,0.979217129,246.8316495,3.413091379,Rarefaction
542,5040011800,1,0.979217129,246.8316495,2.600058262,Rarefaction
543,5040014020,0,0.979217129,199.8862332,3.27979472,Rarefaction
544,5040014020,1,0.979217129,199.8862332,2.865579023,Rarefaction
545,5040017040,0,0.979217129,208.8206967,3.659733011,Extrapolation
546,5040017040,1,0.979217129,208.8206967,2.46656174,Extrapolation
547,5040017830,0,0.979217129,321.5007053,3.845541079,Extrapolation
548,5040017830,1,0.979217129,321.5007053,2.845529039,Extrapolation
549,5040022500,0,0.979217129,344.3634753,3.659814464,Extrapolation
550,5040022500,1,0.979217129,344.3634753,2.841594275,Extrapolation
551,5040031240,0,0.979217129,277.4411182,3.726452153,Extrapolation
552,5040031240,1,0.979217129,277.4411182,2.938929868,Extrapolation
553,5040038940,0,0.979217129,33.02089731,2.81571627,Extrapolation
554,5040038940,1,0.979217129,33.02089731,2.394516062,Extrapolation
555,5040041880,0,0.979217129,218.6411546,3.561091413,Extrapolation
556,5040041880,1,0.979217129,218.6411546,3.016376708,Extrapolation
557,5040049720,0,0.979217129,565.5198917,4.204110277,Rarefaction
558,5040049720,1,0.979217129,565.5198917,3.051051796,Rarefaction
559,5040055960,0,0.979217129,167.0558958,3.335048814,Rarefaction
560,5040055960,1,0.979217129,167.0558958,2.94085867,Rarefaction
561,5040056460,0,0.979217129,175.2490519,3.311099705,Rarefaction
562,5040056460,1,0.979217129,175.2490519,2.906043785,Rarefaction
563,5040056470,0,0.979217129,150.8800191,3.298953311,Rarefaction
564,5040056470,1,0.979217129,150.8800191,2.859265583,Rarefaction
565,5040056740,0,0.979217129,163.9131108,4.240029356,Extrapolation
566,5040056740,1,0.979217129,163.9131108,3.530215505,Extrapolation
567,5040056750,0,0.979217129,106.2643316,4.196323895,Rarefaction
568,5040056750,1,0.979217129,106.2643316,3.416390152,Rarefaction
569,5040057320,0,0.979217129,108.0243989,4.085294425,Extrapolation
570,5040057320,1,0.979217129,108.0243989,3.53362173,Extrapolation
571,5040057330,0,0.979217129,389.2729239,4.306499279,Extrapolation
572,5040057330,1,0.979217129,389.2729239,2.937497097,Extrapolation
573,5040057720,0,0.979217129,233.0640747,3.839368377,Rarefaction
574,5040057720,1,0.979217129,233.0640747,3.327816176,Rarefaction
575,5040059440,0,0.979217129,204.4264093,4.271362988,Extrapolation
576,5040059440,1,0.979217129,204.4264093,3.713789194,Extrapolation
577,5040059450,0,0.979217129,316.6673482,4.355310416,Rarefaction
578,5040059450,1,0.979217129,316.6673482,3.047202525,Rarefaction
579,5040061660,0,0.979217129,65.16746559,2.897899853,Extrapolation
580,5040061660,1,0.979217129,65.16746559,2.782104754,Extrapolation
581,5040061670,0,0.979217129,318.1711584,3.631574389,Rarefaction
582,5040061670,1,0.979217129,318.1711584,2.628506839,Rarefaction
583,5040064130,0,0.979217129,90.82255358,3.738801939,Extrapolation
584,5040064130,1,0.979217129,90.82255358,2.917193898,Extrapolation
585,5040064140,0,0.979217129,192.1783368,3.856187386,Rarefaction
586,5040064140,1,0.979217129,192.1783368,3.12017218,Rarefaction
587,5040065600,0,0.979217129,180.4586819,3.195249879,Extrapolation
588,5040065600,1,0.979217129,180.4586819,2.793926476,Extrapolation
589,5040067860,0,0.979217129,564.0525724,4.019862759,Rarefaction
590,5040067860,1,0.979217129,564.0525724,3.06142586,Rarefaction
591,5040068450,0,0.979217129,456.1716395,4.025150597,Extrapolation
592,5040068450,1,0.979217129,456.1716395,3.252624996,Extrapolation
593,5040068460,0,0.979217129,428.6371023,4.00044817,Rarefaction
594,5040068460,1,0.979217129,428.6371023,3.096831326,Rarefaction
595,5040069590,0,0.979217129,471.8629397,4.067804216,Rarefaction
596,5040069590,1,0.979217129,471.8629397,3.282599219,Rarefaction
597,5040069600,0,0.979217129,243.6981385,3.886515051,Extrapolation
598,5040069600,1,0.979217129,243.6981385,3.060737388,Extrapolation
599,5040069960,0,0.979217129,381.2240798,4.128050269,Extrapolation
600,5040069960,1,0.979217129,381.2240798,3.234594752,Extrapolation
601,5040069970,0,0.979217129,484.876644,4.152390422,Rarefaction
602,5040069970,1,0.979217129,484.876644,3.189020186,Rarefaction
603,5040070700,0,0.979217129,454.7049376,4.287195664,Rarefaction
604,5040070700,1,0.979217129,454.7049376,3.210372219,Rarefaction
605,5040070710,0,0.979217129,1187.528486,8.168107972,Rarefaction
606,5040070710,1,0.979217129,1187.528486,4.282586488,Rarefaction
607,5040073410,0,0.979217129,97.52325658,3.012371645,Rarefaction
608,5040073410,1,0.979217129,97.52325658,2.668645714,Rarefaction
609,5040073420,0,0.979217129,302.1908361,5.180485242,Rarefaction
610,5040073420,1,0.979217129,302.1908361,3.453520733,Rarefaction
611,5040076530,0,0.979217129,175.2080992,3.12416329,Extrapolation
612,5040076530,1,0.979217129,175.2080992,2.422338684,Extrapolation
613,5040076890,0,0.979217129,129.3564258,2.986943755,Extrapolation
614,5040076890,1,0.979217129,129.3564258,2.94779026,Extrapolation
615,5040077640,0,0.979217129,158.53182,2.853609572,Rarefaction
616,5040077640,1,0.979217129,158.53182,2.091198596,Rarefaction
617,5040082270,0,0.979217129,422.2049037,4.295236541,Rarefaction
618,5040082270,1,0.979217129,422.2049037,3.072919177,Rarefaction
619,5040085040,0,0.979217129,430.3560723,4.641558419,Rarefaction
620,5040085040,1,0.979217129,430.3560723,2.927154787,Rarefaction
621,5040087630,0,0.979217129,64.53405328,2.680954246,Extrapolation
622,5040087630,1,0.979217129,64.53405328,2.495757114,Extrapolation
623,5040491370,0,0.979217129,91.4745902,2.35508984,Rarefaction
624,5040491370,1,0.979217129,91.4745902,2.079301491,Rarefaction
625,5040491510,0,0.979217129,323.0189596,3.835758082,Extrapolation
626,5040491510,1,0.979217129,323.0189596,2.985789103,Extrapolation
627,5040511570,0,0.979217129,434.4993616,3.741918343,Extrapolation
628,5040511570,1,0.979217129,434.4993616,3.129423986,Extrapolation
629,5040524870,0,0.979217129,435.7475663,3.999428524,Rarefaction
630,5040524870,1,0.979217129,435.7475663,3.566907248,Rarefaction
631,5040533380,0,0.979217129,126.7096984,3.448609626,Extrapolation
632,5040533380,1,0.979217129,126.7096984,3.12473766,Extrapolation
633,5040533450,0,0.979217129,79.32181207,2.989634993,Extrapolation
634,5040533450,1,0.979217129,79.32181207,2.635815366,Extrapolation
635,5040591010,0,0.979217129,90.38744348,2.836709972,Extrapolation
636,5040591010,1,0.979217129,90.38744348,2.679208938,Extrapolation
637,5040591050,0,0.979217129,997.3072094,7.952217363,Rarefaction
638,5040591050,1,0.979217129,997.3072094,4.411261606,Rarefaction
639,6040000010,0,0.979217129,333.9870378,6.542941062,Extrapolation
640,6040000010,1,0.979217129,333.9870378,5.060582209,Extrapolation
641,6040000740,0,0.979217129,972.6465618,7.723405121,Rarefaction
642,6040000740,1,0.979217129,972.6465618,4.94891442,Rarefaction
643,6040000750,0,0.979217129,958.9108185,9.633202085,Rarefaction
644,6040000750,1,0.979217129,958.9108185,6.07237707,Rarefaction
645,6040005190,0,0.979217129,257.7075127,8.543050766,Extrapolation
646,6040005190,1,0.979217129,257.7075127,3.48018391,Extrapolation
647,6040005490,0,0.979217129,1036.780802,4.462651033,Rarefaction
648,6040005490,1,0.979217129,1036.780802,2.569389453,Rarefaction
649,6040005500,0,0.979217129,523.6688591,7.892597965,Extrapolation
650,6040005500,1,0.979217129,523.6688591,3.738771061,Extrapolation
651,6040007010,0,0.979217129,719.2395498,7.448322864,Extrapolation
652,6040007010,1,0.979217129,719.2395498,5.025577347,Extrapolation
653,6040007960,0,0.979217129,903.8173062,7.901502149,Rarefaction
654,6040007960,1,0.979217129,903.8173062,4.520496204,Rarefaction
655,6040008320,0,0.979217129,684.7821081,8.253411322,Extrapolation
656,6040008320,1,0.979217129,684.7821081,5.130143762,Extrapolation
657,6040009770,0,0.979217129,255.3948914,5.320808758,Extrapolation
658,6040009770,1,0.979217129,255.3948914,3.696435875,Extrapolation
659,6040012800,0,0.979217129,109.0133702,3.648519682,Extrapolation
660,6040012800,1,0.979217129,109.0133702,2.483688422,Extrapolation
661,6040013420,0,0.979217129,352.6823747,6.987626696,Extrapolation
662,6040013420,1,0.979217129,352.6823747,3.374851252,Extrapolation
663,6040013430,0,0.979217129,657.2184117,8.366158275,Extrapolation
664,6040013430,1,0.979217129,657.2184117,3.747054629,Extrapolation
665,6040013750,0,0.979217129,421.028255,6.162531372,Extrapolation
666,6040013750,1,0.979217129,421.028255,3.360398584,Extrapolation
667,6040013760,0,0.979217129,687.8655132,5.347779849,Rarefaction
668,6040013760,1,0.979217129,687.8655132,2.949078643,Rarefaction
669,6040014330,0,0.979217129,878.9175672,7.683276116,Extrapolation
670,6040014330,1,0.979217129,878.9175672,4.583866927,Extrapolation
671,6040015940,0,0.979217129,174.6434573,5.284303268,Extrapolation
672,6040015940,1,0.979217129,174.6434573,3.692660796,Extrapolation
673,6040015950,0,0.979217129,374.8313331,5.839331052,Extrapolation
674,6040015950,1,0.979217129,374.8313331,3.49526901,Extrapolation
675,6040016720,0,0.979217129,142.0624544,3.911400939,Extrapolation
676,6040016720,1,0.979217129,142.0624544,2.910409227,Extrapolation
677,6040016760,0,0.979217129,486.8812125,6.62810649,Extrapolation
678,6040016760,1,0.979217129,486.8812125,4.186625264,Extrapolation
679,6040016970,0,0.979217129,126.113073,4.177935607,Extrapolation
680,6040016970,1,0.979217129,126.113073,3.855062884,Extrapolation
681,6040016980,0,0.979217129,263.3874393,3.435535947,Rarefaction
682,6040016980,1,0.979217129,263.3874393,2.275721926,Rarefaction
683,6040019090,0,0.979217129,163.2476973,6.431032872,Extrapolation
684,6040019090,1,0.979217129,163.2476973,3.206786369,Extrapolation
685,6040025130,0,0.979217129,335.6011794,4.842388897,Rarefaction
686,6040025130,1,0.979217129,335.6011794,2.57447541,Rarefaction
687,6040025140,0,0.979217129,349.1966552,5.093174902,Extrapolation
688,6040025140,1,0.979217129,349.1966552,2.601129077,Extrapolation
689,6040025420,0,0.979217129,411.7825317,4.751988045,Extrapolation
690,6040025420,1,0.979217129,411.7825317,2.443144759,Extrapolation
691,6040026140,0,0.979217129,240.879208,3.050105661,Extrapolation
692,6040026140,1,0.979217129,240.879208,2.225415727,Extrapolation
693,6040026990,0,0.979217129,188.3494412,2.18408101,Extrapolation
694,6040026990,1,0.979217129,188.3494412,1.959073477,Extrapolation
695,6040029280,0,0.979217129,65.16746559,3.223682229,Extrapolation
696,6040029280,1,0.979217129,65.16746559,2.173710016,Extrapolation
697,6040032290,0,0.979217129,1164.205903,9.185300692,Extrapolation
698,6040032290,1,0.979217129,1164.205903,4.739574212,Extrapolation
699,6040034810,0,0.979217129,272.8754294,2.562713383,Rarefaction
700,6040034810,1,0.979217129,272.8754294,2.182843128,Rarefaction
701,6040040460,0,0.979217129,364.6027786,5.733065236,Rarefaction
702,6040040460,1,0.979217129,364.6027786,3.964850963,Rarefaction
703,6040075390,0,0.979217129,203.0106521,5.547421715,Extrapolation
704,6040075390,1,0.979217129,203.0106521,3.626402576,Extrapolation
705,6040075410,0,0.979217129,127.5358332,4.229246013,Extrapolation
706,6040075410,1,0.979217129,127.5358332,2.701091138,Extrapolation
707,6040084750,0,0.979217129,381.2593705,4.83291445,Extrapolation
708,6040084750,1,0.979217129,381.2593705,2.709122944,Extrapolation
709,6040102250,0,0.979217129,921.5415817,8.64878651,Extrapolation
710,6040102250,1,0.979217129,921.5415817,5.337150801,Extrapolation
711,6040102330,0,0.979217129,94.65453512,4.741424377,Extrapolation
712,6040102330,1,0.979217129,94.65453512,4.296377831,Extrapolation
713,6040239720,0,0.979217129,1016.260611,8.254239234,Extrapolation
714,6040239720,1,0.979217129,1016.260611,4.838581051,Extrapolation
715,6040239820,0,0.979217129,256.8337901,4.938008159,Extrapolation
716,6040239820,1,0.979217129,256.8337901,4.090348116,Extrapolation
717,6040262110,0,0.979217129,1292.886677,9.407737234,Extrapolation
718,6040262110,1,0.979217129,1292.886677,5.104252774,Extrapolation
719,6040262220,0,0.979217129,365.4393685,6.775184606,Extrapolation
720,6040262220,1,0.979217129,365.4393685,4.631438781,Extrapolation
721,6040280400,0,0.979217129,1491.968789,9.321250581,Rarefaction
722,6040280400,1,0.979217129,1491.968789,5.666069989,Rarefaction
723,6040280410,0,0.979217129,1582.308747,10.84915791,Extrapolation
724,6040280410,1,0.979217129,1582.308747,5.613891715,Extrapolation
725,6040285930,0,0.979217129,546.5327811,8.45022402,Extrapolation
726,6040285930,1,0.979217129,546.5327811,5.394376656,Extrapolation
727,6040285990,0,0.979217129,1202.464589,7.522451388,Rarefaction
728,6040285990,1,0.979217129,1202.464589,3.611824842,Rarefaction
729,6040345000,0,0.979217129,182.2383452,3.920860957,Extrapolation
730,6040345000,1,0.979217129,182.2383452,3.225133981,Extrapolation
731,6040527670,0,0.979217129,305.4080844,4.434659069,Extrapolation
732,6040527670,1,0.979217129,305.4080844,3.354779011,Extrapolation
733,6040527680,0,0.979217129,209.3034881,5.254768431,Extrapolation
734,6040527680,1,0.979217129,209.3034881,4.338300319,Extrapolation
735,6040709820,0,0.979217129,262.6989933,7.514786775,Extrapolation
736,6040709820,1,0.979217129,262.6989933,5.044641599,Extrapolation
737,6040752460,0,0.979217129,131.2782625,4.288287893,Extrapolation
738,6040752460,1,0.979217129,131.2782625,2.628870463,Extrapolation
739,6040752470,0,0.979217129,377.5247258,6.07451334,Rarefaction
740,6040752470,1,0.979217129,377.5247258,4.071525352,Rarefaction
741,6040814820,0,0.979217129,1192.037645,9.393370734,Rarefaction
742,6040814820,1,0.979217129,1192.037645,5.068006605,Rarefaction
743,6040814830,0,0.979217129,866.5575119,10.2965654,Extrapolation
744,6040814830,1,0.979217129,866.5575119,4.732260329,Extrapolation
745,6040870370,0,0.979217129,750.1134425,5.660554134,Extrapolation
746,6040870370,1,0.979217129,750.1134425,3.739641202,Extrapolation
747,6040870380,0,0.979217129,233.2137126,5.130784038,Extrapolation
748,6040870380,1,0.979217129,233.2137126,2.373790403,Extrapolation
749,7040000010,0,0.979217129,479.7670965,3.945342652,Rarefaction
750,7040000010,1,0.979217129,479.7670965,2.384103325,Rarefaction
751,7040005410,0,0.979217129,121.7330524,2.702289655,Extrapolation
752,7040005410,1,0.979217129,121.7330524,2.326559137,Extrapolation
753,7040005420,0,0.979217129,276.2843298,3.3056922,Rarefaction
754,7040005420,1,0.979217129,276.2843298,2.332374257,Rarefaction
755,7040006390,0,0.979217129,365.1523846,3.817196778,Extrapolation
756,7040006390,1,0.979217129,365.1523846,2.566813376,Extrapolation
757,7040006400,0,0.979217129,412.9872129,3.128115248,Rarefaction
758,7040006400,1,0.979217129,412.9872129,2.016299393,Rarefaction
759,7040007380,0,0.979217129,303.903173,5.703032669,Rarefaction
760,7040007380,1,0.979217129,303.903173,3.640650017,Rarefaction
761,7040007390,0,0.979217129,692.0585217,5.219849752,Extrapolation
762,7040007390,1,0.979217129,692.0585217,2.483966773,Extrapolation
763,7040007830,0,0.979217129,291.1783521,3.704751983,Rarefaction
764,7040007830,1,0.979217129,291.1783521,2.724361293,Rarefaction
765,7040007840,0,0.979217129,237.8140018,3.450691924,Rarefaction
766,7040007840,1,0.979217129,237.8140018,2.487805723,Rarefaction
767,7040008720,0,0.979217129,845.724431,9.91805796,Rarefaction
768,7040008720,1,0.979217129,845.724431,5.148638369,Rarefaction
769,7040013170,0,0.979217129,272.9591135,4.141008493,Extrapolation
770,7040013170,1,0.979217129,272.9591135,3.249275798,Extrapolation
771,7040013180,0,0.979217129,810.6610865,8.136259919,Rarefaction
772,7040013180,1,0.979217129,810.6610865,4.141135821,Rarefaction
773,7040013550,0,0.979217129,1063.394854,11.51020073,Rarefaction
774,7040013550,1,0.979217129,1063.394854,6.633578487,Rarefaction
775,7040013560,0,0.979217129,954.2170144,11.1249165,Rarefaction
776,7040013560,1,0.979217129,954.2170144,5.853122138,Rarefaction
777,7040014040,0,0.979217129,1304.544255,11.90805672,Extrapolation
778,7040014040,1,0.979217129,1304.544255,7.733325544,Extrapolation
779,7040014050,0,0.979217129,428.5591348,9.460724756,Extrapolation
780,7040014050,1,0.979217129,428.5591348,6.665503508,Extrapolation
781,7040014200,0,0.979217129,1006.426627,11.82175905,Rarefaction
782,7040014200,1,0.979217129,1006.426627,7.71346561,Rarefaction
783,7040014210,0,0.979217129,382.1731441,9.035515308,Extrapolation
784,7040014210,1,0.979217129,382.1731441,6.827975402,Extrapolation
785,7040014250,0,0.979217129,1104.78949,10.3317507,Rarefaction
786,7040014250,1,0.979217129,1104.78949,4.939376589,Rarefaction
787,7040014930,0,0.979217129,877.7286338,9.400739812,Rarefaction
788,7040014930,1,0.979217129,877.7286338,4.111144451,Rarefaction
789,7040014940,0,0.979217129,1019.693968,9.934787142,Rarefaction
790,7040014940,1,0.979217129,1019.693968,5.010811693,Rarefaction
791,7040016260,0,0.979217129,941.347642,9.8344839,Rarefaction
792,7040016260,1,0.979217129,941.347642,5.714559346,Rarefaction
793,7040016270,0,0.979217129,447.5402963,6.772524058,Rarefaction
794,7040016270,1,0.979217129,447.5402963,3.546322505,Rarefaction
795,7040019010,0,0.979217129,37.68087609,1.842401736,Extrapolation
796,7040019010,1,0.979217129,37.68087609,1.737371847,Extrapolation
797,7040019200,0,0.979217129,327.2323522,9.243816032,Extrapolation
798,7040019200,1,0.979217129,327.2323522,3.705540287,Extrapolation
799,7040020100,0,0.979217129,1098.068358,13.10694374,Extrapolation
800,7040020100,1,0.979217129,1098.068358,4.507235855,Extrapolation
801,7040021740,0,0.979217129,382.1803016,10.32749304,Extrapolation
802,7040021740,1,0.979217129,382.1803016,6.764065131,Extrapolation
803,7040024300,0,0.979217129,44.95720424,1.728970463,Extrapolation
804,7040024300,1,0.979217129,44.95720424,1.704694941,Extrapolation
805,7040024580,0,0.979217129,576.8465607,9.134340243,Rarefaction
806,7040024580,1,0.979217129,576.8465607,6.878141019,Rarefaction
807,7040024600,0,0.979217129,157.347873,2.257276859,Extrapolation
808,7040024600,1,0.979217129,157.347873,1.959694257,Extrapolation
809,7040024830,0,0.979217129,72.383083,2.495988666,Extrapolation
810,7040024830,1,0.979217129,72.383083,2.099884586,Extrapolation
811,7040033480,0,0.979217129,1191.646809,9.27418945,Extrapolation
812,7040033480,1,0.979217129,1191.646809,3.649138729,Extrapolation
813,7040034520,0,0.979217129,820.64715,10.11514614,Rarefaction
814,7040034520,1,0.979217129,820.64715,5.331281241,Rarefaction
815,7040034530,0,0.979217129,1062.614701,12.52145919,Rarefaction
816,7040034530,1,0.979217129,1062.614701,7.915450183,Rarefaction
817,7040038340,0,0.979217129,1194.432681,11.68709134,Rarefaction
818,7040038340,1,0.979217129,1194.432681,4.139076629,Rarefaction
819,7040039620,0,0.979217129,1032.432697,12.92967092,Rarefaction
820,7040039620,1,0.979217129,1032.432697,6.389861128,Rarefaction
821,7040039630,0,0.979217129,1303.309786,11.29205638,Extrapolation
822,7040039630,1,0.979217129,1303.309786,4.612108049,Extrapolation
823,7040039870,0,0.979217129,1185.153249,11.89122948,Rarefaction
824,7040039870,1,0.979217129,1185.153249,5.934399449,Rarefaction
825,7040039880,0,0.979217129,1076.978128,8.444267121,Rarefaction
826,7040039880,1,0.979217129,1076.978128,2.908533705,Rarefaction
827,7040041050,0,0.979217129,1126.266607,11.82808225,Rarefaction
828,7040041050,1,0.979217129,1126.266607,6.60575867,Rarefaction
829,7040041060,0,0.979217129,930.2325885,7.042271003,Rarefaction
830,7040041060,1,0.979217129,930.2325885,2.662886662,Rarefaction
831,7040041400,0,0.979217129,1125.585068,11.3653702,Rarefaction
832,7040041400,1,0.979217129,1125.585068,5.570352712,Rarefaction
833,7040041410,0,0.979217129,1337.547908,10.24805863,Rarefaction
834,7040041410,1,0.979217129,1337.547908,3.219597894,Rarefaction
835,7040042040,0,0.979217129,1420.92831,11.653488,Rarefaction
836,7040042040,1,0.979217129,1420.92831,3.80234632,Rarefaction
837,7040043090,0,0.979217129,1097.27401,10.5593424,Rarefaction
838,7040043090,1,0.979217129,1097.27401,3.397854047,Rarefaction
839,7040043100,0,0.979217129,278.9791746,6.063663777,Extrapolation
840,7040043100,1,0.979217129,278.9791746,2.843704172,Extrapolation
841,7040043160,0,0.979217129,1223.522432,12.10762226,Rarefaction
842,7040043160,1,0.979217129,1223.522432,4.275164414,Rarefaction
843,7040043170,0,0.979217129,999.7661402,7.394433779,Rarefaction
844,7040043170,1,0.979217129,999.7661402,2.661478582,Rarefaction
845,7040045890,0,0.979217129,1207.117832,10.82229802,Rarefaction
846,7040045890,1,0.979217129,1207.117832,5.963880188,Rarefaction
847,7040045900,0,0.979217129,704.6375877,7.631841824,Rarefaction
848,7040045900,1,0.979217129,704.6375877,3.119710845,Rarefaction
849,7040046590,0,0.979217129,1343.30304,12.27947865,Rarefaction
850,7040046590,1,0.979217129,1343.30304,5.27117151,Rarefaction
851,7040046600,0,0.979217129,915.3681067,10.44243331,Extrapolation
852,7040046600,1,0.979217129,915.3681067,3.87589278,Extrapolation
853,7040046750,0,0.979217129,1197.31692,9.341867351,Extrapolation
854,7040046750,1,0.979217129,1197.31692,3.286253587,Extrapolation
855,7040047060,0,0.979217129,783.6268487,8.720535352,Extrapolation
856,7040047060,1,0.979217129,783.6268487,2.429890924,Extrapolation
857,7040047070,0,0.979217129,585.1628382,7.828818432,Rarefaction
858,7040047070,1,0.979217129,585.1628382,3.792224035,Rarefaction
859,7040047850,0,0.979217129,617.6741478,5.330691777,Rarefaction
860,7040047850,1,0.979217129,617.6741478,2.457824148,Rarefaction
861,7040047860,0,0.979217129,177.5689852,2.324660301,Rarefaction
862,7040047860,1,0.979217129,177.5689852,2.049212132,Rarefaction
863,7040047970,0,0.979217129,736.3646634,6.852292383,Rarefaction
864,7040047970,1,0.979217129,736.3646634,2.79165474,Rarefaction
865,7040047980,0,0.979217129,395.4561003,3.443448181,Rarefaction
866,7040047980,1,0.979217129,395.4561003,2.132403636,Rarefaction
867,7040048300,0,0.979217129,670.3733128,5.398461499,Rarefaction
868,7040048300,1,0.979217129,670.3733128,2.591680758,Rarefaction
869,7040048310,0,0.979217129,1125.830586,9.733289107,Extrapolation
870,7040048310,1,0.979217129,1125.830586,2.568552384,Extrapolation
871,7040048410,0,0.979217129,414.6382524,4.265350271,Rarefaction
872,7040048410,1,0.979217129,414.6382524,2.896633488,Rarefaction
873,7040048420,0,0.979217129,775.8223577,6.382852254,Rarefaction
874,7040048420,1,0.979217129,775.8223577,2.865552581,Rarefaction
875,7040049270,0,0.979217129,1305.699853,8.596612142,Rarefaction
876,7040049270,1,0.979217129,1305.699853,3.210623587,Rarefaction
877,7040049280,0,0.979217129,186.2025056,2.76912689,Extrapolation
878,7040049280,1,0.979217129,186.2025056,2.180089769,Extrapolation
879,7040049990,0,0.979217129,1233.122709,6.403187642,Extrapolation
880,7040049990,1,0.979217129,1233.122709,2.77554008,Extrapolation
881,7040050000,0,0.979217129,624.3323487,3.324733752,Extrapolation
882,7040050000,1,0.979217129,624.3323487,2.3693065,Extrapolation
883,7040050640,0,0.979217129,246.5375474,3.484774535,Extrapolation
884,7040050640,1,0.979217129,246.5375474,2.476329353,Extrapolation
885,7040050650,0,0.979217129,162.3106784,2.972632643,Extrapolation
886,7040050650,1,0.979217129,162.3106784,2.451271578,Extrapolation
887,7040050920,0,0.979217129,507.4748105,4.500765928,Extrapolation
888,7040050920,1,0.979217129,507.4748105,2.396679431,Extrapolation
889,7040050930,0,0.979217129,454.0293923,3.446324747,Rarefaction
890,7040050930,1,0.979217129,454.0293923,2.183512399,Rarefaction
891,7040054660,0,0.979217129,400.2026951,3.603714368,Rarefaction
892,7040054660,1,0.979217129,400.2026951,2.396248267,Rarefaction
893,7040054670,0,0.979217129,424.2377517,3.855698659,Extrapolation
894,7040054670,1,0.979217129,424.2377517,2.414665201,Extrapolation
895,7040059990,0,0.979217129,356.4671415,8.53408928,Rarefaction
896,7040059990,1,0.979217129,356.4671415,6.413305196,Rarefaction
897,7040064730,0,0.979217129,299.9330828,4.554711005,Rarefaction
898,7040064730,1,0.979217129,299.9330828,2.510183159,Rarefaction
899,7040065760,0,0.979217129,557.0753936,7.838976284,Rarefaction
900,7040065760,1,0.979217129,557.0753936,4.601509589,Rarefaction
901,7040070790,0,0.979217129,198.4593263,2.707961396,Extrapolation
902,7040070790,1,0.979217129,198.4593263,2.127995216,Extrapolation
903,7040072800,0,0.979217129,151.9385784,2.428763442,Rarefaction
904,7040072800,1,0.979217129,151.9385784,2.047946307,Rarefaction
905,7040073620,0,0.979217129,1073.562873,10.78428956,Rarefaction
906,7040073620,1,0.979217129,1073.562873,6.96818987,Rarefaction
907,7040073630,0,0.979217129,990.4621625,11.53251902,Extrapolation
908,7040073630,1,0.979217129,990.4621625,7.905103047,Extrapolation
909,7040073660,0,0.979217129,98.99996373,2.985315702,Rarefaction
910,7040073660,1,0.979217129,98.99996373,2.586940282,Rarefaction
911,7040073690,0,0.979217129,1080.767071,9.049228316,Extrapolation
912,7040073690,1,0.979217129,1080.767071,3.900547953,Extrapolation
913,7040073710,0,0.979217129,527.2976806,6.552253144,Rarefaction
914,7040073710,1,0.979217129,527.2976806,2.863265107,Rarefaction
915,7040073720,0,0.979217129,1023.159125,10.9390486,Rarefaction
916,7040073720,1,0.979217129,1023.159125,6.006984159,Rarefaction
917,7040073780,0,0.979217129,330.5253842,9.070733205,Extrapolation
918,7040073780,1,0.979217129,330.5253842,5.596958889,Extrapolation
919,7040073830,0,0.979217129,786.1168476,9.354081081,Extrapolation
920,7040073830,1,0.979217129,786.1168476,5.713788531,Extrapolation
921,7040073870,0,0.979217129,174.0657507,6.94776902,Extrapolation
922,7040073870,1,0.979217129,174.0657507,4.402938966,Extrapolation
923,7040192420,0,0.979217129,1330.413855,9.878043909,Extrapolation
924,7040192420,1,0.979217129,1330.413855,5.585676498,Extrapolation
925,7040192560,0,0.979217129,1047.09371,11.52012122,Rarefaction
926,7040192560,1,0.979217129,1047.09371,6.1784469,Rarefaction
927,7040194860,0,0.979217129,211.6372665,7.879132979,Extrapolation
928,7040194860,1,0.979217129,211.6372665,5.271379127,Extrapolation
929,7040194980,0,0.979217129,165.5767042,2.890446041,Rarefaction
930,7040194980,1,0.979217129,165.5767042,2.049967329,Rarefaction
931,7040282720,0,0.979217129,649.4000037,9.955356771,Extrapolation
932,7040282720,1,0.979217129,649.4000037,6.487686102,Extrapolation
933,7040282770,0,0.979217129,359.9999454,10.30776726,Extrapolation
934,7040282770,1,0.979217129,359.9999454,6.078680738,Extrapolation
935,7040374800,0,0.979217129,548.9482299,9.566621895,Rarefaction
936,7040374800,1,0.979217129,548.9482299,6.754365543,Rarefaction
937,7040374950,0,0.979217129,1260.619007,12.30415742,Rarefaction
938,7040374950,1,0.979217129,1260.619007,4.576922712,Rarefaction
939,7040379310,0,0.979217129,990.4741536,10.98285455,Rarefaction
940,7040379310,1,0.979217129,990.4741536,6.668653408,Rarefaction
941,7040379430,0,0.979217129,1051.708073,10.62762859,Rarefaction
942,7040379430,1,0.979217129,1051.708073,6.429163916,Rarefaction
943,7040388580,0,0.979217129,1436.594879,10.63032298,Extrapolation
944,7040388580,1,0.979217129,1436.594879,6.320136385,Extrapolation
945,7040388740,0,0.979217129,1000.545582,11.84589253,Rarefaction
946,7040388740,1,0.979217129,1000.545582,7.408530861,Rarefaction
947,7040392520,0,0.979217129,1321.412285,13.04406102,Rarefaction
948,7040392520,1,0.979217129,1321.412285,6.249220018,Rarefaction
949,7040392650,0,0.979217129,1133.997683,12.32384162,Rarefaction
950,7040392650,1,0.979217129,1133.997683,5.527297939,Rarefaction
951,7040394680,0,0.979217129,1019.953495,10.70153844,Rarefaction
952,7040394680,1,0.979217129,1019.953495,5.442622978,Rarefaction
953,7040394690,0,0.979217129,1067.31403,9.422088375,Rarefaction
954,7040394690,1,0.979217129,1067.31403,4.071466105,Rarefaction
955,7040395190,0,0.979217129,937.7550454,10.96746526,Rarefaction
956,7040395190,1,0.979217129,937.7550454,7.278882715,Rarefaction
957,7040395340,0,0.979217129,1556.857833,11.69666409,Extrapolation
958,7040395340,1,0.979217129,1556.857833,5.371438172,Extrapolation
959,7040402320,0,0.979217129,899.2704055,8.607614453,Rarefaction
960,7040402320,1,0.979217129,899.2704055,3.069358412,Rarefaction
961,7040402430,0,0.979217129,1228.225861,9.177549456,Rarefaction
962,7040402430,1,0.979217129,1228.225861,2.934736312,Rarefaction
963,7040426310,0,0.979217129,723.1371776,7.859790334,Extrapolation
964,7040426310,1,0.979217129,723.1371776,2.752291907,Extrapolation
965,7040426320,0,0.979217129,756.8984993,7.036032355,Rarefaction
966,7040426320,1,0.979217129,756.8984993,2.689354937,Rarefaction
967,7040569640,0,0.979217129,1529.089106,13.44276923,Rarefaction
968,7040569640,1,0.979217129,1529.089106,6.301588381,Rarefaction
969,7040569650,0,0.979217129,1151.347289,11.71457682,Rarefaction
970,7040569650,1,0.979217129,1151.347289,4.924530122,Rarefaction
971,7040585110,0,0.979217129,847.597298,10.46187585,Extrapolation
972,7040585110,1,0.979217129,847.597298,6.948386407,Extrapolation
973,7040585120,0,0.979217129,1210.366231,11.92947929,Extrapolation
974,7040585120,1,0.979217129,1210.366231,6.748013813,Extrapolation
975,7040607990,0,0.979217129,452.0459952,9.337413967,Extrapolation
976,7040607990,1,0.979217129,452.0459952,7.059990698,Extrapolation
977,7040608130,0,0.979217129,440.6325708,9.851040407,Extrapolation
978,7040608130,1,0.979217129,440.6325708,6.441669596,Extrapolation
979,7040612640,0,0.979217129,1463.442559,11.78701543,Rarefaction
980,7040612640,1,0.979217129,1463.442559,3.923026796,Rarefaction
981,7040612840,0,0.979217129,1116.90257,12.21401523,Extrapolation
982,7040612840,1,0.979217129,1116.90257,5.199741107,Extrapolation
983,7040632220,0,0.979217129,399.5082448,5.791400289,Extrapolation
984,7040632220,1,0.979217129,399.5082448,3.144254527,Extrapolation
985,7040686450,0,0.979217129,1677.48256,12.10266818,Rarefaction
986,7040686450,1,0.979217129,1677.48256,5.648476047,Rarefaction
987,7040686540,0,0.979217129,878.4869993,11.24896194,Rarefaction
988,7040686540,1,0.979217129,878.4869993,6.512886585,Rarefaction
989,7040707710,0,0.979217129,764.1188189,7.603559422,Rarefaction
990,7040707710,1,0.979217129,764.1188189,3.189244261,Rarefaction
991,7040707810,0,0.979217129,891.3030668,8.359803491,Rarefaction
992,7040707810,1,0.979217129,891.3030668,3.629260746,Rarefaction
993,7040741760,0,0.979217129,941.9176898,8.536041572,Rarefaction
994,7040741760,1,0.979217129,941.9176898,3.220224713,Rarefaction
995,7040741770,0,0.979217129,1251.254464,9.020030639,Extrapolation
996,7040741770,1,0.979217129,1251.254464,4.579013715,Extrapolation
997,8040000810,0,0.979217129,159.0368126,5.278041211,Extrapolation
998,8040000810,1,0.979217129,159.0368126,3.350833424,Extrapolation
999,8040000820,0,0.979217129,467.0904477,9.345366196,Rarefaction
1000,8040000820,1,0.979217129,467.0904477,5.990341974,Rarefaction
1001,8040002260,0,0.979217129,339.5471617,9.129212441,Extrapolation
1002,8040002260,1,0.979217129,339.5471617,6.534627679,Extrapolation
1003,8040002270,0,0.979217129,1671.347391,9.649001098,Extrapolation
1004,8040002270,1,0.979217129,1671.347391,4.39649183,Extrapolation
1005,8040007180,0,0.979217129,103.1048054,4.514252198,Extrapolation
1006,8040007180,1,0.979217129,103.1048054,3.369896553,Extrapolation
1007,8040007190,0,0.979217129,345.3089413,6.075133815,Extrapolation
1008,8040007190,1,0.979217129,345.3089413,3.612346913,Extrapolation
1009,8040008390,0,0.979217129,404.8741656,6.354679067,Extrapolation
1010,8040008390,1,0.979217129,404.8741656,4.619198689,Extrapolation
1011,8040009560,0,0.979217129,197.3275223,8.482184771,Extrapolation
1012,8040009560,1,0.979217129,197.3275223,5.622698978,Extrapolation
1013,8040141480,0,0.979217129,199.1068106,4.734729868,Extrapolation
1014,8040141480,1,0.979217129,199.1068106,4.407527382,Extrapolation
1015,8040176200,0,0.979217129,1785.755529,11.88673631,Extrapolation
1016,8040176200,1,0.979217129,1785.755529,5.354720793,Extrapolation
1017,8040183760,0,0.979217129,237.2586235,4.271312346,Extrapolation
1018,8040183760,1,0.979217129,237.2586235,3.401680604,Extrapolation
1019,8040219290,0,0.979217129,149.6978767,5.418466281,Extrapolation
1020,8040219290,1,0.979217129,149.6978767,3.456785673,Extrapolation
1021,8040252760,0,0.979217129,275.8222819,7.109702655,Extrapolation
1022,8040252760,1,0.979217129,275.8222819,3.989025329,Extrapolation
1023,8040307300,0,0.979217129,1123.181571,13.56431911,Extrapolation
1024,8040307300,1,0.979217129,1123.181571,8.454826123,Extrapolation
