"","Assemblage","qFD","Assemblage.1","qFD.1","Assemblage.2","qFD.2"
"1","1040008480",5.528477154278,"1040008480",3.92133725871683,"1040008480",3.28058926333701
"2","1040009450",6.73772180376877,"1040009450",5.17206499601617,"1040009450",4.31037664589989
"3","1040011660",3.46941527893337,"1040011660",2.95459227769841,"1040011660",2.7338668182232
"4","1040011670",6.10699011622263,"1040011670",4.54982305629795,"1040011670",3.73601973784909
"5","1040012680",7.19693067765341,"1040012680",4.86777873095684,"1040012680",3.94319597687825
"6","1040012690",4.85430271112649,"1040012690",3.45226186315237,"1040012690",2.95992869336887
"7","1040012810",6.85253948665661,"1040012810",5.14429666329203,"1040012810",4.30756157024049
"8","1040012820",7.68837174156829,"1040012820",5.06839561799105,"1040012820",4.15860818608709
"9","1040014500",5.25003799426791,"1040014500",3.57133403838269,"1040014500",3.104952843262
"10","1040014920",4.30245652994071,"1040014920",3.45324246371658,"1040014920",3.03510363197112
"11","1040014930",6.36828812905168,"1040014930",4.25165879947694,"1040014930",3.58264614221642
"12","1040015030",7.63943537080201,"1040015030",3.89595074647072,"1040015030",3.11142336638781
"13","1040015860",4.90686666454667,"1040015860",3.61041613396472,"1040015860",3.18193987349763
"14","1040018120",5.11910833491384,"1040018120",4.23145098511112,"1040018120",3.74921750910992
"15","1040019430",4.47513452497523,"1040019430",3.73640417487899,"1040019430",3.33852587408647
"16","1040020570",8.712462689349,"1040020570",5.40786364318504,"1040020570",4.48504156991977
"17","1040020580",5.23168665673131,"1040020580",4.4149913939128,"1040020580",3.93302227207525
"18","1040022430",15.1340573559053,"1040022430",9.47500460851704,"1040022430",7.72604019938138
"19","1040023310",6.23521095467511,"1040023310",4.54693263178262,"1040023310",3.63259132566589
"20","1040024080",9.00209081916083,"1040024080",5.58763877476775,"1040024080",4.40302391355866
"21","1040026800",4.01185781948455,"1040026800",3.30501029362116,"1040026800",2.93631041550024
"22","1040028960",4.67078518650975,"1040028960",3.2069144374361,"1040028960",2.62861632850257
"23","1040028970",8.68459960790243,"1040028970",5.10026010287413,"1040028970",4.10132989896008
"24","1040029430",7.35927312426184,"1040029430",4.94956194091226,"1040029430",4.06084240958544
"25","1040029700",6.71237988243574,"1040029700",4.68238338054984,"1040029700",3.85869181846634
"26","1040029710",3.37488511328314,"1040029710",3.05097997342436,"1040029710",2.79372992346915
"27","1040029810",13.1037769578485,"1040029810",6.90894532390039,"1040029810",4.93623528035229
"28","1040034260",3.28744214670508,"1040034260",2.86351391722857,"1040034260",2.70721911860646
"29","1040034270",2.70066839727837,"1040034270",2.33383356981831,"1040034270",2.20494976782027
"30","1040034610",4.55453592248097,"1040034610",2.61501590374016,"1040034610",2.44359857576676
"31","1040034900",3.23760890878115,"1040034900",2.88466881577838,"1040034900",2.73728172925036
"32","1040035590",3.40418729506428,"1040035590",2.92828096840914,"1040035590",2.65513659135435
"33","1040036860",4.21544243711522,"1040036860",3.34458435819445,"1040036860",2.8704234906227
"34","1040036870",8.68150342293066,"1040036870",4.81993373744203,"1040036870",3.51647204721254
"35","1040040050",3.40086984444461,"1040040050",2.89642187583573,"1040040050",2.60563109822722
"36","1040040200",3.13114840659514,"1040040200",2.80999811395173,"1040040200",2.61621609235541
"37","1040040240",4.43487565531843,"1040040240",3.55528838030266,"1040040240",3.23753105970265
"38","1040040320",4.15319551122014,"1040040320",3.43244164197472,"1040040320",3.07438858120054
"39","1040040340",2.78220297316807,"1040040340",2.50345161743945,"1040040340",2.35522504500618
"40","1040040520",4.99393658817669,"1040040520",3.38341929381493,"1040040520",2.77290906261021
"41","1040041020",3.77379767686833,"1040041020",3.21134068367046,"1040041020",2.86451859927764
"42","1040601190",3.74995590062271,"1040601190",3.11516052116509,"1040601190",2.89900523294306
"43","1040601200",4.26100358363299,"1040601200",3.38916541162834,"1040601200",3.04633253877902
"44","1040837890",11.405943388159,"1040837890",5.6196536733256,"1040837890",4.36045930656423
"45","1040873640",5.71723610654093,"1040873640",4.20957364823597,"1040873640",3.57515289912776
"46","1040909890",14.9447294517633,"1040909890",10.0599969679626,"1040909890",8.11167367797132
"47","1041156960",8.49826794785753,"1041156960",5.90743723922203,"1041156960",4.8244231204437
"48","1041174950",4.63991405945419,"1041174950",3.75748107650335,"1041174950",3.27984593792825
"49","1041259940",7.85485088142592,"1041259940",4.4918433834045,"1041259940",3.43679747951514
"50","1041259950",4.57616187184401,"1041259950",3.94677659770299,"1041259950",3.63445014527513
"51","1041431480",5.0174415576921,"1041431480",3.69284834011939,"1041431480",3.06464703807904
"52","1041431680",5.19587412000657,"1041431680",4.22617069799595,"1041431680",3.75224593177079
"53","1041438780",5.04199995776802,"1041438780",3.7598347001846,"1041438780",3.21311132421711
"54","1041438860",5.96252877507941,"1041438860",4.45621372033972,"1041438860",3.81460862978001
"55","1041472390",4.90323739053118,"1041472390",3.85577964520012,"1041472390",3.3402261173364
"56","1041472430",5.97572640477556,"1041472430",4.4470331214406,"1041472430",3.75043449923804
"57","1041473880",6.40674559889294,"1041473880",5.01824210852926,"1041473880",4.42260977886982
"58","1041473950",6.09170913966666,"1041473950",4.73526897310884,"1041473950",4.27038649221988
"59","1041477980",5.66729201500633,"1041477980",4.6957274388862,"1041477980",4.17432118240506
"60","1041478080",4.21754462849698,"1041478080",3.26855902056235,"1041478080",2.84715759834949
"61","1041515680",7.63941225799428,"1041515680",4.75521845782455,"1041515680",4.17811874750644
"62","1041515780",4.9632789384176,"1041515780",3.80987752658456,"1041515780",3.54120852783653
"63","1041533130",4.12282999911537,"1041533130",3.40378923291922,"1041533130",3.06399276491384
"64","1041548760",6.26593412231142,"1041548760",4.56337751990846,"1041548760",3.86350107251054
"65","1041576090",6.96581749411589,"1041576090",4.86426747675754,"1041576090",3.9208288226972
"66","1041576130",7.4546057784589,"1041576130",4.67794507810341,"1041576130",3.77135642368335
"67","1041620200",3.66848235700679,"1041620200",3.15784213938536,"1041620200",2.96641449562494
"68","1041620260",3.35703834363861,"1041620260",2.9537257694067,"1041620260",2.7651138003533
"69","1041624310",3.6215924074254,"1041624310",3.07008313437536,"1041624310",2.82700988248602
"70","1041629370",5.44795452986023,"1041629370",3.94645957471001,"1041629370",3.42819615326268
"71","1041629430",4.54852209545565,"1041629430",3.53261019675705,"1041629430",3.12415314220941
"72","2040000010",15.5891054175534,"2040000010",4.96684217514106,"2040000010",3.84918185150419
"73","2040003550",11.3747256826994,"2040003550",7.28419190795,"2040003550",5.77122951654203
"74","2040003560",13.394335591092,"2040003560",8.24240646777777,"2040003560",6.36229080147085
"75","2040004130",10.2668185578758,"2040004130",5.6656763925481,"2040004130",4.32223359139618
"76","2040004140",3.46936227822495,"2040004140",2.92109126776426,"2040004140",2.61060412687992
"77","2040004280",7.65337891368934,"2040004280",3.60655566483056,"2040004280",2.85194899717723
"78","2040004290",11.4248694643675,"2040004290",4.85720200802272,"2040004290",3.45685498245429
"79","2040005120",12.0975260618259,"2040005120",5.61823805323667,"2040005120",3.99374899561299
"80","2040005130",5.68478997910594,"2040005130",3.69134171997412,"2040005130",3.13981388834169
"81","2040005690",7.59277795106895,"2040005690",4.14073528896215,"2040005690",3.34808757661621
"82","2040006600",7.7233410542423,"2040006600",3.98649924424499,"2040006600",3.22303567648175
"83","2040007930",9.41656530642314,"2040007930",6.65475458761519,"2040007930",5.49280756175153
"84","2040007940",7.74630258529902,"2040007940",3.41415120827862,"2040007940",2.84297743764151
"85","2040008490",12.8940201124696,"2040008490",6.2516669593328,"2040008490",4.35218546707825
"86","2040008500",11.2638946185704,"2040008500",4.82477479272043,"2040008500",3.87183213011533
"87","2040009230",19.9559822973252,"2040009230",9.38342024912721,"2040009230",6.78396700510543
"88","2040012730",22.6320832436969,"2040012730",11.7283587215339,"2040012730",8.56749978278389
"89","2040014550",18.7226785040843,"2040014550",9.57766342109698,"2040014550",6.79588777575391
"90","2040016230",27.8013227441723,"2040016230",9.85127246942806,"2040016230",6.73709692514637
"91","2040018240",10.1540363270949,"2040018240",6.90863728328675,"2040018240",5.5593415289632
"92","2040018360",14.5460570414748,"2040018360",7.45384909842097,"2040018360",5.33167327504815
"93","2040018370",6.40990859275359,"2040018370",3.10615675281449,"2040018370",2.67727144787179
"94","2040018460",8.91469439556144,"2040018460",4.59751318383175,"2040018460",3.48788551242256
"95","2040018470",9.38707587617766,"2040018470",4.42711896247508,"2040018470",3.42624986776406
"96","2040018840",15.9952831151165,"2040018840",9.09182345237878,"2040018840",6.65446002734668
"97","2040018850",15.7953411199948,"2040018850",11.1234711840605,"2040018850",9.06626499080811
"98","2040019150",19.0158358977078,"2040019150",5.79645432043577,"2040019150",4.82175055580803
"99","2040019160",20.9316382210325,"2040019160",11.3025053258859,"2040019160",8.05656107206883
"100","2040020320",25.4821004271978,"2040020320",10.5948659395823,"2040020320",7.41993823643144
"101","2040021030",25.374107840595,"2040021030",8.85950766935263,"2040021030",5.93299798267984
"102","2040021040",20.699917974387,"2040021040",10.7681798111607,"2040021040",7.76025627628754
"103","2040022150",23.4256134402969,"2040022150",5.50504050490117,"2040022150",4.0214731270183
"104","2040022160",23.2388665470244,"2040022160",6.22700910221173,"2040022160",4.47864463231118
"105","2040023010",26.7880101039261,"2040023010",8.31309895609772,"2040023010",5.48196173659535
"106","2040023020",22.5102623406759,"2040023020",6.261503607447,"2040023020",4.59685974299269
"107","2040024170",23.6491557543583,"2040024170",11.4367786318625,"2040024170",7.89777758226153
"108","2040024180",6.23337691756147,"2040024180",2.96305731044128,"2040024180",2.52385016954899
"109","2040024230",19.3982834884658,"2040024230",8.7689272765116,"2040024230",6.35120431661216
"110","2040026060",20.8667639673837,"2040026060",12.0904998087542,"2040026060",9.00539641572084
"111","2040026070",3.69059581757913,"2040026070",3.10644609713823,"2040026070",2.72032322281695
"112","2040026550",18.7978071108112,"2040026550",11.7344773856896,"2040026550",8.710092487443
"113","2040026560",10.6965539132413,"2040026560",7.15259450586643,"2040026560",5.30551813265751
"114","2040026920",14.9708353549676,"2040026920",5.63439625291939,"2040026920",4.18107276366929
"115","2040026930",12.5350326907087,"2040026930",4.93881123809954,"2040026930",3.7594701779752
"116","2040027320",11.0753099223593,"2040027320",5.09827185985543,"2040027320",3.73855400417209
"117","2040027330",19.910136094232,"2040027330",8.84533353528551,"2040027330",5.89948231563233
"118","2040028310",16.6546710662615,"2040028310",5.83666380406087,"2040028310",4.1390321771723
"119","2040028320",13.6727487082289,"2040028320",6.34815674146474,"2040028320",4.63338666937243
"120","2040028660",16.1581355104887,"2040028660",5.70891357421926,"2040028660",4.01420694696592
"121","2040028670",18.28207320549,"2040028670",7.73057145724572,"2040028670",5.31861185844336
"122","2040029940",16.6857701010683,"2040029940",10.7354198773307,"2040029940",8.53507601340999
"123","2040029950",16.1581747502794,"2040029950",10.4858326684493,"2040029950",8.09226734833809
"124","2040030060",16.1737572272917,"2040030060",9.75684372789375,"2040030060",7.03236522833118
"125","2040030100",19.3010690775342,"2040030100",11.9285767723425,"2040030100",9.61944284419186
"126","2040030110",21.0109194655056,"2040030110",12.805011823854,"2040030110",10.4479557597679
"127","2040031060",17.8051383554352,"2040031060",10.2420714273957,"2040031060",8.02211792099497
"128","2040031070",20.8957820074446,"2040031070",12.2409333367118,"2040031070",9.70241583971047
"129","2040031490",20.4389391475315,"2040031490",12.3585263952251,"2040031490",9.85324926794203
"130","2040031500",20.6781189132905,"2040031500",11.3259686585868,"2040031500",8.7626152109977
"131","2040033320",20.1238885716285,"2040033320",11.8019355104711,"2040033320",9.85638485844883
"132","2040033330",17.7858411411404,"2040033330",11.7396909029225,"2040033330",9.89950679485678
"133","2040033480",20.9707600215914,"2040033480",11.8159730734301,"2040033480",9.55237946241181
"134","2040037990",16.7018191261102,"2040037990",10.262016827295,"2040037990",8.19011472123429
"135","2040039390",14.6911674776043,"2040039390",10.0204059617124,"2040039390",7.51230726739822
"136","2040039400",9.44453639026432,"2040039400",7.53093900275546,"2040039400",6.66539326564099
"137","2040039590",8.1770155030703,"2040039590",5.53031109064772,"2040039590",4.74289297965386
"138","2040041120",15.9200280072018,"2040041120",10.9333664991241,"2040041120",8.92439025216567
"139","2040041840",7.50356267453478,"2040041840",6.60216179012194,"2040041840",5.91574430437032
"140","2040045150",12.149972594442,"2040045150",5.99308196263845,"2040045150",4.66597337349968
"141","2040046500",14.5519575147757,"2040046500",9.23272965267466,"2040046500",7.04417612365331
"142","2040047500",17.2126166689674,"2040047500",9.19745434233175,"2040047500",6.65209390625113
"143","2040048590",4.98505867007964,"2040048590",2.81992308687583,"2040048590",2.38015498340136
"144","2040048790",21.5498427526323,"2040048790",8.06811469715193,"2040048790",5.49208047647231
"145","2040054200",15.9495503760516,"2040054200",6.64850910043537,"2040054200",4.93610293709432
"146","2040056770",10.6964648390162,"2040056770",5.51186703001732,"2040056770",4.32989568262933
"147","2040059370",8.78965314190745,"2040059370",6.62969629070198,"2040059370",5.79939291322471
"148","2040065840",3.9044205634978,"2040065840",3.01929917110236,"2040065840",2.65617347147707
"149","2040065960",3.97563326239082,"2040065960",3.37859099313822,"2040065960",3.07167490721542
"150","2040066030",4.82525820670716,"2040066030",3.27791354305076,"2040066030",2.85827620249474
"151","2040067740",5.98654037289468,"2040067740",4.87146170860537,"2040067740",4.16517979564043
"152","2040068680",7.90747392624533,"2040068680",6.36582761617744,"2040068680",5.55494753808697
"153","2040068720",6.82222470239642,"2040068720",5.05788413696378,"2040068720",4.26557309286204
"154","2040069150",9.92159493801647,"2040069150",6.61224954083429,"2040069150",5.07832042929157
"155","2040069160",4.95862598405317,"2040069160",3.60234302941237,"2040069160",3.17108020609454
"156","2040070050",10.035302166426,"2040070050",4.28114449358923,"2040070050",3.4429178083358
"157","2040070060",5.34105889925235,"2040070060",3.74304802692167,"2040070060",3.22900120723141
"158","2040070510",6.76470398210231,"2040070510",5.41250443437153,"2040070510",4.65930115692804
"159","2040070520",10.5305909094908,"2040070520",5.87097814271949,"2040070520",4.45527767323155
"160","2040071700",4.01491223214653,"2040071700",3.14415355968053,"2040071700",2.82315052922868
"161","2040072590",3.47463903353938,"2040072590",2.66243721054084,"2040072590",2.31262050200253
"162","2040072920",4.01292692635591,"2040072920",3.17319380920464,"2040072920",2.79648504745869
"163","2040072930",4.13993703993084,"2040072930",3.07141698818727,"2040072930",2.69754728797124
"164","2040073580",2.73700667044427,"2040073580",2.33064174366231,"2040073580",2.10007828051724
"165","2040075170",4.12410513679237,"2040075170",3.3514583310821,"2040075170",2.99929753091668
"166","2040077470",3.30687618846096,"2040077470",2.71981670612278,"2040077470",2.57111777613011
"167","2040077580",4.46727542619254,"2040077580",3.58767983775092,"2040077580",3.2922392413761
"168","2040079320",3.70855164756203,"2040079320",3.00162002466284,"2040079320",2.74643911370371
"169","2040081260",3.40581050782602,"2040081260",2.85170934688455,"2040081260",2.61224039120086
"170","2040084130",3.74419511491052,"2040084130",2.86204088124036,"2040084130",2.66288601050098
"171","2040085500",3.48520515838976,"2040085500",3.01669286273426,"2040085500",2.77548722424554
"172","2040085590",6.82789456913879,"2040085590",4.04630335490372,"2040085590",3.2141049885877
"173","2040085620",3.28617241444583,"2040085620",2.82404853312858,"2040085620",2.59827612376172
"174","2040085630",3.19612678632396,"2040085630",2.69646513036936,"2040085630",2.43364386618983
"175","2040085670",3.13127869273865,"2040085670",2.63560336162769,"2040085670",2.40675721440505
"176","2040085690",4.22178060259895,"2040085690",3.10461897526882,"2040085690",2.60812341735608
"177","2040085700",3.86505974542236,"2040085700",3.46675425677102,"2040085700",3.24137204590639
"178","2040085710",2.87414194134237,"2040085710",2.38984572096763,"2040085710",2.2275707497879
"179","2040085720",8.91027740712364,"2040085720",3.92546998356692,"2040085720",3.22007179097614
"180","2040085730",4.28437506325517,"2040085730",3.05638158261127,"2040085730",2.51395225385446
"181","2040085930",5.62530747001497,"2040085930",3.69791969823731,"2040085930",3.16206555139782
"182","2040085960",9.52854244904983,"2040085960",4.71360467513728,"2040085960",3.64613869661449
"183","2040085990",5.68066481520716,"2040085990",3.26158007058799,"2040085990",2.71127554508979
"184","2040288980",5.06393522852023,"2040288980",3.58501647246761,"2040288980",3.06860690659363
"185","2040289120",3.51280178393503,"2040289120",2.61751767796542,"2040289120",2.24042493365176
"186","2040292580",2.8615006161602,"2040292580",2.64482505913465,"2040292580",2.46732537484029
"187","2040292690",4.02339713488587,"2040292690",3.42320524290296,"2040292690",3.05131704977672
"188","2040309560",3.18141224049783,"2040309560",2.68461521648152,"2040309560",2.34529775594844
"189","2040309610",9.29777566468427,"2040309610",4.47124814131531,"2040309610",3.03526940323092
"190","2040315940",11.9318447451803,"2040315940",6.48675180687404,"2040315940",4.63712332891544
"191","2040363700",3.76416058185438,"2040363700",3.31234124821869,"2040363700",2.95930986413155
"192","2040400100",6.77375149666546,"2040400100",5.01137134345224,"2040400100",4.11154223961796
"193","2040416390",8.41112789866879,"2040416390",5.49090378495716,"2040416390",4.55934713770381
"194","2040491970",6.89942205568643,"2040491970",4.33195606241923,"2040491970",3.0644169895746
"195","2040539930",26.0030484963521,"2040539930",13.4029123817844,"2040539930",9.50557527000889
"196","2040540100",21.5356664180634,"2040540100",10.7331754089565,"2040540100",7.74387436159218
"197","2040543090",12.1712573912934,"2040543090",8.3074435083288,"2040543090",6.56975371731407
"198","2040543160",18.8075739850028,"2040543160",9.53561012879695,"2040543160",6.79149939305347
"199","2040548500",19.3224984852362,"2040548500",9.59031425703402,"2040548500",6.78555433504971
"200","2040555780",17.3220838432838,"2040555780",9.09028820405591,"2040555780",6.13407178678831
"201","2040785900",10.8145819801702,"2040785900",5.10415970257847,"2040785900",4.01229399802389
"202","2040816320",10.6726133873192,"2040816320",5.62206323511856,"2040816320",4.25151729333473
"203","2040816870",4.09640057064089,"2040816870",3.36228309272741,"2040816870",2.99669160274594
"204","2040828790",5.51523588419865,"2040828790",3.73939477906406,"2040828790",3.15200233493334
"205","3040024310",10.7510953151436,"3040024310",6.69663926411632,"3040024310",5.30719980907773
"206","3040386960",15.6394867587582,"3040386960",8.87067920512507,"3040386960",6.33959874356463
"207","3040481930",8.00845879806955,"3040481930",5.05036182163606,"3040481930",3.6735239480603
"208","3040483880",8.9446147547555,"3040483880",7.86181047659572,"3040483880",7.02781179377422
"209","3040496490",8.72594703473094,"3040496490",5.41720351829643,"3040496490",4.11347788939036
"210","3040679750",10.9924044530894,"3040679750",7.67248445304485,"3040679750",6.0769418747056
"211","3040679760",11.8242957108649,"3040679760",8.25737380609634,"3040679760",6.5619058800956
"212","4040000890",7.23461767225838,"4040000890",5.08307289619549,"4040000890",3.87750137050374
"213","4040003020",19.3193758327891,"4040003020",9.29468791025496,"4040003020",7.01057476366651
"214","4040005050",17.5191619372751,"4040005050",8.37293943044958,"4040005050",6.35294094873084
"215","4040005060",13.8726439587891,"4040005060",8.29996109403259,"4040005060",6.39421384036199
"216","4040007410",12.1832390403236,"4040007410",9.55946771587512,"4040007410",8.20638649614107
"217","4040009890",12.9118375903024,"4040009890",9.19710979960925,"4040009890",7.72262042103057
"218","4040012290",9.91966785344462,"4040012290",4.45540481230236,"4040012290",3.15202958624016
"219","4040012770",6.20770959697794,"4040012770",4.68012906210975,"4040012770",3.89721708410015
"220","4040012780",4.22661137199593,"4040012780",3.44495123712412,"4040012780",2.92670339154968
"221","4040012990",15.1850986743615,"4040012990",7.58397515085748,"4040012990",5.94576012860117
"222","4040013000",3.10198064638335,"4040013000",2.15548265899539,"4040013000",1.88008694027432
"223","4040015000",12.2196905577212,"4040015000",7.21690968959586,"4040015000",4.99807146299323
"224","4040015010",7.73790602826325,"4040015010",6.25719973152471,"4040015010",5.18434698281518
"225","4040015090",3.76933514551156,"4040015090",2.84165885793176,"4040015090",2.44215517372006
"226","4040017030",10.306462127963,"4040017030",5.56637506890673,"4040017030",3.9929448849739
"227","4040018350",11.772923096969,"4040018350",5.42834242253659,"4040018350",3.95872671775729
"228","4040023060",7.95285074114273,"4040023060",6.11984241821839,"4040023060",5.17053646439531
"229","4040023810",5.58489418056069,"4040023810",4.65521394349103,"4040023810",4.06941116390015
"230","4040025460",6.89188228382221,"4040025460",4.46733710337435,"4040025460",3.79846257022502
"231","4040027100",5.16108899938518,"4040027100",3.74220584821172,"4040027100",3.15025524386577
"232","4040027780",5.5626662465637,"4040027780",4.36226874377329,"4040027780",3.80721366812049
"233","4040027790",3.08138187936664,"4040027790",2.66513320836931,"4040027790",2.40890089781501
"234","4040027940",6.65338085192623,"4040027940",4.39761858821032,"4040027940",3.59540137489252
"235","4040027950",5.74220265224142,"4040027950",3.71849725899981,"4040027950",3.13348594357501
"236","4040028760",7.95280665989191,"4040028760",4.2728802301178,"4040028760",3.37949412912325
"237","4040029530",10.1006373500688,"4040029530",5.43644727542999,"4040029530",4.19400946592049
"238","4040031830",4.10722974894257,"4040031830",3.54790539686055,"4040031830",3.16289260502631
"239","4040037060",3.49789454504962,"4040037060",2.67371619869666,"4040037060",2.22483231018825
"240","4040039450",8.82312233448069,"4040039450",5.10339889285032,"4040039450",3.69414890807856
"241","4040045780",7.83279135643462,"4040045780",6.2040795618955,"4040045780",5.47157807730382
"242","4040046100",3.52642350967185,"4040046100",2.94760053722949,"4040046100",2.62701508248619
"243","4040046370",9.90412426121436,"4040046370",5.03238136607988,"4040046370",3.81843325846932
"244","4040047500",5.13606024781506,"4040047500",3.64135836232951,"4040047500",2.96700821822315
"245","4040048900",8.27102141526071,"4040048900",4.99533855169513,"4040048900",3.87950513974044
"246","4040050240",3.9937937511373,"4040050240",3.16422594664441,"4040050240",2.78879126286359
"247","4040050300",2.99091533258903,"4040050300",2.38492434511118,"4040050300",2.09890495701684
"248","4040095270",11.039857192487,"4040095270",8.99833010850715,"4040095270",7.83754436581427
"249","4040169400",4.07633937949597,"4040169400",3.7119873250595,"4040169400",3.47324118269247
"250","4040223160",3.95219202523438,"4040223160",3.36800400293261,"4040223160",2.97227210227397
"251","4040234270",2.95725956632398,"4040234270",2.44621281481515,"4040234270",2.14782489934506
"252","4040298550",4.58517473221678,"4040298550",3.38912649267731,"4040298550",2.94952061345156
"253","4040484760",5.34186441223709,"4040484760",3.71058495102296,"4040484760",3.0180795777608
"254","4040545530",3.74848148831332,"4040545530",3.02785357734401,"4040545530",2.73464747877768
"255","4040627620",7.42573012988403,"4040627620",5.58168595993267,"4040627620",4.72054046008082
"256","4040748300",14.1995417244924,"4040748300",10.019439072569,"4040748300",8.28051796206377
"257","4040773260",18.0529753322304,"4040773260",8.65487057585938,"4040773260",6.46825872192257
"258","4040783120",13.6813643246019,"4040783120",8.37146778391094,"4040783120",6.5380491055276
"259","4040839030",4.30857486940512,"4040839030",3.6897533535418,"4040839030",3.24992927540883
"260","4040960200",7.13622464775544,"4040960200",4.39565694606234,"4040960200",3.31843809408374
"261","4040960480",6.90135362555498,"4040960480",3.83852125101042,"4040960480",3.09393422785463
"262","4040975160",9.12214036182305,"4040975160",5.31280899572504,"4040975160",4.07473495129752
"263","4041043580",18.3912677166194,"4041043580",10.9189376009301,"4041043580",8.60695064272682
"264","4041108500",5.31473876864235,"4041108500",3.8081387105365,"4041108500",3.12657862724809
"265","4041108580",7.83508106836497,"4041108580",5.69846335878218,"4041108580",4.55463447455489
"266","4041128330",6.24043924294823,"4041128330",5.40160375347042,"4041128330",4.71028254963852
"267","4041144860",5.65897752409804,"4041144860",5.08447755223057,"4041144860",4.66727401974529
"268","4041144880",5.74799745779115,"4041144880",4.04783756968809,"4041144880",3.32480440484722
"269","5040000010",9.39998029834295,"5040000010",6.85062848651783,"5040000010",5.55131204784083
"270","5040007690",12.4408899378446,"5040007690",5.52433959052034,"5040007690",3.96217256822468
"271","5040011800",4.56811315840711,"5040011800",3.14263011490556,"5040011800",2.69430325006153
"272","5040014020",4.62246063955631,"5040014020",3.58798491077991,"5040014020",3.20633093559191
"273","5040017040",3.66145728065394,"5040017040",2.93450060309636,"5040017040",2.53533353833745
"274","5040017830",7.36737835317606,"5040017830",4.64817242457962,"5040017830",3.36868373734761
"275","5040022500",4.67388260271476,"5040022500",3.4293422030444,"5040022500",2.90652365363968
"276","5040031240",5.5513985547929,"5040031240",4.31634883904168,"5040031240",3.65741698800175
"277","5040038940",3.2229365421606,"5040038940",2.81599757892123,"5040038940",2.59150631178803
"278","5040041880",5.09305197242244,"5040041880",4.11719984798681,"5040041880",3.57215408058599
"279","5040049720",10.1988981145361,"5040049720",6.25056259642228,"5040049720",4.87287089705613
"280","5040055960",4.78697394185315,"5040055960",3.81701737979617,"5040055960",3.49356566141322
"281","5040056460",4.69675601272093,"5040056460",3.56634609849091,"5040056460",3.11175000045076
"282","5040056470",3.99656665816811,"5040056470",3.11080760964618,"5040056470",2.8003933033372
"283","5040056740",4.6825987045509,"5040056740",3.88960738241607,"5040056740",3.44930800214206
"284","5040056750",4.79037286279338,"5040056750",4.00909738967107,"5040056750",3.64231556710098
"285","5040057320",4.75121087947508,"5040057320",4.1235841209059,"5040057320",3.76058760379401
"286","5040057330",4.10870264144467,"5040057330",3.16426040795338,"5040057330",2.8812037781891
"287","5040057720",5.47152509816887,"5040057720",4.31473324705852,"5040057720",3.79324972250512
"288","5040059440",4.67127775289432,"5040059440",3.84981005705576,"5040059440",3.49231387452575
"289","5040059450",6.85707581838875,"5040059450",4.54102702688476,"5040059450",3.76614695698583
"290","5040061660",3.37129670455594,"5040061660",3.01727619403117,"5040061660",2.77344527370657
"291","5040061670",7.45218630739888,"5040061670",4.39440343138702,"5040061670",3.52277322290698
"292","5040064130",4.54540257775365,"5040064130",3.63488570814142,"5040064130",3.11211005275702
"293","5040064140",5.67912969677917,"5040064140",4.42096100526808,"5040064140",3.79627545675276
"294","5040065600",3.86735479437536,"5040065600",3.20661434090607,"5040065600",2.78584703928421
"295","5040067860",9.89385360945849,"5040067860",5.75962265513799,"5040067860",4.43586573019783
"296","5040068450",7.86376760908711,"5040068450",5.17181030290278,"5040068450",4.0226326000484
"297","5040068460",7.65456118451906,"5040068460",5.02768222875959,"5040068460",4.02563843373951
"298","5040069590",8.0015350413939,"5040069590",4.9812332430069,"5040069590",3.9383853342258
"299","5040069600",5.20568052328069,"5040069600",3.86617446018728,"5040069600",3.27183488930574
"300","5040069960",7.03081927697091,"5040069960",4.66232384352157,"5040069960",3.74644428273335
"301","5040069970",9.42847585174379,"5040069970",4.94783763529911,"5040069970",3.68370071386378
"302","5040070700",8.05266369662486,"5040070700",4.75550426236076,"5040070700",3.84239951851317
"303","5040070710",21.2831127809824,"5040070710",9.51847896868098,"5040070710",6.53457363891721
"304","5040073410",3.19877254695489,"5040073410",2.72438488690065,"5040073410",2.53955898600268
"305","5040073420",6.33288376689465,"5040073420",3.92707164027523,"5040073420",3.14675347464648
"306","5040076530",2.91577783539195,"5040076530",2.37999134875122,"5040076530",2.14130429704921
"307","5040076890",3.55930888090146,"5040076890",3.2089366041466,"5040076890",2.96938808390388
"308","5040077640",3.6954129050427,"5040077640",2.41294625022165,"5040077640",2.04981516621246
"309","5040082270",10.2936308758111,"5040082270",4.76693478943514,"5040082270",3.97284753351173
"310","5040085040",10.5615922007665,"5040085040",5.32198750529849,"5040085040",4.4091979213369
"311","5040087630",2.84506226303584,"5040087630",2.59256361775858,"5040087630",2.46292304079092
"312","5040491370",2.68765366625632,"5040491370",2.19809665633872,"5040491370",2.02752628618812
"313","5040491510",4.11432363150466,"5040491510",3.26086914107248,"5040491510",2.95195777192514
"314","5040511570",5.66147385980531,"5040511570",4.19390242153957,"5040511570",3.63448270080561
"315","5040524870",7.29474788918276,"5040524870",4.3878344702022,"5040524870",3.81468348079821
"316","5040533380",3.62182834154046,"5040533380",3.05067391362366,"5040533380",2.69119887484752
"317","5040533450",2.94279452561974,"5040533450",2.63371122811741,"5040533450",2.49876866376248
"318","5040591010",3.02608478898048,"5040591010",2.72887378226272,"5040591010",2.615510739513
"319","5040591050",18.0076150126756,"5040591050",8.72414630972942,"5040591050",6.27371882899214
"320","6040000010",8.20370419633116,"6040000010",6.64587458916553,"6040000010",5.74621997242607
"321","6040000740",15.3294530798049,"6040000740",6.63216195984502,"6040000740",5.33278670511099
"322","6040000750",14.0841149250786,"6040000750",8.57176938077384,"6040000750",7.10622165867016
"323","6040005190",5.44139245952448,"6040005190",4.00381913605003,"6040005190",3.38739270723165
"324","6040005490",8.23892468713808,"6040005490",3.06602348271041,"6040005490",2.72657439019134
"325","6040005500",11.2479811657669,"6040005500",7.21898155327376,"6040005500",5.16227262235828
"326","6040007010",9.31758636687233,"6040007010",6.84978241536792,"6040007010",5.74758895551843
"327","6040007960",13.7135516444715,"6040007960",7.73712662026034,"6040007960",5.83713600616179
"328","6040008320",13.2849230289681,"6040008320",9.32470313166491,"6040008320",7.51933925406459
"329","6040009770",7.02794825804812,"6040009770",5.24937714261624,"6040009770",4.44262201633946
"330","6040012800",4.42576479120389,"6040012800",3.34453734934172,"6040012800",2.78914712497227
"331","6040013420",4.93199104279512,"6040013420",3.96742028949976,"6040013420",3.48222166106032
"332","6040013430",7.91577059505802,"6040013430",5.37975027254327,"6040013430",4.20973933429812
"333","6040013750",7.80310539521406,"6040013750",4.47639142249142,"6040013750",3.370438121081
"334","6040013760",12.1962062144759,"6040013760",5.07431470948534,"6040013760",3.82874669142595
"335","6040014330",10.519238244507,"6040014330",7.2947549937218,"6040014330",5.9770971039081
"336","6040015940",6.09786284917565,"6040015940",4.63649068687957,"6040015940",3.94464651486393
"337","6040015950",5.54510727471982,"6040015950",4.26986444962624,"6040015950",3.6601091008789
"338","6040016720",4.7128674383437,"6040016720",3.76753276230811,"6040016720",3.36714827798323
"339","6040016760",8.93146225957519,"6040016760",6.21519734361785,"6040016760",5.05387622156626
"340","6040016970",5.51870922261944,"6040016970",4.90590159025235,"6040016970",4.53638150578343
"341","6040016980",5.63588743748837,"6040016980",3.13347935205989,"6040016980",2.68995291237246
"342","6040019090",3.99071479937449,"6040019090",2.93564371286749,"6040019090",2.49851361475697
"343","6040025130",7.66308974766954,"6040025130",5.00395782351493,"6040025130",4.19185477324151
"344","6040025140",7.34132716136845,"6040025140",4.76196888114973,"6040025140",3.87867831963239
"345","6040025420",7.54827654332776,"6040025420",4.79829755391511,"6040025420",3.78147392911412
"346","6040026140",3.80170687094886,"6040026140",2.55494553848969,"6040026140",2.3199974030031
"347","6040026990",2.56014311531354,"6040026990",2.14374846114543,"6040026990",1.99463961904818
"348","6040029280",3.36132239167522,"6040029280",2.65209673981117,"6040029280",2.32005625369924
"349","6040032290",14.1311370180619,"6040032290",9.01033075911286,"6040032290",6.83690001518736
"350","6040034810",5.20021688456849,"6040034810",3.39533466295263,"6040034810",2.98412647879818
"351","6040040460",7.76688177790214,"6040040460",4.96653188745898,"6040040460",4.05214233409513
"352","6040075390",7.23998556124946,"6040075390",5.52632222138341,"6040075390",4.67300901197605
"353","6040075410",4.92498970712866,"6040075410",3.63259006006374,"6040075410",3.18403102376491
"354","6040084750",5.96625375513261,"6040084750",4.3755406132696,"6040084750",3.68952849043156
"355","6040102250",13.422808566237,"6040102250",8.27359430859256,"6040102250",5.84054390694562
"356","6040102330",5.45419961567859,"6040102330",4.98796854525696,"6040102330",4.66282773204713
"357","6040239720",13.5329797814666,"6040239720",8.98654477339236,"6040239720",7.2203902777786
"358","6040239820",6.47773991854653,"6040239820",5.1896635748699,"6040239820",4.45386017923577
"359","6040262110",15.810053574123,"6040262110",10.8440822390726,"6040262110",8.51074761885807
"360","6040262220",10.0124795227274,"6040262220",8.08739742690077,"6040262220",6.77072380642096
"361","6040280400",19.7815155960163,"6040280400",11.9630213338074,"6040280400",8.99325930377523
"362","6040280410",21.8596214878708,"6040280410",12.574427567685,"6040280410",8.89544068434604
"363","6040285930",11.745403737223,"6040285930",8.93274384130686,"6040285930",7.54300551046358
"364","6040285990",15.8555426790586,"6040285990",8.1242000314031,"6040285990",5.60213292376132
"365","6040345000",4.36636940264812,"6040345000",3.68666015456224,"6040345000",3.22143767629796
"366","6040527670",5.60209105485768,"6040527670",4.21477046142284,"6040527670",3.71633484044994
"367","6040527680",4.99428545747074,"6040527680",4.2062739849788,"6040527680",3.69785440090907
"368","6040709820",6.08039217498568,"6040709820",5.14987318436197,"6040709820",4.47447531962632
"369","6040752460",4.7301772028667,"6040752460",3.39514026795401,"6040752460",2.7157162683104
"370","6040752470",9.04761201387113,"6040752470",6.37644783139808,"6040752470",5.20844136295357
"371","6040814820",16.6063642317028,"6040814820",8.82111452230021,"6040814820",6.53972329398046
"372","6040814830",9.52118750420386,"6040814830",7.00788362074773,"6040814830",5.57032948374622
"373","6040870370",6.80744150853155,"6040870370",4.97872594407576,"6040870370",4.21526059303289
"374","6040870380",4.74537263088604,"6040870380",2.88159437734794,"6040870380",2.13434293650814
"375","7040000010",9.26825734491153,"7040000010",5.12756511475693,"7040000010",4.02098019460521
"376","7040005410",4.30638515462616,"7040005410",3.59629554738939,"7040005410",3.16647403972494
"377","7040005420",5.84567065970232,"7040005420",4.04498895517246,"7040005420",3.3498955172908
"378","7040006390",6.30415368413351,"7040006390",4.28651516518956,"7040006390",3.5731577540828
"379","7040006400",6.22022799115972,"7040006400",3.09528621939116,"7040006400",2.61704186504751
"380","7040007380",8.33350287424133,"7040007380",5.96261473601781,"7040007380",4.92831125468081
"381","7040007390",7.17241101037799,"7040007390",4.46132187228717,"7040007390",3.84264583919233
"382","7040007830",6.45234229392656,"7040007830",4.54952729642725,"7040007830",3.5989083028342
"383","7040007840",5.875848029665,"7040007840",4.05452145520324,"7040007840",3.53837416685227
"384","7040008720",16.3082889038027,"7040008720",7.57545185545322,"7040008720",5.2332502387951
"385","7040013170",5.77073599641722,"7040013170",4.34334804394806,"7040013170",3.78690635005124
"386","7040013180",13.1481348313613,"7040013180",5.28555651508441,"7040013180",4.1966538416858
"387","7040013550",20.2846610434911,"7040013550",10.0070263125203,"7040013550",7.18640113009767
"388","7040013560",15.508270172648,"7040013560",7.4789109791054,"7040013560",5.50065604389695
"389","7040014040",16.2982846175764,"7040014040",10.0738943059071,"7040014040",7.4743539078771
"390","7040014050",11.8422599127101,"7040014050",8.65380269446614,"7040014050",6.65729980437671
"391","7040014200",18.6230502562432,"7040014200",11.480027604369,"7040014200",8.98750616241676
"392","7040014210",10.9840004819902,"7040014210",8.62661227472088,"7040014210",7.08833566922586
"393","7040014250",17.20741614359,"7040014250",7.03509663099665,"7040014250",5.14169648743054
"394","7040014930",13.7183071920968,"7040014930",6.00824873594462,"7040014930",4.32223093866458
"395","7040014940",16.4174651266651,"7040014940",7.30646138260895,"7040014940",5.23477539648164
"396","7040016260",16.6148385763011,"7040016260",8.3027201645609,"7040016260",6.28064647669226
"397","7040016270",10.0758112532225,"7040016270",4.34013936584431,"7040016270",3.3828924955496
"398","7040019010",2.32023607706259,"7040019010",2.13930850157252,"7040019010",2.01498789532062
"399","7040019200",5.97465089030658,"7040019200",3.84925408087823,"7040019200",2.88060067336354
"400","7040020100",10.0273347340911,"7040020100",5.95411212488286,"7040020100",4.21221623423075
"401","7040021740",10.0857834021537,"7040021740",7.66161782781941,"7040021740",6.49672332500601
"402","7040024300",2.90932927070642,"7040024300",2.48947586533679,"7040024300",2.25207271604104
"403","7040024580",12.393321058638,"7040024580",8.859911827834,"7040024580",7.20216047309089
"404","7040024600",3.26950123445048,"7040024600",2.55012764722109,"7040024600",2.23659480732915
"405","7040024830",3.24517144412283,"7040024830",2.48866808476248,"7040024830",2.04354249744436
"406","7040033480",12.5104306566102,"7040033480",5.63317315240265,"7040033480",4.21791483120971
"407","7040034520",15.1229383333742,"7040034520",8.64648675226187,"7040034520",6.35367959701943
"408","7040034530",21.0013472729261,"7040034530",12.5208462999723,"7040034530",9.80977252930156
"409","7040038340",21.8014776721637,"7040038340",7.36219514474674,"7040038340",4.80079487155624
"410","7040039620",21.2459808788371,"7040039620",10.9677895135215,"7040039620",7.20270479158233
"411","7040039630",15.6278269837442,"7040039630",6.95486030425627,"7040039630",4.73986365240044
"412","7040039870",19.4813668913412,"7040039870",9.59587284413557,"7040039870",6.60473308621449
"413","7040039880",20.1393311298806,"7040039880",4.96894209696346,"7040039880",3.49424473355041
"414","7040041050",20.8761460220122,"7040041050",11.2849092988044,"7040041050",8.1285656825245
"415","7040041060",14.2418327324638,"7040041060",4.03491651663554,"7040041060",3.06580431536684
"416","7040041400",19.7402639183177,"7040041400",9.25585903780574,"7040041400",6.35832173278628
"417","7040041410",20.1754259348337,"7040041410",5.61360221043947,"7040041410",3.65659810005042
"418","7040042040",20.8430651392291,"7040042040",6.39977436084758,"7040042040",4.0451044587566
"419","7040043090",16.2916054272406,"7040043090",5.8948088402281,"7040043090",3.95466415732971
"420","7040043100",5.63127439666795,"7040043100",4.44636551031829,"7040043100",3.83680679069411
"421","7040043160",18.7227808300576,"7040043160",7.63333238352012,"7040043160",4.80298210932909
"422","7040043170",20.0982810547142,"7040043170",5.27079599505984,"7040043170",3.77279262216881
"423","7040045890",17.7889218662555,"7040045890",9.3750644872743,"7040045890",6.72443499990198
"424","7040045900",12.402777172137,"7040045900",5.46212154969355,"7040045900",3.95012902474167
"425","7040046590",20.9821578398857,"7040046590",9.3678371183792,"7040046590",6.29337273545039
"426","7040046600",12.5954184292423,"7040046600",6.15901295629288,"7040046600",4.20242792959094
"427","7040046750",13.6293287123719,"7040046750",5.1710048690189,"7040046750",3.40087215923299
"428","7040047060",8.0676581800495,"7040047060",3.48803110785895,"7040047060",2.72346243327662
"429","7040047070",12.594610841194,"7040047070",6.09628841045164,"7040047070",4.06820842558536
"430","7040047850",12.7666245225184,"7040047850",4.35892202381439,"7040047850",3.26699489891238
"431","7040047860",3.57251157900758,"7040047860",2.76028994006707,"7040047860",2.42926200463219
"432","7040047970",14.2886521095524,"7040047970",4.67639632080088,"7040047970",3.46907304725181
"433","7040047980",8.44941608797114,"7040047980",3.62032278027677,"7040047980",2.95109021659937
"434","7040048300",13.2307219178618,"7040048300",4.57674519310766,"7040048300",3.55091323676719
"435","7040048310",5.47208238326618,"7040048310",3.29665826875288,"7040048310",2.72951330859228
"436","7040048410",12.253126203291,"7040048410",5.46207723124863,"7040048410",4.58292054254
"437","7040048420",15.3006359267107,"7040048420",5.92486844114129,"7040048420",4.5414974701025
"438","7040049270",21.0492229935047,"7040049270",6.85412956390781,"7040049270",4.79714716936432
"439","7040049280",3.79588475862461,"7040049280",3.05452909782861,"7040049280",2.60546383041943
"440","7040049990",7.1317559628655,"7040049990",4.53671778207267,"7040049990",3.55548882273295
"441","7040050000",7.12349114247143,"7040050000",4.51268045194676,"7040050000",3.62510742796774
"442","7040050640",6.15781393164926,"7040050640",4.65265800192599,"7040050640",3.77118730305812
"443","7040050650",4.2703138134282,"7040050650",3.72756957986009,"7040050650",3.34812553802363
"444","7040050920",7.37269018038059,"7040050920",4.93553056644519,"7040050920",3.95211203824956
"445","7040050930",7.16485457585826,"7040050930",4.18791693013172,"7040050930",3.33263289420966
"446","7040054660",8.04723549160833,"7040054660",5.20982327435131,"7040054660",4.20560426914249
"447","7040054670",6.58929227542574,"7040054670",4.12948512011887,"7040054670",3.40819407685934
"448","7040059990",10.8688048633805,"7040059990",7.78070620474446,"7040059990",6.48458248562747
"449","7040064730",6.21374656382957,"7040064730",3.4649707503035,"7040064730",2.87935939888745
"450","7040065760",12.5907912834203,"7040065760",8.11888279113611,"7040065760",6.42957355426719
"451","7040070790",3.42301928662156,"7040070790",2.9763442753883,"7040070790",2.71708255846734
"452","7040072800",4.47272646966128,"7040072800",3.34623417330834,"7040072800",3.00512117881327
"453","7040073620",16.5521433156571,"7040073620",10.1666097807022,"7040073620",7.70667078505806
"454","7040073630",16.1993081107239,"7040073630",11.0130316347724,"7040073630",8.53751921222834
"455","7040073660",4.33133305315733,"7040073660",3.79484831892078,"7040073660",3.44254833538348
"456","7040073690",10.884889483495,"7040073690",5.4281824178505,"7040073690",4.09416167301738
"457","7040073710",8.56222898451182,"7040073710",4.12013551189681,"7040073710",3.36642398778986
"458","7040073720",15.0751021889288,"7040073720",7.40801141070358,"7040073720",5.35512277499559
"459","7040073780",10.909360072567,"7040073780",7.47490441888163,"7040073780",5.72155333411447
"460","7040073830",10.9322094870663,"7040073830",7.06669425613176,"7040073830",5.40405059332067
"461","7040073870",7.60201616248136,"7040073870",5.26821054025396,"7040073870",4.09632960910466
"462","7040192420",10.2854613063925,"7040192420",6.28014004846055,"7040192420",5.08698696439219
"463","7040192560",19.2599999481759,"7040192560",9.60660553995613,"7040192560",6.74503187383023
"464","7040194860",8.3380216787526,"7040194860",6.28026918353768,"7040194860",5.04949321392147
"465","7040194980",3.7467476432271,"7040194980",2.45724926937496,"7040194980",2.14799224010167
"466","7040282720",10.4322143637325,"7040282720",7.84392186990283,"7040282720",6.29717898444921
"467","7040282770",9.84687966179396,"7040282770",6.97202501312222,"7040282770",5.47416195580714
"468","7040374800",12.7024509047286,"7040374800",7.68348938833145,"7040374800",6.00034624538593
"469","7040374950",20.7852001795523,"7040374950",7.73008795323816,"7040374950",4.97534939571282
"470","7040379310",16.361323605043,"7040379310",10.065501793745,"7040379310",7.93529512580424
"471","7040379430",19.6491476781318,"7040379430",10.3885304191647,"7040379430",8.07275585390078
"472","7040388580",12.6292665427004,"7040388580",8.85956284915695,"7040388580",7.24373174751919
"473","7040388740",19.0835554663081,"7040388740",11.5765765674442,"7040388740",8.76514273456657
"474","7040392520",20.089500782359,"7040392520",10.1858221314508,"7040392520",6.92108580370678
"475","7040392650",21.4552042085898,"7040392650",9.68994050432932,"7040392650",6.52749092328648
"476","7040394680",17.3758326414278,"7040394680",8.19307771349554,"7040394680",5.75385785737911
"477","7040394690",13.5585520847964,"7040394690",5.89530845986042,"7040394690",4.53060956956267
"478","7040395190",17.4411690162466,"7040395190",11.1566982841145,"7040395190",8.79995702522076
"479","7040395340",14.9701381386875,"7040395340",8.2973444261809,"7040395340",5.85427266030709
"480","7040402320",14.874562311169,"7040402320",5.44944410976628,"7040402320",3.81947227266327
"481","7040402430",21.6132948826251,"7040402430",5.13030779720046,"7040402430",3.79532409930623
"482","7040426310",8.05926488018569,"7040426310",3.96307664185647,"7040426310",2.92051592822004
"483","7040426320",11.7658681709693,"7040426320",4.55700426302239,"7040426320",3.15190095801416
"484","7040569640",27.3198958089577,"7040569640",10.8688352109107,"7040569640",7.32184924947475
"485","7040569650",22.4708392650557,"7040569650",8.59842700797372,"7040569650",6.05239649576886
"486","7040585110",15.0126848144418,"7040585110",10.0384124505518,"7040585110",7.83982132944766
"487","7040585120",16.5407326475763,"7040585120",9.87048132526735,"7040585120",7.47334629088144
"488","7040607990",10.6086001433916,"7040607990",7.93339537846424,"7040607990",6.08139087622674
"489","7040608130",12.2164516989906,"7040608130",8.61228923868192,"7040608130",6.77149472030241
"490","7040612640",24.8949333728654,"7040612640",6.92472211639684,"7040612640",4.45375521253358
"491","7040612840",16.0879991877025,"7040612840",7.9694323636,"7040612840",5.50512186976667
"492","7040632220",7.53538838625174,"7040632220",4.27850645386925,"7040632220",3.38764938320826
"493","7040686450",28.3312777453235,"7040686450",6.93667521535521,"7040686450",4.83074317671411
"494","7040686540",17.7883505230141,"7040686540",10.0090402215307,"7040686540",7.49023211598328
"495","7040707710",12.2601610708733,"7040707710",4.75621446026175,"7040707710",3.56886832775218
"496","7040707810",16.2020625373567,"7040707810",6.39906233550858,"7040707810",4.66362084719743
"497","7040741760",18.4689035824224,"7040741760",6.26012244274147,"7040741760",4.40995780968941
"498","7040741770",10.535911241802,"7040741770",6.45621004776211,"7040741770",4.99386650247057
"499","8040000810",6.11554793367502,"8040000810",4.13651750781438,"8040000810",3.21439506502163
"500","8040000820",11.3486114874861,"8040000820",7.7575985043679,"8040000820",6.18159210782448
"501","8040002260",10.1299829846583,"8040002260",7.85011616372935,"8040002260",6.41547595106439
"502","8040002270",8.33839104126662,"8040002270",4.75553363545483,"8040002270",3.56083327419578
"503","8040007180",3.7320697132751,"8040007180",3.08419154695574,"8040007180",2.77219182686822
"504","8040007190",5.24976045959362,"8040007190",3.56987924809817,"8040007190",3.0582601381991
"505","8040008390",7.88027612133423,"8040008390",5.34799807042513,"8040008390",4.42662410295296
"506","8040009560",6.6719657573296,"8040009560",5.50451514930355,"8040009560",4.86778051787363
"507","8040141480",5.75718548158923,"8040141480",5.06206140570841,"8040141480",4.60687888656026
"508","8040176200",13.4040846705736,"8040176200",7.47837458337165,"8040176200",5.8403276518335
"509","8040183760",4.51670973047001,"8040183760",3.58242038561951,"8040183760",3.04373915271586
"510","8040219290",5.74232359190144,"8040219290",3.972315723377,"8040219290",3.17539957619402
"511","8040252760",6.82748344387035,"8040252760",4.55669705546873,"8040252760",3.67359736471544
"512","8040307300",13.3778461478256,"8040307300",9.8882366189083,"8040307300",8.08246855576937
