"","FD.FRic","FD.FEve","FD.FDiv","FD.FDis","FD.RaoQ"
"1040015030",18.5434531480303,0.338213406852143,0.936718249785451,2.59896765493789,7.4121094162841
"1041473880",6.87569334442931,0.224977095314906,0.652080271338998,2.50037537041426,6.76836121994767
"1041576090",7.30896915987449,0.227200276332352,0.767067842984109,2.64275579767244,7.43373444285325
"1040009450",7.67338810769767,0.261904761904762,0.754688677947334,2.55297320848679,6.95077390840426
"1041515680",20.5067450872652,0.187460593412723,0.788803073175323,2.41133156544839,6.16290050395139
"1041438780",5.38494269418981,0.285714285714286,0.710783798381101,2.44180727732464,6.20266527874279
"1040012690",6.87569334442931,0.282215650326848,0.747986304428522,2.43706909727161,6.23772439871704
"1040012820",7.3089691598745,0.211538461538462,0.741529171281843,2.5217721440317,6.79430528586283
"1040012680",7.3089691598745,0.217391304347826,0.743560802341404,2.67398254376507,7.69117831453905
"1041548760",7.30896915987449,0.260785808358081,0.75024158620753,2.53896728205224,6.98225091624587
"1040014930",13.1428381154531,0.307840824643468,0.834023571143997,2.73365720911636,8.17361246327665
"1040012810",7.3089691598745,0.235077562798464,0.760996890435725,2.7166296469739,7.9195270852642
"1041576130",7.3089691598745,0.193181898834659,0.752839641070084,2.64592806807965,7.47223497490737
"1041629370",6.87569334442931,0.277039953296768,0.780603940808432,2.56428762390751,7.08512483977927
"1040014500",13.7985666020075,0.33174880710403,0.830744733718278,2.3820694705039,6.16826991846052
"1041629430",6.08180170737408,0.272576978536986,0.814874950459281,2.64413757702099,7.46177943052702
"1041533130",5.38494269418981,0.388888888888889,0.6767699598791,2.37083422077708,5.7821590177725
"1040040320",5.38494269418981,0.374554121820249,0.707742018294816,2.469694212023,6.30504693351045
"1040015860",5.38494269418982,0.269724976760626,0.756092114992078,2.47268675519098,6.36080820669817
"1041620260",3.99402519154295,0.454545454545455,0.754669333797311,2.36453447573209,5.75962119896397
"1040014920",6.08180170737408,0.344324353943271,0.815744691117724,2.60585252947049,7.56579938953524
"1040018120",6.87569334442931,0.32,0.780708393573418,2.61025369238373,7.33240255148776
"1041438860",7.3089691598745,0.274354286394436,0.697254602161554,2.42387450713745,6.24283340909825
"1041620200",4.84872546086197,0.357142857142857,0.718103307624075,2.47256017038864,6.44180451383703
"1041472390",6.77138912010954,0.312787282976809,0.685586823287668,2.41765857088813,6.1438454544941
"1041473950",7.3089691598745,0.248435035200576,0.604058840996567,2.36151986493107,5.89278448485933
"1041174950",15.3668404160562,0.505901573371866,0.70544865613127,2.27583190387802,6.02757199132497
"1040837890",20.9920554272692,0.219925022983141,0.837242833368142,3.60920495936138,13.4838116665888
"1040040200",2.05593148103033,0.25,0.740327053684761,2.21666212826908,4.93076963387391
"1040011670",7.30896915987449,0.277777777777778,0.730085012857002,2.47004114412243,6.5586335422793
"1040601200",4.53024242487081,0.35,0.757220908967335,2.3950126412436,5.91090695951343
"1040020570",15.4096590753058,0.194506351074536,0.797246213074405,2.5083972458747,6.94654718146311
"1041259940",15.4096590753058,0.197610486806566,0.803459753837388,2.36285519960329,5.88378706324067
"1041431480",7.3089691598745,0.373088458131259,0.747166255048223,2.38464052476922,5.94573342590667
"1041156960",15.4096590753058,0.218295292791873,0.752755448644411,2.4640111758791,6.63171848967306
"1040024080",15.4096590753058,0.185389327793762,0.768212294654339,2.3786005113177,6.16506696269354
"1041515780",14.8704407460396,0.333900675793696,0.752106273267759,2.33475670900425,5.66505489774061
"1041472430",7.30896915987449,0.305764525661448,0.720825035566312,2.5791757541064,7.14681506533526
"1041624310",4.84872546086197,0.461538461538462,0.767087004349926,2.44096835030807,6.25445942587835
"1040040240",5.38494269418981,0.333333333333333,0.708032466948746,2.34708535582053,5.68766342549229
"1040029810",24.6086683982644,0.456136408254654,0.85522443163783,3.08502558233106,10.5177872519313
"1040028970",22.3687112951486,0.385324500329434,0.880318767693243,2.71968172504577,8.30905976455099
"1040028960",15.1669209762116,0.433330520423096,0.88956910551429,2.46693088745217,7.21727149863442
"1040029710",11.413999602402,0.444444444444444,0.877071020528353,3.03775120953234,10.0727928495501
"1040040520",15.7731306438483,0.502290179231951,0.829716552051708,2.32810346862517,6.21448745131725
"1040029700",19.0924186264092,0.42346166053334,0.911232832033846,2.78598377993579,9.15699342137426
"1040034610",7.90983101035972,0.178810332057102,0.739085639184824,2.2765178280937,5.4897925530872
"1040040340",1.6510772519322,0.350108412178301,0.674374089340494,2.13651403254158,4.94607605494295
"1040029430",20.1500683555952,0.363661070477203,0.918188271350332,3.01845587839904,9.88264991283249
"1041477980",7.30896915987449,0.290322580645161,0.640700588009238,2.52837880447495,6.88416854122371
"1040034260",4.5302424248708,0.421022502748693,0.620481210892868,2.41279774618057,5.94968665851578
"1040020580",6.57547170777677,0.357142857142857,0.709098053490424,2.41767633686699,6.36514066305574
"1040019430",5.54422166760912,0.272727272727273,0.818604991515203,2.4773160968062,6.65273662860651
"1041431680",6.33811330466435,0.245165502469308,0.727565079005671,2.46734338036809,6.44870102209766
"1040023310",7.3089691598745,0.307692307692308,0.678759969675618,2.28514008238008,5.5650422157396
"1040008480",7.30896915987449,0.257221825467238,0.685238418400634,2.38065196763277,6.13069130765285
"1040034270",3.99402519154295,0.38314799191111,0.569972477941501,2.1296955047243,4.65227019161911
"1040011660",5.38494269418981,0.632636761560758,0.713923626908253,2.49814853667163,6.45511559626101
"1040022430",23.4154250011921,0.33725461043423,0.845810985627162,3.41247498712667,12.1227506896341
"1040873640",7.3089691598745,0.363636363636364,0.717555598841032,2.42032580408778,6.35295572952462
"1041478080",4.53024242487081,0.315789473684211,0.753423390098236,2.37812779789011,5.96259894514204
"1041259950",5.38494269418981,0.318181818181818,0.704314286224674,2.38530321778758,5.93395796988659
"1040034900",2.05593148103032,0.363636363636364,0.620544096658419,2.23694582644695,5.16848466504753
"1040026800",4.833788395805,0.315789473684211,0.703458105648852,2.28972359984228,5.34180218657441
"1040601190",4.833788395805,0.333334509819089,0.6653874090927,2.37760834366563,5.82665203127593
"3040679760",21.8350893250941,0.566537560124382,0.800331590756437,3.3454305031045,11.8086847029845
"3040679750",18.2743906201835,0.544070088296864,0.755556549145375,3.37082298305301,11.9537578206498
"3040483880",21.3113269818898,0.65810303433856,0.814165319984687,3.56665394932424,13.3560716222109
"4040095270",18.3030610710093,0.597318725707527,0.761029494431293,3.55845631385814,13.188012063737
"3040024310",18.1019986354341,0.420242187341804,0.8493073440816,3.32872328895138,11.6170312375149
"3040496490",18.3463319424226,0.52990523568078,0.799090800243499,3.01702546268597,9.88557222618123
"5040524870",10.897317853151,0.208036971294533,0.703678065925641,2.5974255265937,7.14277888990642
"5040067860",11.910100543286,0.164383561643836,0.698655587986557,2.4055034413176,6.25251110040358
"5040069970",11.910100543286,0.205629211876959,0.713046250022872,2.39858015247917,6.22383703371015
"5040511570",10.897317853151,0.354838709677419,0.659984218011732,2.39423937267598,6.08723092734965
"5040061660",4.42730100698814,0.545454545454545,0.637606819435094,2.34793096404456,5.82549711563498
"5040070700",11.910100543286,0.273580120851744,0.665187383220466,2.39082073582661,6.10103749818053
"5040049720",11.910100543286,0.185060916815568,0.699694179831038,2.36793655902069,6.03782530015051
"5040069590",11.910100543286,0.226415094339623,0.670709386254954,2.41878930283118,6.22934287668785
"5040061670",11.910100543286,0.171203625389008,0.64522385603368,2.1727504442957,5.25964075710783
"5040069960",11.910100543286,0.24938960754791,0.626669756281257,2.4098995729732,6.16318212382179
"5040068450",11.910100543286,0.217680377285591,0.721256560903026,2.44164898537319,6.31805675876889
"5040491510",5.818218509635,0.391189527408734,0.572044466285637,2.26239468591742,5.35797966435844
"5040059450",12.5528041646654,0.323352370742294,0.742021784086886,2.3303426407094,5.78816036296011
"5040068460",11.910100543286,0.24,0.698528622094975,2.41721410036458,6.21625997523877
"5040064140",11.910100543286,0.350688413478292,0.668749128985683,2.38661178628851,6.12161284177951
"5040070710",19.817916704233,0.19832773116248,0.882958703864165,2.65351258908266,8.07000665876031
"5040591050",19.817916704233,0.225452801452767,0.883899378611247,2.745229175465,8.62320006305279
"5040491370",2.48920729647551,0.174924773549259,0.589686088735005,2.04068616649804,4.393621382653
"5040069600",11.910100543286,0.383430648792312,0.676471076270212,2.36206079280036,5.97526046079564
"5040055960",5.2670642112502,0.375906702387933,0.533099824726589,2.31239072602729,5.56794495990992
"5040056460",5.2670642112502,0.384325601578032,0.462501850314454,2.29408161743115,5.52733577210787
"5040064130",11.055400273967,0.445279746297256,0.632003146821156,2.35189500385079,6.01518941980283
"5040087630",2.48920729647551,0.635750808064969,0.677876385691966,2.27179426730897,5.50196934434663
"5040077640",5.10964729965447,0.43552360191814,0.42809981126979,1.86104423046633,4.38447429724462
"5040065600",5.28200127630716,0.42898233514615,0.591904205309368,2.22831347507207,5.21260169372909
"5040057330",10.691590947583,0.514955876963371,0.716100506431275,2.34186543264169,5.78337608195906
"5040533380",5.818218509635,0.657822676212285,0.526382118553198,2.31330443837713,5.68791256421477
"5040591010",4.42730100698814,0.707008202288258,0.651948086438405,2.49883762862298,6.50527685786844
"5040073410",4.96351824031599,0.493626511739535,0.595399252619242,2.24559067844864,5.37075024492837
"5040057720",11.910100543286,0.342605634469192,0.713742720239111,2.60825619808057,7.32827695018712
"5040056470",5.2670642112502,0.456354724260154,0.606218810028545,2.23102272383221,5.2936957090805
"5040076890",4.55445698709776,0.529477450198248,0.545685233828083,2.29159490067503,5.53975606003359
"5040059440",11.3741100848416,0.62141374127465,0.765728597948924,2.74255483792398,8.05771427476235
"5040057320",13.1691578181212,0.584543822840559,0.724675986008368,2.6198632369793,7.30382140791299
"5040073420",12.9208238167213,0.401242207877143,0.711664182036364,2.46943419119505,6.67614003174276
"5040056740",9.87726767860494,0.57829931450118,0.703875462557776,2.53309037261452,6.83283255681454
"5040076530",4.963518240316,0.533892147144107,0.485545751028121,2.00741312595517,4.38182684529699
"5040041880",11.910100543286,0.352372006170886,0.706335340377091,2.43566084594712,6.52755385197082
"5040533450",3.99402519154295,0.760386461401963,0.625829321174796,2.2980765177184,5.53007872035316
"5040056750",10.6910830039362,0.551826385317132,0.769284260119656,2.66499991848964,7.7596075728046
"6040025420",14.0846004229415,0.297294005990389,0.870287557100427,2.33165251570797,6.89674221309412
"6040025130",11.2433649361251,0.308387097771343,0.873663966047406,2.36342331965397,7.22577814203068
"6040025140",10.392595937536,0.313030097261866,0.915046546438653,2.42891707247504,7.44965881575829
"4041043580",25.6532295371206,0.293819867258181,0.763979034417018,3.47141977290056,12.5552520827334
"4040012990",19.1825990149957,0.205061641022757,0.860858620841414,3.30976455930989,11.4600756506652
"4040009890",20.8030275219401,0.33524468251097,0.815998829481991,3.44181712500161,12.2284114928634
"4040627620",13.9040720177218,0.515762414542262,0.854798293711183,3.22723922053189,10.9755070828491
"4040748300",19.7127702284088,0.425594494846591,0.752779632616658,3.44394156857264,12.3064476444121
"6040280410",22.8283098670063,0.276003604317745,0.828006634342217,2.90987048632917,9.3311964529311
"6040032290",21.0775599259842,0.376032884408489,0.83616347747163,2.70668709077401,8.10869898846998
"4040007410",20.8030275219401,0.439149438269339,0.779146544833789,3.53291701203295,12.8486315690749
"6040814820",20.9895248496467,0.288260594785112,0.814974783519488,2.92922545532913,9.28148792242611
"5040085040",16.6756237910766,0.161187710977857,0.799135217474899,2.68660526018769,8.06649524587252
"2040030100",24.8845273021139,0.346561882334365,0.693543655392784,3.54713017277309,12.9943465086482
"2040037990",21.5796327925815,0.410534289868481,0.747011437897753,3.50782911407737,12.6928249555034
"2040029950",23.8411543376603,0.472658082965048,0.707392394524143,3.51442819822705,12.8720212687097
"2040041120",21.558115594658,0.394200389308453,0.671951880489494,3.626190282123,13.5388934510783
"2040028670",24.0467316101773,0.297765172008546,0.838469190621251,2.85176328292232,9.12071472189903
"2040029940",22.8459417341279,0.396486639043952,0.660560782790882,3.57938661291661,13.2303603117944
"2040028660",24.0467316101773,0.382520779740733,0.905314443695274,2.57051999403935,7.48830845344486
"2040028320",24.0467316101773,0.341945314222858,0.862981211307845,2.6392938893297,7.91183358359526
"2040028310",24.0467316101773,0.341678289682878,0.915331813999571,2.5822702462911,7.57046584258442
"2040030060",21.3006410085612,0.409707993373231,0.673044604722498,3.46570935304059,12.6352478683986
"2040039390",18.872622042513,0.44563393413363,0.678338229871282,3.54966365700398,13.0954167290373
"6040262220",14.4707476243492,0.359675113090051,0.801161644713032,2.76951666948249,8.39196873699005
"6040239720",20.7218127010829,0.320544394436042,0.822523288702317,2.80609997691708,8.8786308040697
"6040007010",19.3378041194675,0.422124019931444,0.760161490023749,3.16214356854497,10.983443584853
"6040007960",21.1550885165281,0.316819697726346,0.812315544509682,2.72266364285252,8.33032257544978
"6040008320",21.1550885165281,0.374515301188745,0.825459245115184,2.91709391227055,9.4490638011274
"2040016230",26.4839526951588,0.152078665825247,0.888417244590459,3.05649639043719,10.2358388558306
"2040018360",23.8269757572948,0.392885164994957,0.861583376624394,3.37737230927128,12.3297923991538
"2040000010",24.6086683982644,0.348670399868732,0.955540969595894,2.53338550947727,7.02653928966245
"2040046500",24.6086683982644,0.471783466938618,0.709262646989157,3.49696908785845,12.955790004607
"6040026990",4.1184630268333,0.2617642293238,0.920439786606986,2.664969222912,7.42495169077641
"2040555780",25.1764871292213,0.370372724558502,0.812295329928781,3.58416513590438,13.2542116662412
"2040012730",25.1764871292213,0.349666450674233,0.81794110977433,3.49460697348914,12.8809983216349
"2040014550",26.0176904416167,0.328140993912715,0.728872412499406,3.58203363080489,13.4565390560956
"2040085720",23.3926576533701,0.313042046991541,0.903585306103045,2.51366357014024,6.80436626522017
"2040018850",24.8016796967226,0.405537140936986,0.760250070228486,3.48226619280681,12.8053999582454
"2040022150",26.4509662570619,0.286347060043317,0.924800009941126,2.47358501835547,7.05099071503037
"2040021030",26.4509662570619,0.199820933134822,0.882222560829143,2.94315041462455,9.65395521803408
"2040020320",26.4509662570619,0.229297982619557,0.866089134407537,3.13467415073709,10.7195183314638
"2040022160",25.0419442137096,0.214498955260809,0.895727646280597,2.6426416458511,7.9224917313689
"2040023010",26.4839526951588,0.188277055769361,0.900370041558828,2.92415805251199,9.52616490479299
"2040021040",26.4509662570619,0.231545878354529,0.825561934450093,3.21974437613813,11.2310928608051
"2040019160",26.0176904416167,0.346172658850648,0.78858313938666,3.49439499681867,12.9654782743893
"2040047500",24.6086683982644,0.349649693985992,0.810515404401185,3.16067598975258,10.9560482711879
"7040072800",5.26706421125019,0.126264583177251,0.620101708649551,1.99674202199635,4.21164355094378
"6040280400",26.4329438930509,0.252477554762888,0.800938749922939,2.95720071776632,9.57110332121906
"6040285930",25.0789142219019,0.38840653926239,0.776356977817983,2.97969837199129,9.81898830777198
"6040013430",17.391456593648,0.394186419441815,0.788955679029805,2.77636498548196,8.36305935743733
"6040013760",20.0450604035028,0.198169309871501,0.866582482363836,2.37485402173674,6.37696607306595
"6040016760",17.8346111088478,0.317627864778701,0.787999258662551,2.99429477529784,9.72942041420493
"6040285990",22.8093398243296,0.25147863744399,0.911389865233102,2.54136676317756,7.33743305198242
"6040012800",10.3737822581926,0.470588235294118,0.839900140948682,2.45742287289461,7.61426290566198
"6040752460",11.7734299609938,0.468484107245066,0.797055052416973,2.09574382211364,5.86432692440445
"6040013420",11.6485298138809,0.408824865704002,0.763450135309103,2.86718303545746,8.76103829927071
"6040040460",20.1956332125914,0.40261324744503,0.745668095437629,2.73711809627036,8.08860702406623
"6040262110",25.5121900373471,0.313952667295086,0.807395399549931,2.85457590784866,9.16201767173401
"6040345000",8.2965187796089,0.415485190941737,0.655543298041937,2.81358940275799,8.46583631554397
"6040014330",17.0520516960825,0.410234568378252,0.732538598309616,2.77977790643791,8.62563011139913
"6040013750",16.6354042604561,0.39693748776273,0.803056409500308,2.44398059522879,6.89421419970315
"6040527670",11.5327273014028,0.382753326774514,0.699587178462006,2.82109241956128,8.53785413679577
"6040814830",19.8227515821038,0.370276548504192,0.80400813994469,2.99733264670066,9.78564898117578
"6040016720",13.4678818493623,0.299499006355983,0.768771506066774,3.00149009618128,9.71774565203071
"6040084750",15.5547654943623,0.314482653382285,0.805311778440252,2.23688304920791,5.76899476994184
"6040005500",17.3720498914227,0.287777175269607,0.914168938901387,2.68183741558319,8.14761113915809
"6040000740",18.9078533382029,0.229919330974427,0.74075754796172,2.93012631873009,9.07256145368523
"7040049270",23.8411543376603,0.258113094093308,0.895004649592525,2.4228184169129,6.52371387427154
"7040585110",23.4078785222151,0.415787352650419,0.814860985799181,3.34181967552574,11.7081234659155
"7040048420",22.2315159409176,0.252641709054865,0.835497685945765,2.34234280148541,6.06461764611612
"6040752470",11.7982999482521,0.36662544640247,0.788570138423748,2.69563464438347,8.2793972878836
"6040709820",16.0469486267024,0.576974925191293,0.854162972709702,2.91499129070226,9.4604386053835
"6040239820",17.8346111088477,0.379934063931784,0.758802872784176,3.05758134359818,9.69771097821431
"5040082270",16.6756237910766,0.0892547238503426,0.748566567940944,2.78043762245497,8.42869150069029
"2040540100",26.4839526951588,0.28582460389873,0.751652228813034,3.74042072205906,14.3679551837723
"2040539930",26.4839526951588,0.213712490540874,0.74027917886963,3.62696047517116,13.6512271251762
"2040026550",23.8259334688154,0.36265036716614,0.817027115323321,3.69980297744152,14.103177291306
"2040009230",23.9604763843271,0.294567074587502,0.856103705274871,3.16732484986777,11.0516389295314
"2040045150",21.9343931912241,0.306182139748561,0.882827818960407,2.79305187466906,8.65475746536636
"2040024170",26.4509662570619,0.322582551157584,0.808460289247802,3.28499716702389,11.5944690799684
"2040548500",25.2349555121677,0.282448433035681,0.75241583493784,3.64471558468792,13.7266217180533
"2040031070",25.0419442137096,0.201122049687109,0.747182902915629,3.58625339884191,13.3192714178429
"2040030110",25.0419442137096,0.244749997032524,0.726434217572386,3.6196258866602,13.5039581104094
"2040026060",26.4509662570619,0.361929291786449,0.793809234869243,3.41459469340031,12.3860949091139
"2040543090",20.0034163259401,0.477479123430644,0.806990928959042,3.446460900169,12.4496975216326
"2040018840",23.3926576533702,0.409052608606978,0.852327826553191,3.08108990410174,10.5350747812367
"2040023020",26.4509662570619,0.226517522918877,0.88154090685673,2.7030772100789,8.10526547337504
"2040785900",21.9343931912241,0.372549056641013,0.873886422776944,2.69310121109352,7.96426943111204
"2040004290",21.2975682281791,0.440368407770939,0.938228874037605,2.62343585219541,8.05232096301076
"2040005120",21.3724564031369,0.435539959338959,0.89529944415373,2.75616601372944,8.89628526216056
"2040543160",23.8259334688154,0.297058521215734,0.823011256545857,3.56248749022421,13.2863435166882
"2040039590",14.5716291659071,0.423474833586254,0.72097638771197,3.58858833736776,13.2198198443403
"2040008500",23.0203430351674,0.29720226771191,0.900399133991563,2.49506787536968,7.15585070103592
"2040026560",18.1318163575574,0.49894697908246,0.695421854422913,3.02338423842352,10.1003246958771
"2040019150",26.0176904416167,0.336470966219777,0.955071754693601,2.5999024907802,7.42651756508635
"2040018460",22.3974450498379,0.424766948121965,0.930015822913703,2.50493648295804,7.28761055708794
"2040005690",17.9808979063239,0.412922588462667,0.836396201839705,2.36443047939286,6.22115705585642
"2040031060",23.8411543376603,0.356490733598477,0.75274171371934,3.51792404825423,12.8371907230984
"2040008490",23.3926576533701,0.439754803621417,0.883377683097681,2.8400874977303,9.3007032436769
"2040070520",23.3926576533702,0.413037369591558,0.870885707253976,2.79004274505295,8.67778763558177
"2040033480",25.0419442137096,0.302560576010115,0.766788675282954,3.56309782735254,13.1803543235249
"7040034530",26.0865053525658,0.341291557326925,0.759985777461853,3.34936287755419,11.8192430280879
"7040402430",26.0865053525658,0.292067346708052,0.959517696904847,2.29930098900548,6.02388023899204
"7040374950",26.0865053525658,0.346286091329947,0.884878565015212,2.71346883201397,8.40152977918854
"7040033480",23.5836797515635,0.372538835018768,0.95247777849656,2.6630339906233,7.86690033397863
"7040402320",19.2564745356737,0.349767167611176,0.940548226843398,2.39150308519438,6.61192882212772
"7040034520",26.0865053525658,0.38386618087097,0.870106711138484,3.02145195343834,10.0915679095824
"7040374800",22.3263112097144,0.468067067364011,0.548447684631899,3.43964022276636,12.2929523912649
"7040379430",23.8411543376603,0.282937743669083,0.851841428163319,3.29796434456526,11.4749636796551
"7040016260",22.6931240499274,0.321202218974009,0.796744563790287,3.15428248813068,10.561789333444
"7040014940",23.5836797515635,0.363288045509772,0.861434554567407,3.01267840649831,9.77196681023279
"7040016270",20.7819156611854,0.440265613713703,0.756281037981443,2.6602392861308,7.74238520047172
"7040059990",21.9700767589405,0.403528344914112,0.663364007147654,3.39987891289505,12.0071184569296
"7040024580",22.4837281213101,0.39147477235592,0.733671370292962,3.43767286057973,12.5131603270722
"7040192560",26.0865053525658,0.334383021599232,0.851700488696864,3.16441510692176,10.8603363410054
"7040192420",21.4027189986979,0.46155768127739,0.688890321644193,3.3045828054843,11.4050055252637
"7040021740",22.5507492864307,0.495223570157614,0.754933115559637,3.29878650395989,11.5038077714821
"8040009560",20.5646975709926,0.680905268166216,0.777805612464179,3.25577301011095,11.2854983541577
"8040252760",18.2428489602828,0.486229506400096,0.884453207519417,2.75269390659668,8.48611209770482
"7040282770",20.4867232134882,0.553350021753491,0.797315879981024,3.11156983587535,10.3307768702216
"7040282720",20.7270194609019,0.498699467986523,0.747172223027834,3.19006412061972,10.7862590807114
"8040307300",22.3263112097144,0.513818736731494,0.811223208279349,3.53313403332428,12.9841978767151
"7040194860",19.844454927534,0.565788125256808,0.853887026240829,3.04006911627135,10.0740662780991
"8040219290",13.3579969740766,0.527769420259159,0.876324801116215,2.53961273536126,7.48815779235521
"7040569650",28.8805683203466,0.266082043974901,0.878883523244114,2.85495206850966,9.16348821303762
"7040392520",25.323877882574,0.393759848512785,0.852463201574049,3.08962907739195,10.465510096139
"7040426320",17.633460468879,0.342039995728001,0.87115670737375,2.22624039123034,5.75947867000221
"7040569640",28.8805683203466,0.266052330042285,0.855420915553837,3.09156801309358,10.3988802124428
"7040194980",10.3575509123425,0.364894873418457,0.783633232668172,2.05825459109162,4.54453555383413
"7040038340",26.0865053525658,0.311359597933598,0.916504702324252,2.6509549070945,8.049555898261
"7040007380",13.5059712565603,0.38111863233238,0.685711225081342,2.61112776231397,7.55296988502901
"7040007390",10.2494740252754,0.301138186046269,0.685096884191311,2.17479967380235,5.07647716895864
"7040049990",13.5059712565603,0.318730374104209,0.708024213102625,2.26768886703986,5.56524413906593
"7040006400",12.6228046567203,0.231732453879738,0.788848710178948,1.94988912693835,4.10305319833414
"7040005420",6.81126741082559,0.255972902910341,0.602227238829357,2.15113493545971,4.93831704104436
"7040049280",2.9390533366964,0.277777777777778,0.507013133813706,2.08152979948197,4.69732060367737
"7040612640",26.0865053525658,0.238108537176699,0.924961853234501,2.60693549187883,7.87845782337483
"8040176200",23.9732221231299,0.37403350670318,0.767795412043382,2.96535654167717,9.42975749804459
"7040013550",23.5836797515635,0.316841736056878,0.860302949140059,3.39708162618004,12.1224455782194
"7040039630",23.8411543376603,0.367969582681006,0.887614951652732,2.85171536244279,9.15024009455817
"7040392650",23.8411543376603,0.344944064853107,0.858867885090332,2.9882011379432,9.9149916858807
"7040686450",27.3978447754329,0.229806337861006,0.694665442541065,3.39525417852529,12.259431847445
"7040741760",27.3978447754329,0.333627899539244,0.911292033247124,2.47672011893463,6.92604028863594
"7040612840",22.845941734128,0.401970341230108,0.87135820209119,2.94584815272934,9.70048573304207
"7040686540",23.8524630369468,0.335597516732696,0.776030853053618,3.26937062076952,11.4330369668731
"7040707810",23.5836797515635,0.295699404395144,0.879356111805512,2.55797572647783,7.27900719191881
"7040014930",23.8411543376603,0.417690637705972,0.859343828903416,2.70541085056674,8.22484621680866
"8040000820",21.723170066422,0.520061985479964,0.803028556046597,3.10638389436194,10.3377876101611
"7040041050",23.8411543376603,0.303187045970156,0.789835472371824,3.26353230415025,11.3991253961499
"8040002270",14.9239720188484,0.505188989501596,0.689847196051154,2.9298871756615,9.28118197086462
"8040000810",13.7126500423155,0.451456283259766,0.796929193067206,2.55790097085986,7.59819781369775
"8040141480",10.2592206259528,0.520857869078744,0.787672026080913,2.8535371998598,8.71715063743352
"8040007180",6.53540932426634,0.580009103898872,0.837620567475238,2.92704324186226,8.83346951376214
"8040008390",14.8993511941865,0.42210092605241,0.821903309301851,3.08328154888135,10.0495917345174
"7040020100",20.8853743744854,0.502634969748534,0.787260518367916,2.64109417834306,8.04726353506461
"7040019200",13.000046373751,0.560427259521862,0.696284919052374,2.73204285623326,8.41798966162653
"8040183760",9.66216764836241,0.550948660101752,0.821798874455061,2.56656890540281,7.40310510203738
"7040043170",22.6931240499275,0.246850664323718,0.959244458291165,2.16570989596268,5.50992308194158
"7040039880",23.8411543376603,0.2798516678831,0.921426798233728,2.27726130014906,6.04451841846536
"7040073720",23.5836797515635,0.405372094587002,0.867037542195222,3.56850649973764,12.996488778837
"7040013180",23.1504039361183,0.334047640448926,0.898170082778323,2.97348175832454,9.85149976193322
"7040707710",22.4359693931448,0.359516828552116,0.845629973784179,2.44543436717556,6.62292998932715
"7040073620",23.8411543376603,0.37296484744172,0.781933147080293,3.32973687354977,11.6660192067033
"7040041060",22.2315159409176,0.317928369641583,0.850844200465241,2.22253841646388,5.56652455942343
"7040014250",23.8411543376603,0.340064173457445,0.897432540740119,3.09168635004789,10.5349980135434
"7040394680",23.8411543376603,0.362752112460205,0.871526030355288,3.06411051183023,10.2023484483994
"7040046590",26.4509662570619,0.318413689826857,0.832308329662425,2.96469860560068,9.73258130647376
"7040395340",23.5836797515635,0.386278688493094,0.871373024998971,3.06373304388839,10.29489451288
"7040013560",23.1504039361183,0.413563235089457,0.870743551648199,3.4691537428336,12.6319794525914
"8040002260",18.4560030985083,0.618866001685683,0.775997775993775,3.24345372997065,11.1517102354083
"8040007190",11.937256240184,0.445122650941144,0.694519434971126,2.84832766640867,9.05707041447217
"7040426310",14.6904154740586,0.343644815441267,0.939789828694466,2.30441678264489,6.40194643523885
"7040048410",18.6079118721963,0.230473590137673,0.834570120453144,2.42938372069828,6.46735324040981
"7040741770",15.1695936050264,0.422188309838133,0.829053532785038,2.88508611031233,9.29451977666713
"7040014200",23.8411543376603,0.3518331196165,0.840355390488947,3.49457940364645,12.7405038522907
"7040632220",13.6335080725161,0.370660042252707,0.917503672801812,2.43418034746547,6.72209769325276
"7040007830",8.1537944689621,0.218123191568248,0.633857131119583,2.35746540471327,6.00804298069492
"7040008720",23.5836797515635,0.334387113561519,0.831431368888863,2.99461963696973,9.91079528584745
"7040048300",19.2469448853041,0.264080050686763,0.93286207857834,2.22883060526559,5.46814812520817
"7040073690",22.9079212268999,0.385829166356177,0.879047172849448,2.77046217595181,8.66861843698321
"7040041400",23.8411543376603,0.308002178421142,0.835305878170025,3.12542707558735,10.6771183388998
"7040039870",23.8411543376603,0.343063058186397,0.811263165672715,3.12253202722351,10.6162083089218
"7040379310",23.8411543376603,0.385468484743705,0.838618656390289,3.3492449340734,11.7509650075868
"7040043090",21.6979114463951,0.366960131767791,0.927350713915875,2.47507179911135,7.14204785436518
"7040014040",23.5836797515635,0.398239844156056,0.827781458449607,3.61111260401953,13.4909935461997
"7040073870",20.0717167124157,0.564358336198923,0.839909892067563,2.81873757966336,8.89590089504694
"7040047970",19.4919489757156,0.315217778405881,0.960223942049122,2.29512063127924,5.88329902560384
"7040041410",23.8411543376603,0.301671349513165,0.911027424654084,2.42750210213813,6.75760198226411
"7040039620",23.8411543376603,0.38128715122198,0.83420555659076,3.12153493503418,10.6922066118227
"7040042040",25.323877882574,0.311054103704844,0.895081530409094,2.58044047649427,7.73388343889724
"7040047980",13.3123525867523,0.207774195083798,0.962518908122403,2.02049559390503,4.51328463616843
"7040045890",22.845941734128,0.299013176745026,0.805858458443455,3.19455980702142,11.0246879357786
"7040073780",23.8411543376603,0.519869540284496,0.864107311150151,3.25336683007982,11.2739957854187
"7040047850",16.7880968975134,0.311050929902877,0.921961294646041,2.1548889968156,5.39572319007327
"7040046750",17.4033170801266,0.343227658439249,0.921328249760208,2.42808598021945,6.88166218419814
"7040043160",22.6017320331193,0.368798228649371,0.841760245070492,2.70395535566336,8.35958252996108
"7040073630",25.323877882574,0.398173563549353,0.799883794459742,3.45134442045116,12.3796360522475
"7040585120",25.323877882574,0.390473937401867,0.853328237130615,3.36939711851338,11.8857133068101
"7040064730",11.8425264692829,0.380823892866585,0.891503415065652,2.16050765119125,5.21846618540296
"7040388740",23.8411543376603,0.366676222939882,0.78159614070195,3.3373555208059,11.7151468576838
"7040047070",17.4033170801266,0.358492630667873,0.887853663490857,2.60760485375133,7.92553967261705
"7040394690",22.9079212268999,0.356179219747948,0.897854883949857,2.77035689999359,8.4338934274677
"7040046600",19.4919489757156,0.419308954619353,0.899895482074665,2.5866465617474,7.71926844038644
"7040608130",23.1504039361183,0.486480806047606,0.847794441324791,3.19839035869842,10.8084901173775
"7040073830",22.6479154898119,0.491418884229979,0.864510999991545,3.3601194187721,11.7191367526779
"7040395190",23.8411543376603,0.334661737661684,0.808164401877637,3.42024225021697,12.2666471841379
"7040014210",18.8748922397438,0.471315080545264,0.772767898966768,3.4941406279284,12.7096673210111
"7040045900",19.1959746850477,0.317397825538868,0.884285563977491,2.40147819444428,6.64109339427042
"7040073710",16.3481548792142,0.36876850518639,0.953683884151464,2.33478253887828,5.99205997732665
"7040014050",23.1504039361183,0.489319596092754,0.804862406490429,3.39196613505218,12.1511113856831
"7040607990",18.0850520645025,0.554467858686625,0.780051834962376,3.30960642040492,11.4115616354905
"7040388580",22.1551913325859,0.424968538312383,0.769410400955436,3.21658282267626,10.9339570568565
"7040047060",19.6781854267795,0.339000433940064,0.921265385959045,2.03496968855557,4.87806744560933
"7040043100",11.5638669540025,0.285714285714286,0.700125124386604,2.37812535254892,6.34341041416148
"7040048310",13.0748191923225,0.383949998065034,0.916205320177032,2.06385944173043,5.0054696199984
"4040773260",25.4557536535296,0.306448816838967,0.82728427679317,3.37089897928792,11.8418265334106
"2040031500",25.0419442137096,0.190132773624266,0.817853375819916,3.34334613314576,11.9250935158702
"2040033320",25.0419442137096,0.222839999527903,0.769037335801397,3.52855288755037,12.9602717019623
"2040031490",25.0419442137096,0.280119824555014,0.756570148010798,3.58434504346328,13.2878873414403
"2040033330",25.0419442137096,0.305081898551565,0.774695141355755,3.52017266107127,12.9662768719233
"2040024230",25.0419442137096,0.271420778959587,0.743397681794031,3.15497265975353,10.7019642673731
"2040056770",17.0882915873321,0.336017589233363,0.885485627676098,2.59731588893245,7.5466857969039
"4040783120",21.149965844148,0.344907020792795,0.830933801712213,3.25304369424188,11.1353293786187
"4040023060",19.5087965104291,0.4431876185362,0.834118020084899,3.01101965859576,10.0153533574812
"4040023810",14.515209313468,0.443660967748509,0.852787270403756,3.04675823384348,10.0345497378871
"2040048790",25.0419442137096,0.177376727850171,0.866523244749006,3.0928220935817,10.5407803858111
"6040000750",23.2649548590219,0.319866209644866,0.804843893755426,3.2250218497395,11.2841586843381
"7040050930",12.0535166792097,0.197482496973291,0.707617185749212,2.02493773116286,4.30897380147535
"2040054200",24.0467316101773,0.20330349851867,0.864169486262133,3.00835767020466,9.95661000511726
"4040039450",18.8420091879973,0.323946335115082,0.816288463609459,2.47609258190133,6.60755705564333
"7040007840",13.3683411960043,0.248552574924826,0.789796901834011,2.2370729729086,5.37304870665769
"2040039400",17.771096318026,0.575130235833066,0.716041196889923,3.50372095380286,12.5661163337706
"4040005050",23.6511614014352,0.215208439747298,0.848055389860039,3.25992498205045,11.2122775571963
"4040012290",13.876558600057,0.192104125417548,0.801596405097603,2.3744018544979,6.08869464578227
"6040016980",13.2287288833365,0.22885629845314,0.809970801091293,2.07885278548373,4.88590101113881
"6040102330",13.4149517453468,0.476190476190476,0.755212640988465,2.84455807758943,9.05085717548629
"6040000010",17.791973236283,0.430475040433429,0.892257645467419,2.99285884104759,9.57836764383513
"2040003550",23.8259334688154,0.410334762286294,0.767593010497839,3.08530429858147,10.4724568835467
"6040102250",20.0687709939429,0.362691646708951,0.746192162347415,2.87157565057105,9.19679418109077
"7040006390",13.7482485384613,0.233219451580443,0.84179380920094,2.2600023231166,5.48429243767344
"2040315940",22.830720865283,0.467252886794662,0.830610390840067,2.71241141419332,8.42308124724086
"2040026070",6.85032974352707,0.428571428571429,0.63189858194064,2.29468608438838,5.81414140920848
"2040007930",16.6270867977863,0.463807721467588,0.688903039653728,3.05510915376775,10.152672798808
"2040026920",22.8307208652831,0.284962745870104,0.860296926270519,2.47489216108461,6.97719081541415
"2040059370",20.1631087292238,0.540726315720021,0.709800469677232,3.62928093100531,13.3887475418876
"2040027330",24.0467316101773,0.334683969191178,0.864413537740655,2.94939431152647,9.6681405805861
"2040027320",18.1318163575573,0.459697117181381,0.931509410392353,2.45155460057479,6.90230284182373
"2040024180",13.8143108936708,0.333404741941751,0.9502228570719,2.10637694228045,4.85298110118532
"2040491970",13.1233587542705,0.571020445126838,0.846446187229939,2.86130330617041,9.06088369184305
"6040034810",6.16395364528073,0.142178805035405,0.6823944425456,2.02410107936154,4.44630777508134
"5040000010",16.9950809273631,0.445012206425024,0.791032668694932,2.86269637418529,9.06135365742732
"5040007690",22.2631728631424,0.313136151266354,0.837091224099762,2.56890587259074,7.27326373067843
"1040036870",19.2909853844821,0.316933226521935,0.850126288683453,3.27913888338445,11.1963534273027
"1040036860",11.3099518544238,0.577105019899683,0.836050487202525,3.21197262320156,10.7150141059446
"1040035590",10.555054373471,0.6,0.800229851753235,2.47977256241689,6.67220303667719
"2040416390",14.2936779550743,0.354861488879158,0.902422163207079,2.7777216001866,8.58871676159901
"6040075390",13.4064226304779,0.457142857142857,0.802499681572267,2.57025714957964,7.69144071030547
"7040050920",14.6255875705616,0.247086804323137,0.767216877263928,2.12368217134935,4.89277715296596
"2040007940",22.3974450498378,0.365482815512955,0.917107286700416,2.09620632953843,5.36445530822114
"4040037060",6.9882118721067,0.4139776659284,0.736405804921068,2.03475311007397,4.451646151087
"4040003020",23.6511614014352,0.19587246606413,0.847504612312746,3.3034405510695,11.3972244017088
"4040005060",21.2363033373853,0.356701073999973,0.836386498563317,3.25407953405752,11.1508593265383
"4040045780",16.9094821184261,0.605774918368165,0.790179502896635,3.41865163573115,12.2101285621462
"2040041840",18.182828193189,0.782003017672156,0.79000235565933,3.70328958590014,14.0832521733836
"4040298550",14.1503366427104,0.41391177076965,0.835062682119371,2.38568456647638,6.21533846004618
"2040288980",8.4760805593243,0.375081916649379,0.833739668117149,2.3083077198422,5.93006288682938
"3040386960",22.8459417341279,0.464057867416542,0.895681140609585,3.16892264220685,10.9052947536721
"4040027100",7.95492982041285,0.29923910736691,0.649158488726688,2.29988593687577,5.71296542513033
"2040309610",20.1531818731216,0.519184110582755,0.871385707593908,2.46515381135307,7.08354792251302
"7040054660",13.4591835423061,0.190605075943692,0.704854476730437,2.10117529757253,4.80923960928744
"4040975160",15.4096590753058,0.208214496512523,0.718997667556561,2.40251926574762,6.42907707703281
"4040017030",13.4591835423061,0.164556962025316,0.673277559530302,2.28281979970276,5.69744299571417
"2040363700",5.1643037093122,0.576468135428272,0.820249569021682,2.53548432794049,7.19679611923651
"2040400100",12.7507511442432,0.516172906982939,0.730363591092851,2.60431889910872,7.67070954321538
"4040018350",15.4096590753058,0.133238596859234,0.711310348759091,2.34797201775419,6.05512647382546
"5040022500",11.055400273967,0.350233108311208,0.650561147245292,2.38205267056011,6.48989425495585
"2040026930",22.8307208652831,0.38047630843494,0.859910550069887,2.36907183506952,6.39643839057801
"2040018470",21.9343931912241,0.387559156047403,0.905262717351413,2.44590287123011,6.64979847481533
"7040000010",16.7906274751359,0.173530161535783,0.739569563217689,2.09925160488402,4.74323079257498
"4040046370",13.4591835423061,0.196920775623908,0.715107399105205,2.41279570878665,6.19085136983572
"2040069150",23.3926576533702,0.503303902721432,0.812743926162299,3.27674633430501,11.6792342099694
"4040012770",13.4591835423061,0.28224249077193,0.71378270066942,2.47711833165245,6.59876712973812
"4040027950",11.910100543286,0.321911410931283,0.65446029886567,2.15454347079025,4.99133243338185
"4040029530",15.4096590753058,0.170706673903838,0.665978004977791,2.30594715998105,5.77314998198627
"5040014020",11.055400273967,0.333333333333333,0.683488196818219,2.55081840553349,7.07554527003953
"4040839030",4.84872546086197,0.363636363636364,0.727225259342211,2.20951850511463,5.08929766220466
"7040024600",2.93905333669641,0.266666666666667,0.50490917405327,1.9627312436412,4.1711206598921
"4040048900",15.4096590753058,0.216057366496103,0.705406985536017,2.34528915248626,6.00021557786756
"4040028760",15.4096590753058,0.190640365330862,0.690545082504522,2.26728564155512,5.47129856358691
"7040024300",0.29322493537177,0.142857142857143,0.838838862055187,1.80141959283023,3.38612934561763
"2040006600",15.4248709014095,0.34032829693485,0.808717882771553,2.3706566147057,6.38852880148938
"7040013170",16.8731864987834,0.346153846153846,0.810258993957228,2.66954111884151,8.02480438646777
"7040065760",17.6862377530563,0.32147705317956,0.829469747159096,2.82935769056734,8.79674743415766
"4040025460",11.910100543286,0.166870875764666,0.64142752288567,2.29912946847211,5.81639170497852
"4040960200",14.676161623208,0.22022388409974,0.678844891732914,2.25187003705143,5.44120274200261
"7040047860",2.9390533366964,0.235294117647059,0.615174868814843,1.91591697642312,3.98084945495265
"5040011800",11.055400273967,0.323361556114824,0.603462657815954,2.33496936348682,5.91575365936913
"5040031240",11.910100543286,0.3,0.704376877919341,2.47804100077711,6.75935601504278
"4040027940",15.4096590753058,0.292682926829268,0.71497261563457,2.3147624531984,5.66173746744386
"4041128330",9.74600050995783,0.305555555555556,0.774363251387575,2.63350954225515,7.43439126637479
"4040960480",11.4768247278408,0.246308730159511,0.744163557656155,2.24594517444055,5.33649250583211
"6040009770",18.2678869242929,0.391004774001474,0.802855117505279,2.91930555044817,8.96346742836761
"4040027790",4.29757116247715,0.505835960428161,0.657670022109258,2.05569137197203,4.60600786121574
"4041144880",11.910100543286,0.298905661621879,0.600146343135655,2.22822027636442,5.3419982342757
"2040309560",4.26380591612736,0.416666666666667,0.743312261451393,2.06605737178352,4.49612905172529
"5040017830",11.910100543286,0.241688026127601,0.697018363827072,2.34082990924408,6.12446060890914
"7040024830",3.34390756579452,0.367094263751141,0.792271106581864,2.04341422745396,4.59284030691832
"2040048590",11.554539113557,0.413988662602479,0.88426490343729,2.19496877851297,5.3895159595714
"7040050000",6.81126741082559,0.195242922972977,0.576690467370823,2.10663157092735,4.73115067393494
"4040169400",5.38494269418982,0.547383977142273,0.677417944017419,2.52535982312253,6.69813734562957
"4041108580",11.910100543286,0.203703703703704,0.663721786950022,2.33818344388074,5.9323905685227
"5040038940",9.77674594750031,0.444444444444444,0.712129811562975,2.29165627113587,6.71583267364859
"2040075170",5.38494269418981,0.453996650032843,0.727707693785658,2.44221483660282,6.22332529084291
"2040289120",2.9390533366964,0.292892776973385,0.510512955001491,1.83519071214948,3.72225968842553
"7040019010",0.596770906305972,0.285714285714286,0.63962546161703,1.8224445978896,3.48643982401418
"7040054670",14.2191777963437,0.226026492142797,0.797385666259863,2.15034007698549,5.09238870955055
"3040481930",16.0723712387033,0.572256868358865,0.86009447345766,2.59157371418955,7.62176894357806
"2040292580",2.50577752125121,0.5,0.746384702899784,2.20724378033159,5.19080265215254
"4040000890",17.91174979396,0.614441653712064,0.825603054244332,2.67928467770121,8.09149523901266
"2040005130",18.3094397381832,0.318417425354294,0.795790298621353,2.27292538413638,5.73775575514746
"6040870380",11.5945948073406,0.482038793656919,0.835383098647229,1.94878853647658,5.48295951316863
"4040047500",11.4768247278408,0.332593556403866,0.719483661166596,2.24722888909398,5.45867873611322
"4040027780",11.4768247278408,0.31623818601333,0.714919817256107,2.31690644766065,5.67800580795328
"7040005410",4.68523037000118,0.227272727272727,0.58555937430546,2.18668288027157,5.09587984637453
"2040068720",14.866705154426,0.525884053128626,0.852800484845093,3.04967502695861,10.1973133456289
"4041108500",11.4768247278408,0.344827586206897,0.694747408430285,2.21885255058168,5.28494435292595
"2040070050",22.3676690066692,0.35430782224679,0.856332781327705,2.41846229073247,6.72345609661711
"4041144860",11.910100543286,0.354838709677419,0.685900530129907,2.41001368656879,6.39932890080111
"6040870370",17.242240101341,0.382349909037701,0.837509307955648,2.86468841434035,8.76094853840847
"6040029280",9.44294125421107,0.504990608540875,0.715567921542358,1.83647280720615,4.42247429256768
"2040069160",11.9840493076785,0.314640205271741,0.794542601649212,2.32888704609314,6.01302076212259
"2040085590",15.9511777419933,0.389006678325785,0.89382907941535,2.3493575295392,6.32656369019913
"2040085990",17.876163922738,0.43806700294619,0.930182899565574,2.27215896420868,5.8681051284943
"2040018370",16.1783894466239,0.328537208491089,0.846417169705033,2.34313057953339,6.01606428968085
"2040018240",22.8317631537625,0.492644170581665,0.824613785487667,3.18436856858499,10.9647229886125
"2040077580",5.38494269418982,0.212919168933315,0.649108211149086,2.34729054590723,5.72588736125794
"4040013000",3.42567587158407,0.307692307692308,0.682254274422677,1.60251711935279,2.99722699965085
"1040041020",4.53024242487081,0.294117647058824,0.597254773218502,2.25675154811255,5.38379283585078
"4040015000",15.3475580489314,0.161046184751901,0.671084069243178,2.41504354516239,6.53897732725899
"7040070790",3.34390756579449,0.323360394888163,0.497835990757149,1.98207051013303,4.17853932057147
"4040234270",4.84872546086197,0.4,0.515816372593205,1.68277862946657,3.77254137008965
"2040816870",5.38494269418982,0.402910332645532,0.715021545930961,2.30319384148811,5.7483564768006
"6040016970",11.8398112350181,0.391304347826087,0.8013732750359,2.8592178851635,8.51721330478152
"4040031830",5.38494269418982,0.437999467848693,0.719723146393074,2.32085619311807,5.69791347287849
"4040015010",13.4591835423061,0.254901960784314,0.755608311329256,2.48500500695963,6.63616771286844
"4040050300",4.68523037000118,0.548096368376469,0.821983842665326,2.1923240129018,5.11518079715282
"6040005490",16.336239798936,0.200378601186382,0.668090419558225,2.30918763647153,6.01189459441409
"6040005190",12.4170069580077,0.422013939201042,0.85305093116689,2.41480615969922,6.47396537270636
"2040292690",4.98467399218224,0.4,0.828092204840428,2.5590869317546,7.3755013093904
"4040015090",2.92352665031314,0.330407803128179,0.711400589896115,2.01041229717125,4.28639257533228
"2040068680",15.471202060016,0.574132898197428,0.676262863046162,3.35611626917702,11.9437070890045
"6040019090",13.1693931998762,0.69567073550279,0.936789862410432,2.85433034922811,8.962904408913
"4040012780",8.45802442519363,0.317175095045264,0.772805119613116,2.21001172583737,5.37892143687534
"7040050640",6.06873642738744,0.270544949833523,0.606003451004387,2.17089127925518,5.12585630140814
"5040017040",11.1825562540766,0.350578753004243,0.743277528982088,2.24953989101233,5.4622293132561
"2040085960",23.3926576533702,0.414774154568666,0.877870441081127,2.51967937870053,7.56460599115988
"6040015950",15.1189591012945,0.438947247231736,0.785312434487216,2.97915333656726,9.43282489391874
"2040085500",4.84872546086197,0.266666666666667,0.759665103814628,2.33116260482078,5.81197124174558
"4040046100",10.925670429456,0.5972680033097,0.863984697123858,2.40760541729147,6.25805666797952
"6040026140",10.0211840911251,0.299754414725854,0.727384194837061,2.72379702927008,7.81269887165902
"7040050650",4.4516586064134,0.318181818181818,0.64157452652566,2.11371733122748,4.8779200790394
"2040816320",21.9343931912241,0.408376363968423,0.890172041629746,2.71757247782093,8.29678765457212
"2040004130",22.3676690066693,0.40717384819477,0.812241399546112,2.72445438463078,8.59935075281089
"2040067740",12.983967780554,0.601470362707174,0.791593177190777,2.8194942384841,8.9508413139398
"7040073660",5.63546061194225,0.3,0.683324929522846,2.3068441008234,5.90535520416027
"1040040050",4.42730100698813,0.482864575558213,0.680705585263518,2.40071279380761,6.31298455495478
"2040085710",3.99402519154295,0.353078339179491,0.729167670791219,2.22890152713091,5.16451991511738
"1040909890",24.3623035195631,0.396676095576076,0.837330400692696,3.36445955923987,11.9452008017381
"2040073580",4.84872546086197,0.488004079555764,0.52085001564687,2.03916988883282,4.76502791645922
"4040050240",5.90914349080879,0.355611961645233,0.754808970599521,2.42368171896298,6.34339446820601
"2040084130",9.84105409073115,0.39984967196426,0.788466318727299,2.44822248367545,6.14861431123736
"2040085670",2.06882638099412,0.312173326724969,0.724871328526129,2.13344859846653,4.66314635981036
"2040071700",5.38494269418982,0.294905159232722,0.69616721208654,2.35905307350746,5.88871416770425
"2040070060",16.3993069365445,0.321974552059994,0.761904995985211,2.42998061483364,6.60398328870218
"2040065960",8.44487514745795,0.466666666666667,0.806442733177599,2.33948837351231,6.01180041467476
"2040003560",22.3676690066693,0.414462803683034,0.81661436256764,3.08751745304856,10.5493948231951
"2040077470",4.84872546086197,0.321823120356845,0.740991141204539,2.5417848536998,6.74225095026316
"2040004280",20.9391805876918,0.382607417009482,0.941100040950429,2.17767586644157,5.78320180885733
"2040079320",3.99402519154295,0.37982429268641,0.783538230115653,2.356440211184,5.84077185570598
"2040085620",2.50577752125122,0.333333333333333,0.784127650807328,2.29114125390353,5.62787515317698
"4040484760",6.86958828241439,0.316585622541736,0.886927740759884,2.39657659423442,6.21955874429106
"2040066030",9.54468180174949,0.44279478796087,0.858379720225565,2.3852560919097,6.15900194348613
"4040545530",5.38494269418981,0.4,0.73625978076506,2.30400071331658,5.70617617765357
"2040070510",17.876163922738,0.461844592347666,0.849986477717987,3.19095263822154,10.9389669002856
"2040085690",6.46775605263408,0.27117105723444,0.778143293377963,2.22176141978574,5.24933673707304
"2040828790",13.3417488790902,0.392682086488412,0.825924386698468,2.37979770302664,6.12597929195925
"2040072590",4.84872546086197,0.216893396721051,0.839415066426967,2.39830324673836,5.97386488561257
"2040085730",12.5356976661811,0.432815423741471,0.912119146826564,2.21997636038478,6.24693723712538
"4040223160",4.68523037000118,0.363636363636364,0.756292871502092,2.12811621012316,4.93961327867513
"2040072930",4.84872546086197,0.3003662181676,0.768057349319282,2.30431862112368,5.69994625817924
"2040085930",11.2622426116582,0.493956089103207,0.885064660152482,2.39686889867918,6.39590395115523
"2040072920",8.25334388774761,0.439610570285076,0.892203454818322,2.48348479018198,6.81968178673247
"2040004140",4.68523037000118,0.357142857142857,0.699026454540535,2.05252652664363,4.76526559444638
"2040085630",2.91063175034933,0.349876894623256,0.755072494012792,2.26461152796886,5.54627803296055
"2040081260",3.99402519154295,0.446581064522253,0.843445301072447,2.45591004468446,6.39653611387408
"2040065840",7.90983101035971,0.428131198959343,0.834161948139166,2.34797290962662,5.79886060621584
"2040085700",6.64197719339169,0.545454545454545,0.816753808915235,2.7030018585105,7.96563042072959
"6040075410",8.70216626418802,0.483879767378588,0.733384428151217,2.70930889986751,7.96469945888778
"6040015940",15.6602429630628,0.437225554589441,0.810034375983872,3.04720358471846,9.91446569236728
"6040527680",15.2539241440109,0.547983518047491,0.800554931883535,3.59956698861919,13.3477465737093
