"","Assemblage","Taxonomic Diversity","Taxonomic Observed","Taxonomic Estimator","s.e.","LCL","UCL","qTD","proportion"
"1","1040000010","Species richness",8,8.48214285714286,NA,NA,NA,7.8246811943332,1.0224058720493
"2","1040008470","Species richness",4,7.6,NA,NA,NA,7.27222222222222,0.550038197097021
"3","1040008480","Species richness",33,37.485342019544,NA,NA,NA,28.4931254088616,1.15817410433103
"4","1040009450","Species richness",44,66.9832512315271,NA,NA,NA,58.2670380795993,0.755143927856622
"5","1040010040","Species richness",4,7.6,NA,NA,NA,7.27222222222222,0.550038197097021
"6","1040011530","Species richness",5,6.92857142857143,NA,NA,NA,6.67103174603174,0.749509249895902
"7","1040011660","Species richness",13,20.8787878787879,NA,NA,NA,14.7446608946608,0.881675074989855
"8","1040011670","Species richness",38,44.7142857142857,NA,NA,NA,38.0650793650794,0.998290313164589
"9","1040012680","Species richness",48,50.9981458590853,NA,NA,NA,36.5043762897557,1.31491083751157
"10","1040012690","Species richness",26,26.3319783197832,NA,NA,NA,23.3300123735335,1.11444432963505
"11","1040012810","Species richness",44,45.1229910714286,NA,NA,NA,37.5161762859409,1.17282741355731
"12","1040012820","Species richness",54,54.9998227578873,NA,NA,NA,37.6453760016596,1.4344391193654
"13","1040014490","Species richness",17,29.0231481481481,NA,NA,NA,24.6332671957672,0.690123639097341
"14","1040014500","Species richness",28,28.9990521327014,NA,NA,NA,19.4234658761836,1.44155529082648
"15","1040014920","Species richness",19,23.1237113402062,NA,NA,NA,19.330854197349,0.98288465714079
"16","1040014930","Species richness",35,66.9316239316239,NA,NA,NA,27.14788665084,1.28923479201712
"17","1040015030","Species richness",40,40.3329952670723,NA,NA,NA,29.2634222280605,1.366894127702
"18","1040015850","Species richness",4,4.14285714285714,NA,NA,NA,4.04920634920635,0.987847902783222
"19","1040015860","Species richness",27,27,NA,NA,NA,20.3392803236547,1.32748059765904
"20","1040018120","Species richness",27,28.4924242424242,NA,NA,NA,24.4948543601779,1.10227232230026
"21","1040019180","Species richness",2,2.5,NA,NA,NA,2.4297619047619,0.82312591866732
"22","1040019420","Species richness",15,23.7352941176471,NA,NA,NA,21.3706115779646,0.701898490142727
"23","1040019430","Species richness",24,32.9072164948454,NA,NA,NA,26.1175339551628,0.918922898356404
"24","1040020040","Species richness",10,15.6470588235294,NA,NA,NA,14.8510270774977,0.673354101895891
"25","1040020240","Species richness",9,41,NA,NA,NA,39.4547619047619,0.228109347655543
"26","1040020250","Species richness",16,29.0344827586207,NA,NA,NA,27.0209906951286,0.592132249351039
"27","1040020570","Species richness",63,63.5622961956522,NA,NA,NA,41.6938671479663,1.51101359287257
"28","1040020580","Species richness",30,38.527619047619,NA,NA,NA,35.7582312925168,0.838967670257174
"29","1040021500","Species richness",20,67.3666666666667,NA,NA,NA,62.5670634920635,0.319657002961901
"30","1040021510","Species richness",4,8.5,NA,NA,NA,8.24246031746032,0.485291993644986
"31","1040021910","Species richness",28,34.4306220095694,NA,NA,NA,32.9534935824409,0.849682293318959
"32","1040021940","Species richness",21,21,NA,NA,NA,20.4539192624607,1.02669809783309
"33","1040022420","Species richness",47,47.9989868287741,NA,NA,NA,41.1023450664987,1.14348706683182
"34","1040022430","Species richness",95,105.559344188826,NA,NA,NA,64.7415342710923,1.46737331868297
"35","1040023300","Species richness",18,20.5,NA,NA,NA,19.7507936507936,0.911355782367597
"36","1040023310","Species richness",41,43.5158155487805,NA,NA,NA,41.3223383662409,0.992199416127325
"37","1040023890","Species richness",13,18.7777777777778,NA,NA,NA,17.5134920634921,0.742284859745321
"38","1040023900","Species richness",19,45.9021739130435,NA,NA,NA,43.9238008971704,0.432567300914616
"39","1040024080","Species richness",67,69.2487758433079,NA,NA,NA,48.7219808273524,1.37514934455182
"40","1040026800","Species richness",21,23.6436781609195,NA,NA,NA,20.0946205676994,1.0450558112929
"41","1040026820","Species richness",8,19.6666666666667,NA,NA,NA,17.9809523809524,0.444915254237288
"42","1040027410","Species richness",7,7,NA,NA,NA,6.93055327552343,1.01002037235928
"43","1040027420","Species richness",2,2.5,NA,NA,NA,2.4297619047619,0.82312591866732
"44","1040027430","Species richness",8,9.05,NA,NA,NA,8.75734126984127,0.913519269547092
"45","1040028960","Species richness",17,20.552,NA,NA,NA,18.4261269841269,0.922602998158243
"46","1040028970","Species richness",44,68.950884086444,NA,NA,NA,35.5067188467793,1.23920208425542
"47","1040029430","Species richness",34,39.7502191060473,NA,NA,NA,34.8268630969771,0.976257893377459
"48","1040029440","Species richness",6,6.49609375,NA,NA,NA,3.82155884706854,1.57003993399251
"49","1040029700","Species richness",28,32.5274725274725,NA,NA,NA,29.7246380603523,0.941979510167606
"50","1040029710","Species richness",11,14.9855072463768,NA,NA,NA,14.0802162410858,0.781238001722034
"51","1040029810","Species richness",72,95.1104895104895,NA,NA,NA,61.3877873785924,1.17287172375117
"52","1040031860","Species richness",6,6,NA,NA,NA,5.82821599329019,1.02947454365239
"53","1040034170","Species richness",7,7,NA,NA,NA,6.08525221454206,1.15032208250497
"54","1040034260","Species richness",13,13,NA,NA,NA,10.1069848134918,1.2862391939727
"55","1040034270","Species richness",10,14.4347826086957,NA,NA,NA,9.64236470546996,1.03708999871444
"56","1040034490","Species richness",2,2,NA,NA,NA,1.76394226676489,1.13382395653348
"57","1040034610","Species richness",14,14.3994542974079,NA,NA,NA,6.12442454474942,2.28592905304099
"58","1040034900","Species richness",13,13,NA,NA,NA,10.9846854765426,1.18346583775758
"59","1040035400","Species richness",20,29.9310344827586,NA,NA,NA,28.7603995621237,0.695400630884809
"60","1040035590","Species richness",12,14.5945945945946,NA,NA,NA,13.4239596739597,0.893924020293214
"61","1040036020","Species richness",4,4.47222222222222,NA,NA,NA,4.02738095238095,0.993201300620751
"62","1040036030","Species richness",6,18.5,NA,NA,NA,17.8678571428571,0.335798520887468
"63","1040036860","Species richness",13,15.6214689265537,NA,NA,NA,13.7640615191463,0.944488658519618
"64","1040036870","Species richness",50,86.051724137931,NA,NA,NA,42.8613352451231,1.16655255171242
"65","1040040050","Species richness",13,20.864406779661,NA,NA,NA,15.3858353510897,0.84493299865446
"66","1040040200","Species richness",14,17.92,NA,NA,NA,15.5787301587301,0.898661178244658
"67","1040040230","Species richness",2,2,NA,NA,NA,1.82405898025151,1.09645577344447
"68","1040040240","Species richness",23,23.1661290322581,NA,NA,NA,19.2546443396205,1.19451700038274
"69","1040040260","Species richness",11,16.7166666666667,NA,NA,NA,16.0962301587302,0.683389830508474
"70","1040040280","Species richness",5,6.92857142857143,NA,NA,NA,6.67103174603174,0.749509249895902
"71","1040040300","Species richness",3,3,NA,NA,NA,2.86092867261479,1.04861055387938
"72","1040040310","Species richness",2,2,NA,NA,NA,1.90983685512696,1.04720986749784
"73","1040040320","Species richness",19,68.1525423728814,NA,NA,NA,54.5263518966914,0.348455367709148
"74","1040040340","Species richness",10,10.4901960784314,NA,NA,NA,9.49775507843967,1.05288038251275
"75","1040040420","Species richness",5,5.45833333333333,NA,NA,NA,5.15396825396825,0.97012627040345
"76","1040040520","Species richness",21,61.0290697674419,NA,NA,NA,43.0715300849003,0.487561039939977
"77","1040040540","Species richness",7,7,NA,NA,NA,6.59050504477866,1.06213407810768
"78","1040040630","Species richness",8,8,NA,NA,NA,7.17477959363212,1.11501683021738
"79","1040040920","Species richness",7,18.25,NA,NA,NA,17.1496031746032,0.408172709813268
"80","1040041020","Species richness",19,38.8529411764706,NA,NA,NA,33.5382586367882,0.566517188795212
"81","1040041270","Species richness",14,37.6551724137931,NA,NA,NA,33.0194581280789,0.42399242124736
"82","1040041770","Species richness",6,9.5,NA,NA,NA,9.12539682539682,0.657505653157071
"83","1040042410","Species richness",3,4.5,NA,NA,NA,4.31269841269841,0.69562016930438
"84","1040526810","Species richness",8,11.7142857142857,NA,NA,NA,11.0587301587302,0.72341036314052
"85","1040526970","Species richness",10,10.6428571428571,NA,NA,NA,10.1746031746032,0.982839313572543
"86","1040571900","Species richness",5,13,NA,NA,NA,12.5785714285714,0.397501419647927
"87","1040601190","Species richness",17,37.7640449438202,NA,NA,NA,25.3553147850897,0.670470871455989
"88","1040601200","Species richness",22,46.297520661157,NA,NA,NA,26.5840285976651,0.827564562653693
"89","1040695300","Species richness",5,13,NA,NA,NA,12.5785714285714,0.397501419647927
"90","1040709280","Species richness",12,42.3157894736842,NA,NA,NA,38.8975355054302,0.308502835567173
"91","1040722720","Species richness",4,5.71428571428571,NA,NA,NA,5.38650793650794,0.742596139678798
"92","1040760280","Species richness",4,8.5,NA,NA,NA,8.24246031746032,0.485291993644986
"93","1040837630","Species richness",7,11.2631578947368,NA,NA,NA,9.95204678362573,0.703372899283112
"94","1040837890","Species richness",77,83.5421981004071,NA,NA,NA,50.8566041932831,1.51406098030764
"95","1040840230","Species richness",4,4,NA,NA,NA,3.82180385748241,1.04662618730909
"96","1040873640","Species richness",35,43.1348897535668,NA,NA,NA,31.7946290311964,1.10081485667465
"97","1040873650","Species richness",20,55.1428571428571,NA,NA,NA,49.3365079365081,0.405379319220126
"98","1040909890","Species richness",93,117.056303778526,NA,NA,NA,79.3216865714543,1.17244103119547
"99","1040909900","Species richness",29,54.1586206896552,NA,NA,NA,49.8413191023533,0.581846558684493
"100","1040915990","Species richness",10,14.3333333333333,NA,NA,NA,12.4603174603174,0.802547770700638
"101","1041139430","Species richness",9,10.0657894736842,NA,NA,NA,9.70289264828738,0.927558443263675
"102","1041145090","Species richness",4,4.22222222222222,NA,NA,NA,4.08174603174603,0.97997277853393
"103","1041156950","Species richness",4,4.83333333333333,NA,NA,NA,4.66944444444444,0.856632956573468
"104","1041156960","Species richness",61,75.1843971631206,NA,NA,NA,59.4979877093998,1.02524475782167
"105","1041174950","Species richness",22,51.6326530612245,NA,NA,NA,45.4048752834466,0.484529466553135
"106","1041213640","Species richness",13,79.8571428571429,NA,NA,NA,76.1579365079365,0.170697902229077
"107","1041259940","Species richness",55,72.9736070381232,NA,NA,NA,43.822640762028,1.25505900702491
"108","1041259950","Species richness",24,26.6442577030812,NA,NA,NA,22.9962840403341,1.04364687607378
"109","1041431480","Species richness",28,33.7358374384236,NA,NA,NA,30.2272773477205,0.92631564787993
"110","1041431680","Species richness",30,31.12060546875,NA,NA,NA,26.6049856919171,1.12760819898183
"111","1041438780","Species richness",30,38.5763736263736,NA,NA,NA,33.783459794174,0.888008516083765
"112","1041438860","Species richness",37,57.9522727272727,NA,NA,NA,30.0111669964999,1.23287441652353
"113","1041472390","Species richness",27,29.2293577981651,NA,NA,NA,27.2861038299111,0.98951466901634
"114","1041472430","Species richness",36,48.4472573839662,NA,NA,NA,34.6555319122044,1.03879519411798
"115","1041473880","Species richness",41,47.1079861111111,NA,NA,NA,35.3254079110029,1.16063769463875
"116","1041473950","Species richness",39,39,NA,NA,NA,30.6279544904876,1.27334654399178
"117","1041477980","Species richness",33,33.6649572649573,NA,NA,NA,28.5758201241499,1.15482249876395
"118","1041478080","Species richness",21,21.7451612903226,NA,NA,NA,19.3361668894104,1.08604772187299
"119","1041479540","Species richness",9,17.5,NA,NA,NA,16.259126984127,0.553535254923975
"120","1041479650","Species richness",9,37.8,NA,NA,NA,36.0674603174603,0.249532401804379
"121","1041515680","Species richness",50,53.1238910574876,NA,NA,NA,32.4895580166991,1.53895599239303
"122","1041515780","Species richness",25,45.8985507246377,NA,NA,NA,20.8311461685337,1.20012599391979
"123","1041533130","Species richness",20,26.1855670103093,NA,NA,NA,20.5196939944363,0.974673404263379
"124","1041533240","Species richness",9,9.63636363636364,NA,NA,NA,9.26176046176047,0.971737504674062
"125","1041548220","Species richness",8,13.7291666666667,NA,NA,NA,13.0384920634921,0.613567885077761
"126","1041548260","Species richness",20,29.7674418604651,NA,NA,NA,27.753949796973,0.720618151517349
"127","1041548750","Species richness",2,2.5,NA,NA,NA,2.4297619047619,0.82312591866732
"128","1041548760","Species richness",39,39.2498685594111,NA,NA,NA,30.1542521541422,1.29334993289305
"129","1041576090","Species richness",46,46.0998917748918,NA,NA,NA,37.4514877227738,1.22825561271436
"130","1041576130","Species richness",51,95.9649259547935,NA,NA,NA,35.3968629084289,1.44080564800153
"131","1041584690","Species richness",4,7.6,NA,NA,NA,7.27222222222222,0.550038197097021
"132","1041620200","Species richness",16,18.98828125,NA,NA,NA,12.4864792839516,1.28138602052255
"133","1041620260","Species richness",13,20.8333333333333,NA,NA,NA,16.3849206349207,0.793412448534749
"134","1041624310","Species richness",15,15.6605504587156,NA,NA,NA,13.6445038937814,1.09934374432158
"135","1041624330","Species richness",16,17.469387755102,NA,NA,NA,16.2987528344671,0.981670202775556
"136","1041626200","Species richness",6,7.88888888888889,NA,NA,NA,7.04603174603174,0.851543140346926
"137","1041626210","Species richness",7,12.5384615384615,NA,NA,NA,11.648778998779,0.600921349845656
"138","1041629370","Species richness",31,33.4930555555556,NA,NA,NA,25.2697924533533,1.22676116383719
"139","1041629430","Species richness",22,23.1196682464455,NA,NA,NA,18.7646498936392,1.17241729127371
"140","2040000010","Species richness",100,108.642106569071,NA,NA,NA,42.6901156728609,2.34246261514753
"141","2040003440","Species richness",3,5,NA,NA,NA,4.85952380952381,0.61734443900049
"142","2040003550","Species richness",59,99.4087837837838,NA,NA,NA,54.4434871410344,1.08369252408763
"143","2040003560","Species richness",74,88.38125,NA,NA,NA,62.8469227883226,1.17746417353229
"144","2040004130","Species richness",51,63.0434206165065,NA,NA,NA,45.5308077144102,1.12012069541782
"145","2040004140","Species richness",16,16,NA,NA,NA,14.4036064074906,1.11083290860261
"146","2040004280","Species richness",37,47.2607489597781,NA,NA,NA,30.5732982258668,1.21020636133709
"147","2040004290","Species richness",61,73.783631713555,NA,NA,NA,47.944840502522,1.27229539947664
"148","2040005120","Species richness",62,82.2202643171806,NA,NA,NA,50.9277082388603,1.21741193829514
"149","2040005130","Species richness",27,81.6283783783784,NA,NA,NA,47.164886314885,0.572459770595884
"150","2040005690","Species richness",38,44.1119957537155,NA,NA,NA,30.5641850572426,1.24328523495166
"151","2040006590","Species richness",7,12.5555555555556,NA,NA,NA,12.0404761904762,0.581372355151275
"152","2040006600","Species richness",38,48.1075731497418,NA,NA,NA,27.6000617099208,1.37680851584259
"153","2040007930","Species richness",45,46.9934853420195,NA,NA,NA,41.6098159016378,1.08147558514501
"154","2040007940","Species richness",37,45.0918837675351,NA,NA,NA,20.0633613946052,1.84415758019236
"155","2040008490","Species richness",68,80.2332421340629,NA,NA,NA,57.1961921007259,1.18889033522106
"156","2040008500","Species richness",65,77.2464636258661,NA,NA,NA,32.5909406247069,1.99441926971338
"157","2040009230","Species richness",129,134.332998535258,NA,NA,NA,77.1205970113989,1.67270489336244
"158","2040012730","Species richness",151,159.999674396729,NA,NA,NA,92.9981294911966,1.62368857122329
"159","2040014550","Species richness",113,115.461244651744,NA,NA,NA,70.3952336717676,1.60522231557446
"160","2040016230","Species richness",205,208.599982861142,NA,NA,NA,98.4741345466673,2.0817649319157
"161","2040018240","Species richness",47,50.5895953757225,NA,NA,NA,42.7723569281896,1.09884054504895
"162","2040018360","Species richness",81,86.3307593307593,NA,NA,NA,58.6053190394996,1.38212710599539
"163","2040018370","Species richness",29,29.4085039780879,NA,NA,NA,17.3012005639933,1.67618425627375
"164","2040018460","Species richness",43,59.2728395061728,NA,NA,NA,44.5306437389774,0.965627181409065
"165","2040018470","Species richness",50,50.7343278967303,NA,NA,NA,38.438905256979,1.30076545275498
"166","2040018840","Species richness",95,122.532277960526,NA,NA,NA,80.6941176924036,1.177285317898
"167","2040018850","Species richness",89,102.489112903226,NA,NA,NA,74.6083268842817,1.19289633901106
"168","2040019150","Species richness",126,134.694649677697,NA,NA,NA,47.3331844326953,2.66198020501164
"169","2040019160","Species richness",135,153.177000529942,NA,NA,NA,91.6403226033691,1.47315064116805
"170","2040020320","Species richness",182,183.785692720419,NA,NA,NA,92.7686731669519,1.96186917185354
"171","2040021030","Species richness",182,189.142790951357,NA,NA,NA,84.7847257523119,2.14661306485428
"172","2040021040","Species richness",136,136.642836498761,NA,NA,NA,81.8810939466768,1.6609450783421
"173","2040022150","Species richness",167,188.124760286408,NA,NA,NA,61.2967756622486,2.72444999260951
"174","2040022160","Species richness",167,170.599991712135,NA,NA,NA,60.2721715555894,2.77076461142561
"175","2040023010","Species richness",196,215.599957859703,NA,NA,NA,88.9191940565482,2.20424849864647
"176","2040023020","Species richness",159,163.166658034022,NA,NA,NA,52.2068308876474,3.04557846734997
"177","2040024170","Species richness",160,191.999271866752,NA,NA,NA,100.679183550527,1.58920637173922
"178","2040024180","Species richness",31,41.1131161971831,NA,NA,NA,16.1868604676706,1.91513357775062
"179","2040024230","Species richness",124,133.999713762308,NA,NA,NA,63.2015012753623,1.96197871091297
"180","2040026060","Species richness",132,139.198162796632,NA,NA,NA,94.6063660008512,1.39525494509336
"181","2040026070","Species richness",16,17.4736842105263,NA,NA,NA,16.1157477025898,0.992817726814425
"182","2040026550","Species richness",111,125.078735444553,NA,NA,NA,82.5276120813733,1.3450043833881
"183","2040026560","Species richness",55,58.6704193639178,NA,NA,NA,52.3006838993972,1.05161148763934
"184","2040026920","Species richness",91,93.5712526389866,NA,NA,NA,50.3129602012869,1.80867910844317
"185","2040026930","Species richness",73,79.7484418282548,NA,NA,NA,42.5926851263118,1.71390931995748
"186","2040027320","Species richness",61,66.7545923632611,NA,NA,NA,54.7078129828678,1.11501441337278
"187","2040027330","Species richness",128,132.083069176694,NA,NA,NA,82.159743922642,1.55794059096045
"188","2040028220","Species richness",8,12.3636363636364,NA,NA,NA,10.0691919191919,0.794502683452876
"189","2040028310","Species richness",107,109.083089640114,NA,NA,NA,62.6071221471432,1.70907073077919
"190","2040028320","Species richness",82,88.2486855941115,NA,NA,NA,51.5020863123963,1.59216850949712
"191","2040028660","Species richness",101,108.141867964469,NA,NA,NA,60.0030993265796,1.68324638449567
"192","2040028670","Species richness",118,120.6665649864,NA,NA,NA,73.0909224309596,1.61442756604229
"193","2040029940","Species richness",98,101.598662207358,NA,NA,NA,72.7366465087537,1.34732634378746
"194","2040029950","Species richness",92,102.553961196443,NA,NA,NA,73.9082632812557,1.24478638673861
"195","2040030060","Species richness",95,125.236773065151,NA,NA,NA,72.2391556346718,1.31507627913641
"196","2040030070","Species richness",25,27.2247191011236,NA,NA,NA,25.63265560906,0.975318374392842
"197","2040030090","Species richness",14,20.1298076923077,NA,NA,NA,17.0978632478633,0.818815766452544
"198","2040030100","Species richness",119,139.247111681643,NA,NA,NA,81.6413564618207,1.45759459613646
"199","2040030110","Species richness",133,133.642844968455,NA,NA,NA,81.5336135693196,1.63122906219438
"200","2040031060","Species richness",106,107.499896985097,NA,NA,NA,66.7134515287484,1.58888496354175
"201","2040031070","Species richness",133,137.166579004579,NA,NA,NA,82.1224341973174,1.61953309470148
"202","2040031490","Species richness",129,139.666047339798,NA,NA,NA,82.5403683459521,1.5628716297863
"203","2040031500","Species richness",134,136.999988423425,NA,NA,NA,75.3366187423487,1.77868349067112
"204","2040033320","Species richness",128,131.124923420001,NA,NA,NA,72.0608493357906,1.77627659373737
"205","2040033330","Species richness",106,130.497523251112,NA,NA,NA,70.2901718141488,1.50803444157556
"206","2040033480","Species richness",136,138.249981324856,NA,NA,NA,78.7382518434341,1.72724180199514
"207","2040037990","Species richness",96,104.098482008996,NA,NA,NA,66.1504191892032,1.45123796911129
"208","2040039390","Species richness",78,91.9800853485064,NA,NA,NA,67.6072761648153,1.15372197231921
"209","2040039400","Species richness",43,50.9702602230483,NA,NA,NA,39.7439874607184,1.08192465696855
"210","2040039590","Species richness",35,43.0759643916914,NA,NA,NA,30.2396562602045,1.15742056387262
"211","2040041120","Species richness",89,94.9974630021142,NA,NA,NA,68.7036018583078,1.29541971006922
"212","2040041180","Species richness",3,4.5,NA,NA,NA,4.31269841269841,0.69562016930438
"213","2040041430","Species richness",3,5,NA,NA,NA,4.85952380952381,0.61734443900049
"214","2040041840","Species richness",20,34.7162162162162,NA,NA,NA,32.3515336765336,0.618208713069672
"215","2040045150","Species richness",71,71.399963963964,NA,NA,NA,41.0692989074156,1.72878529434015
"216","2040046500","Species richness",77,87.0740570377185,NA,NA,NA,61.1390406916316,1.25942440589421
"217","2040047500","Species richness",107,122.123197258641,NA,NA,NA,67.985928502167,1.57385509556716
"218","2040048590","Species richness",21,27.0962441314554,NA,NA,NA,18.1604217188262,1.15636081172224
"219","2040048790","Species richness",144,144.999999504422,NA,NA,NA,72.4950335561437,1.98634296635616
"220","2040054200","Species richness",99,102.999930693927,NA,NA,NA,46.991431978747,2.10676703882476
"221","2040056770","Species richness",60,74.9961089494163,NA,NA,NA,38.3507521284987,1.56450647431797
"222","2040059370","Species richness",33,35.6622073578595,NA,NA,NA,24.9194384246839,1.32426740272413
"223","2040059450","Species richness",6,6,NA,NA,NA,5.42303298915611,1.10639194192578
"224","2040065840","Species richness",16,35.8191489361702,NA,NA,NA,30.9258949679161,0.517365787363603
"225","2040065960","Species richness",17,19.6222222222222,NA,NA,NA,17.7335978835978,0.958632315426734
"226","2040066030","Species richness",22,71.6350364963504,NA,NA,NA,39.7469412582551,0.553501711164524
"227","2040066490","Species richness",4,4.83333333333333,NA,NA,NA,4.66944444444444,0.856632956573468
"228","2040067570","Species richness",2,2.5,NA,NA,NA,2.4297619047619,0.82312591866732
"229","2040067740","Species richness",23,36.7222222222222,NA,NA,NA,34.7477513227513,0.661913336099554
"230","2040067750","Species richness",7,7.15740740740741,NA,NA,NA,6.92296188978387,1.01112791193171
"231","2040068680","Species richness",32,48.7182795698925,NA,NA,NA,43.07113671275,0.742956941522449
"232","2040068710","Species richness",9,14.952380952381,NA,NA,NA,13.7349206349206,0.655264070264648
"233","2040068720","Species richness",28,32.1387024608501,NA,NA,NA,26.7898582162015,1.04517163823834
"234","2040069150","Species richness",47,49.2182917888563,NA,NA,NA,45.5037609243827,1.03288165736682
"235","2040069160","Species richness",25,37.4524714828897,NA,NA,NA,20.610035694017,1.21300129563858
"236","2040070050","Species richness",54,91.4801587301587,NA,NA,NA,29.4150592277049,1.83579436580361
"237","2040070060","Species richness",26,30.4711538461538,NA,NA,NA,25.0768377809921,1.03681334253825
"238","2040070510","Species richness",20,21.7602040816327,NA,NA,NA,20.5594671201815,0.972787858901641
"239","2040070520","Species richness",55,65.636277302944,NA,NA,NA,54.6640426636248,1.00614585603269
"240","2040071700","Species richness",19,21.2391304347826,NA,NA,NA,15.78162792844,1.20393156435783
"241","2040072590","Species richness",16,17.4869565217391,NA,NA,NA,14.7880440301038,1.08195512316768
"242","2040072920","Species richness",15,19.0697674418605,NA,NA,NA,17.3840531561462,0.862859763788557
"243","2040072930","Species richness",22,27.968085106383,NA,NA,NA,19.2853479094826,1.14076241213064
"244","2040073580","Species richness",9,9,NA,NA,NA,8.13504706960059,1.10632426868575
"245","2040075170","Species richness",19,19,NA,NA,NA,15.4016800418937,1.23363165241185
"246","2040077470","Species richness",13,13.166095890411,NA,NA,NA,8.96202999501602,1.45056421449488
"247","2040077570","Species richness",2,2.5,NA,NA,NA,2.4297619047619,0.82312591866732
"248","2040077580","Species richness",23,23,NA,NA,NA,17.3878524172349,1.32276254985937
"249","2040078750","Species richness",7,7.48275862068965,NA,NA,NA,6.78839409182772,1.03117171827532
"250","2040078760","Species richness",11,14.9930555555556,NA,NA,NA,14.0487433862434,0.782988178912234
"251","2040079310","Species richness",4,7.6,NA,NA,NA,7.27222222222222,0.550038197097021
"252","2040079320","Species richness",16,16,NA,NA,NA,13.3977642407034,1.19422910513612
"253","2040081250","Species richness",9,9.975,NA,NA,NA,9.01507936507936,0.998327317545559
"254","2040081260","Species richness",13,17.4666666666667,NA,NA,NA,10.3835523218499,1.25198001580291
"255","2040084120","Species richness",4,4.44444444444444,NA,NA,NA,4.21031746031746,0.95004712535344
"256","2040084130","Species richness",13,18.953125,NA,NA,NA,10.1877085247442,1.27604750061559
"257","2040085500","Species richness",17,21.1071428571429,NA,NA,NA,18.3678571428572,0.925529846393152
"258","2040085510","Species richness",9,20.9318181818182,NA,NA,NA,18.4266594516595,0.488422767219995
"259","2040085530","Species richness",2,2,NA,NA,NA,1.82405898025151,1.09645577344447
"260","2040085540","Species richness",8,9.95833333333333,NA,NA,NA,7.75031056079811,1.0322167011558
"261","2040085550","Species richness",8,16.1,NA,NA,NA,15.4210317460317,0.518772033658424
"262","2040085570","Species richness",15,17.03125,NA,NA,NA,16.2235119047619,0.924584028911597
"263","2040085590","Species richness",33,39.0133333333333,NA,NA,NA,34.7428571428566,0.949835526315805
"264","2040085620","Species richness",14,16.21484375,NA,NA,NA,13.9206946361002,1.00569694012927
"265","2040085630","Species richness",13,13.491935483871,NA,NA,NA,12.7071851995011,1.02304324647054
"266","2040085640","Species richness",6,6.09090909090909,NA,NA,NA,5.8139144769561,1.03200692472885
"267","2040085660","Species richness",8,10.9142857142857,NA,NA,NA,9.27539682539679,0.862496791306583
"268","2040085670","Species richness",14,14.1237623762376,NA,NA,NA,13.0701371035403,1.07114408128189
"269","2040085690","Species richness",22,36.9089285714286,NA,NA,NA,32.4195436507938,0.678603012953309
"270","2040085700","Species richness",13,13.9736842105263,NA,NA,NA,13.0605889724311,0.995360931076005
"271","2040085710","Species richness",10,14.4451219512195,NA,NA,NA,8.63924939731777,1.15750796627132
"272","2040085720","Species richness",48,69.1076131687243,NA,NA,NA,27.9658771781814,1.71637741574039
"273","2040085730","Species richness",15,22.7647058823529,NA,NA,NA,21.1726423902895,0.708461406162489
"274","2040085740","Species richness",8,11.7878787878788,NA,NA,NA,11.3508417508417,0.704793545325107
"275","2040085760","Species richness",14,15.975,NA,NA,NA,13.1446596134535,1.06507132262832
"276","2040085820","Species richness",8,8,NA,NA,NA,7.75165386323973,1.032037825881
"277","2040085830","Species richness",8,32.5,NA,NA,NA,31.3059523809524,0.255542457314523
"278","2040085930","Species richness",22,27.9439252336449,NA,NA,NA,22.9336077733273,0.959290845881949
"279","2040085960","Species richness",48,66.0204941860465,NA,NA,NA,44.6248878497201,1.07563295535097
"280","2040085990","Species richness",23,43.0266203703704,NA,NA,NA,30.7037367724871,0.749094488740203
"281","2040086170","Species richness",6,10.0909090909091,NA,NA,NA,9.34170274170274,0.642281194970497
"282","2040086460","Species richness",2,2.5,NA,NA,NA,2.4297619047619,0.82312591866732
"283","2040288980","Species richness",23,33.5411764705882,NA,NA,NA,28.2499066293185,0.814161982968467
"284","2040289120","Species richness",19,19.4976635514019,NA,NA,NA,15.8037662613833,1.20224506524288
"285","2040292580","Species richness",10,10.4807692307692,NA,NA,NA,10.1412851037851,0.986068323458102
"286","2040292690","Species richness",17,33.1290322580645,NA,NA,NA,30.7409370199692,0.553008517240605
"287","2040309560","Species richness",14,14.49375,NA,NA,NA,13.2779603207544,1.05437880983249
"288","2040309610","Species richness",43,67.8697916666667,NA,NA,NA,56.643402777777,0.759135184174886
"289","2040315940","Species richness",62,67.7494955765948,NA,NA,NA,60.3163785553292,1.02791317192769
"290","2040315950","Species richness",5,13,NA,NA,NA,12.5785714285714,0.397501419647927
"291","2040363700","Species richness",14,15.7219387755102,NA,NA,NA,15.2235827664399,0.919625834127741
"292","2040379760","Species richness",22,56.8348214285714,NA,NA,NA,54.1013888888888,0.406643904192232
"293","2040400100","Species richness",32,37.4970760233918,NA,NA,NA,35.0049243479067,0.914157096354747
"294","2040416390","Species richness",41,57.848,NA,NA,NA,38.2705844032673,1.07131888993312
"295","2040416550","Species richness",10,39.8666666666667,NA,NA,NA,37.197619047619,0.268834410804583
"296","2040439100","Species richness",4,4,NA,NA,NA,3.91980679416292,1.02045845880886
"297","2040439160","Species richness",5,5.88888888888889,NA,NA,NA,5.65476190476191,0.884210526315789
"298","2040491970","Species richness",27,33.08125,NA,NA,NA,27.3392857142857,0.987589810581321
"299","2040491980","Species richness",10,50.5,NA,NA,NA,48.556746031746,0.205944607438523
"300","2040501940","Species richness",3,3.41666666666667,NA,NA,NA,3.25277777777778,0.922288642186166
"301","2040539930","Species richness",179,180.999978629967,NA,NA,NA,106.233193709022,1.68497240599101
"302","2040540100","Species richness",136,140.499791897891,NA,NA,NA,81.5945949169272,1.66677707191835
"303","2040543090","Species richness",61,64.8363171355499,NA,NA,NA,57.5200150980805,1.06050041704589
"304","2040543160","Species richness",116,147.994997655151,NA,NA,NA,70.9149128420212,1.63576313290289
"305","2040548500","Species richness",121,128.99917338293,NA,NA,NA,71.9372690415299,1.6820210387768
"306","2040548700","Species richness",6,6.60606060606061,NA,NA,NA,6.40315055315055,0.937038720266824
"307","2040555780","Species richness",102,118.189975247525,NA,NA,NA,77.5521191693975,1.31524452319866
"308","2040785900","Species richness",59,81.4806201550388,NA,NA,NA,39.3059944403154,1.50104331006277
"309","2040816320","Species richness",54,58.5358851674641,NA,NA,NA,48.0345641547953,1.12419048554247
"310","2040816390","Species richness",7,7.23863636363636,NA,NA,NA,6.90951505107674,1.01309570183354
"311","2040816870","Species richness",20,20.6621621621622,NA,NA,NA,18.238781332876,1.09656449271363
"312","2040828780","Species richness",9,9,NA,NA,NA,7.78099125792262,1.15666496744052
"313","2040828790","Species richness",27,29.656862745098,NA,NA,NA,23.0534325608393,1.1711921827149
"314","3040024310","Species richness",53,150.859799713877,NA,NA,NA,40.2419392022288,1.31703394644224
"315","3040024350","Species richness",6,6.4875,NA,NA,NA,5.43865163168139,1.10321462125807
"316","3040203310","Species richness",3,5,NA,NA,NA,4.85952380952381,0.61734443900049
"317","3040386960","Species richness",91,113.026290322581,NA,NA,NA,75.8458699788717,1.19980165070754
"318","3040387130","Species richness",7,8.95238095238095,NA,NA,NA,6.92407882211839,1.01096480554772
"319","3040481930","Species richness",38,47.7234375,NA,NA,NA,43.5138343253964,0.873285486997907
"320","3040483880","Species richness",34,61.0424528301887,NA,NA,NA,57.7997941000299,0.588237389585829
"321","3040496490","Species richness",39,45.1084459459459,NA,NA,NA,33.2961814077941,1.1713054876278
"322","3040679750","Species richness",53,56.3637873754153,NA,NA,NA,50.8535389537589,1.0422086857749
"323","3040679760","Species richness",58,82.404296875,NA,NA,NA,68.426915922619,0.847619671557164
"324","4040000890","Species richness",32,51.9431818181818,NA,NA,NA,48.4722492784993,0.660171551275508
"325","4040003020","Species richness",136,144.099809582021,NA,NA,NA,72.0900327086524,1.88652986952629
"326","4040005050","Species richness",122,125.555354619949,NA,NA,NA,63.525292965114,1.92049488173157
"327","4040005060","Species richness",85,103.275532930321,NA,NA,NA,59.218527407471,1.43536159579133
"328","4040005710","Species richness",2,2.33333333333333,NA,NA,NA,2.23968253968254,0.892983699503898
"329","4040006580","Species richness",5,5.91666666666667,NA,NA,NA,5.61230158730159,0.890900091918264
"330","4040007410","Species richness",63,80.9435736677116,NA,NA,NA,66.0062720804097,0.954454751258374
"331","4040007850","Species richness",47,61.0059523809524,NA,NA,NA,51.7774470899466,0.907731119271924
"332","4040007860","Species richness",4,8.5,NA,NA,NA,8.24246031746032,0.485291993644986
"333","4040009880","Species richness",2,2.5,NA,NA,NA,2.4297619047619,0.82312591866732
"334","4040009890","Species richness",78,88.3051743532058,NA,NA,NA,69.9008326090738,1.11586653675817
"335","4040011690","Species richness",10,15.6,NA,NA,NA,14.897619047619,0.671248202013745
"336","4040012280","Species richness",2,2.5,NA,NA,NA,2.4297619047619,0.82312591866732
"337","4040012290","Species richness",71,76.3311957247829,NA,NA,NA,45.9518032941977,1.54509714331418
"338","4040012770","Species richness",37,50.9462809917355,NA,NA,NA,45.6315984520534,0.810841637267586
"339","4040012780","Species richness",20,33.9885714285714,NA,NA,NA,32.0312698412697,0.624389857133656
"340","4040012990","Species richness",106,145.994848560079,NA,NA,NA,87.2314876199178,1.21515754106888
"341","4040013000","Species richness",15,30.7714285714286,NA,NA,NA,24.2626984126987,0.618232965882693
"342","4040015000","Species richness",95,125.179487179487,NA,NA,NA,106.761497761495,0.889833900721684
"343","4040015010","Species richness",53,67.5824,NA,NA,NA,63.4711301587308,0.835025307843988
"344","4040015090","Species richness",20,23.0968468468468,NA,NA,NA,19.8313063750761,1.0085064302741
"345","4040017020","Species richness",8,29.7777777777778,NA,NA,NA,28.4198412698413,0.281493479292915
"346","4040017030","Species richness",81,97.058383580705,NA,NA,NA,61.7382759267333,1.31198998974518
"347","4040018350","Species richness",94,95.3886341403766,NA,NA,NA,58.0311555493444,1.61981954538318
"348","4040023060","Species richness",40,72.9896907216495,NA,NA,NA,65.4508018327606,0.61114606513466
"349","4040023230","Species richness",3,4.5,NA,NA,NA,4.31269841269841,0.69562016930438
"350","4040023810","Species richness",23,39.4878048780488,NA,NA,NA,37.0060588463029,0.621519846129139
"351","4040024190","Species richness",16,23.7575757575758,NA,NA,NA,22.2123376623377,0.720320402256848
"352","4040025460","Species richness",46,48.49826629681,NA,NA,NA,31.0122345219599,1.48328557129372
"353","4040027100","Species richness",30,45.0254934210526,NA,NA,NA,35.2565450083545,0.850905838700052
"354","4040027110","Species richness",15,26.8787878787879,NA,NA,NA,24.2097402597403,0.619585333798246
"355","4040027780","Species richness",33,37.8695652173913,NA,NA,NA,32.5869736542758,1.01267458433256
"356","4040027790","Species richness",13,17.0364583333333,NA,NA,NA,15.7799768518519,0.823828838410139
"357","4040027940","Species richness",43,46.1186483739837,NA,NA,NA,36.4639930698572,1.17924550713964
"358","4040027950","Species richness",36,37.1238850346878,NA,NA,NA,25.7919545183457,1.39578409904505
"359","4040028760","Species richness",57,63.7451716738197,NA,NA,NA,38.6217244641738,1.47585331289063
"360","4040028770","Species richness",22,28.6032608695652,NA,NA,NA,26.9760783298827,0.815537370961349
"361","4040029530","Species richness",77,79.6660962566845,NA,NA,NA,50.8085758528264,1.51549219216536
"362","4040031820","Species richness",9,10.8823529411765,NA,NA,NA,10.4609243697479,0.860344619833715
"363","4040031830","Species richness",20,27.9239130434783,NA,NA,NA,25.9806590752243,0.769803411918537
"364","4040032410","Species richness",2,2.5,NA,NA,NA,2.4297619047619,0.82312591866732
"365","4040032420","Species richness",3,5,NA,NA,NA,4.85952380952381,0.61734443900049
"366","4040032880","Species richness",5,6.92857142857143,NA,NA,NA,6.67103174603174,0.749509249895902
"367","4040033430","Species richness",9,11.5098039215686,NA,NA,NA,10.9635076252723,0.82090516170699
"368","4040037060","Species richness",16,22.2439024390244,NA,NA,NA,20.6986643437863,0.772996737096379
"369","4040039450","Species richness",55,66.2142857142857,NA,NA,NA,55.1400793650794,0.997459572661259
"370","4040045780","Species richness",31,79.5811965811966,NA,NA,NA,60.5232600732617,0.512199771831117
"371","4040046100","Species richness",13,43.8148148148148,NA,NA,NA,38.8981481481481,0.334206141394906
"372","4040046370","Species richness",73,81.0973311367381,NA,NA,NA,46.2714909794352,1.57764529421462
"373","4040047500","Species richness",29,37.2677165354331,NA,NA,NA,32.3042244719409,0.897715406391789
"374","4040048470","Species richness",16,20.7310344827586,NA,NA,NA,19.7664313081555,0.809453145616556
"375","4040048900","Species richness",59,61.0817057291667,NA,NA,NA,45.2360503457259,1.30426948305788
"376","4040050240","Species richness",18,18.9940476190476,NA,NA,NA,15.7640782426738,1.1418365046726
"377","4040050300","Species richness",10,13.8974358974359,NA,NA,NA,12.0712454212454,0.82841493574474
"378","4040050330","Species richness",8,24.5,NA,NA,NA,22.9079365079365,0.349223946784922
"379","4040050360","Species richness",3,4.5,NA,NA,NA,4.31269841269841,0.69562016930438
"380","4040050390","Species richness",2,2.5,NA,NA,NA,2.4297619047619,0.82312591866732
"381","4040050430","Species richness",18,30.0833333333333,NA,NA,NA,28.3390873015873,0.635165127530124
"382","4040050440","Species richness",25,31.029296875,NA,NA,NA,28.4012214781745,0.880243831034232
"383","4040095270","Species richness",49,61.4255952380952,NA,NA,NA,54.8622354497341,0.893146252578329
"384","4040095320","Species richness",37,58.6409090909091,NA,NA,NA,56.1708694083695,0.658704420809392
"385","4040169400","Species richness",18,24.1342592592593,NA,NA,NA,20.9852513227513,0.857745267052637
"386","4040223160","Species richness",13,14.4642857142857,NA,NA,NA,13.4575396825397,0.966001238463126
"387","4040234270","Species richness",12,14.5806451612903,NA,NA,NA,13.597311827957,0.882527381281879
"388","4040234430","Species richness",8,10.9302325581395,NA,NA,NA,8.91674049464745,0.897188833161877
"389","4040274300","Species richness",6,6.95454545454546,NA,NA,NA,6.4160533910534,0.935154312831383
"390","4040298550","Species richness",20,32.0949367088608,NA,NA,NA,25.6564446453686,0.779531235775114
"391","4040298640","Species richness",8,11.7878787878788,NA,NA,NA,11.3508417508417,0.704793545325107
"392","4040484700","Species richness",6,6.61538461538461,NA,NA,NA,6.38125763125763,0.940253527864148
"393","4040484760","Species richness",19,25.1946902654867,NA,NA,NA,18.6361431722729,1.01952425587009
"394","4040545530","Species richness",17,20.968253968254,NA,NA,NA,15.4243034260968,1.10215674123975
"395","4040545690","Species richness",7,7.49019607843137,NA,NA,NA,6.16663970299465,1.13514009852086
"396","4040607260","Species richness",5,5,NA,NA,NA,4.84613735741652,1.03174954220974
"397","4040607420","Species richness",3,4.5,NA,NA,NA,4.31269841269841,0.69562016930438
"398","4040627620","Species richness",33,35.9885057471264,NA,NA,NA,29.376032022319,1.12336478850948
"399","4040648310","Species richness",8,15.4666666666667,NA,NA,NA,14.1087301587302,0.567024807335321
"400","4040648320","Species richness",7,7.97872340425532,NA,NA,NA,6.42191609936857,1.09001735489635
"401","4040694190","Species richness",26,26.0411931818182,NA,NA,NA,25.6446854596244,1.01385528946865
"402","4040748300","Species richness",81,91.8753623188406,NA,NA,NA,68.4480937741276,1.18337846291662
"403","4040773260","Species richness",122,173.543415845426,NA,NA,NA,86.4212431474772,1.41168994516554
"404","4040783120","Species richness",84,109.763618557963,NA,NA,NA,63.5023780114615,1.32278510869056
"405","4040783330","Species richness",3,5,NA,NA,NA,4.85952380952381,0.61734443900049
"406","4040794590","Species richness",2,2,NA,NA,NA,1.74580588100453,1.14560273954926
"407","4040794730","Species richness",5,6.84615384615385,NA,NA,NA,6.23742368742368,0.80161301373215
"408","4040839030","Species richness",24,35.8877192982456,NA,NA,NA,32.9564494569757,0.72823378717819
"409","4040865800","Species richness",7,9.4,NA,NA,NA,9.07222222222222,0.771586037966932
"410","4040865930","Species richness",13,30.4193548387097,NA,NA,NA,26.1582437275986,0.496975260853777
"411","4040879040","Species richness",4,8.5,NA,NA,NA,8.24246031746032,0.485291993644986
"412","4040960200","Species richness",49,55.5239940387481,NA,NA,NA,47.7048290791744,1.02714968161139
"413","4040960480","Species richness",45,46.3315241971958,NA,NA,NA,35.6091533155039,1.26372002168351
"414","4040975160","Species richness",65,81.8827021494371,NA,NA,NA,48.8799102136478,1.32978967669731
"415","4041043580","Species richness",122,139.625325461701,NA,NA,NA,86.4548232484607,1.4111416276844
"416","4041043590","Species richness",8,13.7291666666667,NA,NA,NA,13.0384920634921,0.613567885077761
"417","4041108500","Species richness",31,46.0095419847328,NA,NA,NA,37.5926769053674,0.824628692392317
"418","4041108580","Species richness",56,70.162962962963,NA,NA,NA,60.1683421516746,0.930722004253219
"419","4041128230","Species richness",9,31.6153846153846,NA,NA,NA,29.6018925518926,0.30403461482143
"420","4041128330","Species richness",38,57.8515625,NA,NA,NA,55.1005704365078,0.689648032660338
"421","4041144860","Species richness",33,66.8511904761905,NA,NA,NA,63.3459750566895,0.520948647020867
"422","4041144880","Species richness",35,37.2152334152334,NA,NA,NA,34.3869149531407,1.01782902152446
"423","5040000010","Species richness",51,81.0483333333333,NA,NA,NA,71.408154761905,0.714204143350972
"424","5040003690","Species richness",3,3,NA,NA,NA,2.75228376671318,1.09000388560321
"425","5040003700","Species richness",8,13.7291666666667,NA,NA,NA,13.0384920634921,0.613567885077761
"426","5040004220","Species richness",6,16.7142857142857,NA,NA,NA,15.9650793650794,0.375820242592961
"427","5040004800","Species richness",18,41.1111111111111,NA,NA,NA,38.629365079365,0.465966757750704
"428","5040005140","Species richness",4,4.46153846153846,NA,NA,NA,4.13376068376068,0.967641889796341
"429","5040005150","Species richness",5,13,NA,NA,NA,12.5785714285714,0.397501419647927
"430","5040006690","Species richness",5,13,NA,NA,NA,12.5785714285714,0.397501419647927
"431","5040006900","Species richness",12,27.1111111111111,NA,NA,NA,25.4722222222222,0.471101417666303
"432","5040007690","Species richness",78,91.4851648351648,NA,NA,NA,65.0253158006924,1.19953281332883
"433","5040011800","Species richness",23,25.490234375,NA,NA,NA,18.4392110680284,1.2473418691909
"434","5040014020","Species richness",23,24.9904761904762,NA,NA,NA,20.1172898758271,1.14329515267545
"435","5040015820","Species richness",4,4.14285714285714,NA,NA,NA,4.04920634920635,0.987847902783222
"436","5040015830","Species richness",16,62.2777777777778,NA,NA,NA,59.4448412698413,0.269157081728426
"437","5040017030","Species richness",16,16.2434210526316,NA,NA,NA,15.9101595175359,1.00564673675113
"438","5040017040","Species richness",17,36.6064814814815,NA,NA,NA,33.5550264550265,0.506630505053691
"439","5040017830","Species richness",51,53.6905923344948,NA,NA,NA,49.4636475134415,1.03106023441035
"440","5040022500","Species richness",23,36.3846153846154,NA,NA,NA,28.1901709401712,0.815887212915934
"441","5040031240","Species richness",32,40.0408759124088,NA,NA,NA,34.262621944155,0.93396238186783
"442","5040037270","Species richness",9,20.1363636363636,NA,NA,NA,19.2700937950938,0.467044950361966
"443","5040038940","Species richness",11,12.2631578947368,NA,NA,NA,11.9353801169591,0.921629633259022
"444","5040040040","Species richness",9,12.7777777777778,NA,NA,NA,11.9349206349206,0.754089639579732
"445","5040040360","Species richness",20,200.5,NA,NA,NA,192.001190476191,0.104166020796002
"446","5040041880","Species richness",27,35.0119565217391,NA,NA,NA,31.130131124914,0.867326895979293
"447","5040046920","Species richness",16,22.1935483870968,NA,NA,NA,21.0229134664618,0.761074340410763
"448","5040047730","Species richness",3,5,NA,NA,NA,4.85952380952381,0.61734443900049
"449","5040049720","Species richness",77,79.6654135338346,NA,NA,NA,59.5943686617873,1.29206839050505
"450","5040050310","Species richness",2,2.5,NA,NA,NA,2.4297619047619,0.82312591866732
"451","5040054880","Species richness",2,2.33333333333333,NA,NA,NA,2.23968253968254,0.892983699503898
"452","5040055960","Species richness",27,27.1664868752247,NA,NA,NA,19.9731360050263,1.35181575858721
"453","5040056460","Species richness",26,26.998699609883,NA,NA,NA,20.4070056736099,1.27407226791841
"454","5040056470","Species richness",19,19.9962546816479,NA,NA,NA,15.4817152497365,1.22725419590206
"455","5040056740","Species richness",20,27.859649122807,NA,NA,NA,25.1906015037593,0.79394690107004
"456","5040056750","Species richness",19,19.1240740740741,NA,NA,NA,17.4525167897258,1.08866819776877
"457","5040057320","Species richness",20,21.4827586206897,NA,NA,NA,19.4141628783133,1.03017576010662
"458","5040057330","Species richness",16,33.7831325301205,NA,NA,NA,22.2172595142476,0.720160827654709
"459","5040057710","Species richness",3,3,NA,NA,NA,2.66191001584493,1.1270102979224
"460","5040057720","Species richness",29,35.2267657992565,NA,NA,NA,24.8014906910906,1.16928455475532
"461","5040059020","Species richness",4,4.14285714285714,NA,NA,NA,4.04920634920635,0.987847902783222
"462","5040059440","Species richness",19,27.0577777777778,NA,NA,NA,22.9683597883596,0.827224937917823
"463","5040059450","Species richness",41,43.0781637717122,NA,NA,NA,35.6216188912486,1.15098643116618
"464","5040061660","Species richness",13,14.9444444444444,NA,NA,NA,14.0781746031746,0.923415170392085
"465","5040061670","Species richness",51,52.9993542137552,NA,NA,NA,33.7168233394229,1.51259801335937
"466","5040064130","Species richness",21,22.5384615384615,NA,NA,NA,21.5551282051282,0.974246119074526
"467","5040064140","Species richness",32,33.1206730769231,NA,NA,NA,28.7788148623764,1.11192904061643
"468","5040065600","Species richness",19,27.0327868852459,NA,NA,NA,23.7081837106428,0.80141103308014
"469","5040067860","Species richness",75,77.2493430656934,NA,NA,NA,53.856933669191,1.39257835324747
"470","5040068450","Species richness",54,63.8113617830932,NA,NA,NA,55.6385290602605,0.970550460482414
"471","5040068460","Species richness",52,55.0570214669052,NA,NA,NA,43.9429933546046,1.18335133841198
"472","5040069590","Species richness",55,60.3261358524516,NA,NA,NA,44.1351008449856,1.24617365650018
"473","5040069600","Species richness",28,34.3515151515152,NA,NA,NA,29.3973881673882,0.952465567368383
"474","5040069960","Species richness",45,50.5373406193078,NA,NA,NA,42.4941198036955,1.05897004592354
"475","5040069970","Species richness",69,75.2491784963197,NA,NA,NA,45.2225320762785,1.52578807138917
"476","5040070700","Species richness",53,65.4862334801762,NA,NA,NA,39.2912772896405,1.3488998998252
"477","5040070710","Species richness",170,182.499538813459,NA,NA,NA,106.140641358179,1.60164850922959
"478","5040073410","Species richness",11,11.990099009901,NA,NA,NA,9.17977142859863,1.19828691657078
"479","5040073420","Species richness",31,34.5889908256881,NA,NA,NA,26.2337067534778,1.18168584757434
"480","5040074320","Species richness",2,2.5,NA,NA,NA,2.4297619047619,0.82312591866732
"481","5040074330","Species richness",4,5.75,NA,NA,NA,5.37539682539682,0.74413110881441
"482","5040075470","Species richness",8,24.5,NA,NA,NA,22.9079365079365,0.349223946784922
"483","5040076520","Species richness",7,7.11666666666667,NA,NA,NA,6.84102782638199,1.02323805393759
"484","5040076530","Species richness",11,16.9154929577465,NA,NA,NA,11.9520008942544,0.920347990041392
"485","5040076880","Species richness",3,5,NA,NA,NA,4.85952380952381,0.61734443900049
"486","5040076890","Species richness",15,21.0975609756098,NA,NA,NA,18.7094657375146,0.801733208764124
"487","5040077640","Species richness",18,18.9987293519695,NA,NA,NA,11.4833505736683,1.56748676133554
"488","5040079730","Species richness",12,27.304347826087,NA,NA,NA,25.1972049689441,0.476243298206693
"489","5040081550","Species richness",5,9.05,NA,NA,NA,8.37103174603174,0.597297937899977
"490","5040082270","Species richness",70,87.9996829031974,NA,NA,NA,33.7049915177,2.07684372100316
"491","5040084940","Species richness",14,33.5,NA,NA,NA,30.7138888888888,0.455819842633626
"492","5040085040","Species richness",72,73.999964301651,NA,NA,NA,38.8701126481197,1.8523229055649
"493","5040087590","Species richness",5,5,NA,NA,NA,4.54256562053107,1.1006995644491
"494","5040087600","Species richness",3,3.2,NA,NA,NA,3.10634920634921,0.965763924374042
"495","5040087610","Species richness",2,2,NA,NA,NA,1.82405898025151,1.09645577344447
"496","5040087620","Species richness",3,5,NA,NA,NA,4.85952380952381,0.61734443900049
"497","5040087630","Species richness",9,9.97959183673469,NA,NA,NA,8.39036590566754,1.07265882098427
"498","5040087640","Species richness",2,2.5,NA,NA,NA,2.4297619047619,0.82312591866732
"499","5040087660","Species richness",8,8.96551724137931,NA,NA,NA,8.26313628899836,0.968155397684932
"500","5040087690","Species richness",6,6.11607142857143,NA,NA,NA,5.85115369192562,1.02543879650261
"501","5040087740","Species richness",5,5.58333333333333,NA,NA,NA,5.42724867724868,0.921277114306605
"502","5040087760","Species richness",8,8.97297297297297,NA,NA,NA,8.08329043329043,0.989695974185536
"503","5040087780","Species richness",9,28.7647058823529,NA,NA,NA,26.4702614379085,0.340004197582686
"504","5040087840","Species richness",9,9.38,NA,NA,NA,9.15523809523809,0.983043794861126
"505","5040088050","Species richness",2,2.5,NA,NA,NA,2.4297619047619,0.82312591866732
"506","5040088370","Species richness",8,10.1375,NA,NA,NA,9.4234126984127,0.848949340969386
"507","5040324520","Species richness",2,2.5,NA,NA,NA,2.4297619047619,0.82312591866732
"508","5040324690","Species richness",4,6.625,NA,NA,NA,6.25039682539682,0.639959367659196
"509","5040455970","Species richness",7,9.08928571428572,NA,NA,NA,8.58591269841269,0.81528897927114
"510","5040456070","Species richness",3,3,NA,NA,NA,2.66191001584493,1.1270102979224
"511","5040491370","Species richness",10,11.9855072463768,NA,NA,NA,7.7141241610068,1.29632344402075
"512","5040491380","Species richness",6,8.0625,NA,NA,NA,7.62936507936508,0.786435035888901
"513","5040491510","Species richness",20,32.1386363636364,NA,NA,NA,23.1598665223669,0.863562835333475
"514","5040511420","Species richness",7,7.23863636363636,NA,NA,NA,6.92898361444515,1.01024917787463
"515","5040511570","Species richness",33,57.4163822525597,NA,NA,NA,28.516916487163,1.15720786343976
"516","5040524780","Species richness",8,8.64,NA,NA,NA,8.21857142857142,0.973405179906136
"517","5040524870","Species richness",48,50.4988667271079,NA,NA,NA,27.8663170195354,1.72250965085734
"518","5040533380","Species richness",15,20.8666666666667,NA,NA,NA,18.7595238095238,0.799593857088465
"519","5040533450","Species richness",9,10.9574468085106,NA,NA,NA,8.75084815143762,1.02847173716772
"520","5040591010","Species richness",9,9.98850574712644,NA,NA,NA,7.40488958642838,1.21541312601002
"521","5040591050","Species richness",137,143.721595090753,NA,NA,NA,83.5396622184158,1.63993959709594
"522","6040000010","Species richness",42,59.8920990566038,NA,NA,NA,54.6213153264447,0.768930585962397
"523","6040000740","Species richness",111,173.488829311886,NA,NA,NA,55.8627374429081,1.98701325930263
"524","6040000750","Species richness",85,104.986187845304,NA,NA,NA,57.9349485777126,1.46716277629871
"525","6040004870","Species richness",14,92.8666666666667,NA,NA,NA,88.5587301587302,0.158087180957843
"526","6040005180","Species richness",7,12.5555555555556,NA,NA,NA,12.0404761904762,0.581372355151275
"527","6040005190","Species richness",23,46.9673913043478,NA,NA,NA,43.2330659075225,0.532000206721357
"528","6040005490","Species richness",54,70.948224852071,NA,NA,NA,27.2983728218429,1.97813988227136
"529","6040005500","Species richness",72,93.6774193548387,NA,NA,NA,85.7639272913472,0.839513794131768
"530","6040006470","Species richness",37,80.5040540540541,NA,NA,NA,73.278895323896,0.50492027529152
"531","6040007010","Species richness",52,76.4169491525424,NA,NA,NA,52.2784570890504,0.994673578667861
"532","6040007960","Species richness",95,100.760384513626,NA,NA,NA,73.9922174848697,1.28391881239978
"533","6040008320","Species richness",88,99.2314662273476,NA,NA,NA,80.4189600912796,1.09426931037302
"534","6040009760","Species richness",8,13.7291666666667,NA,NA,NA,13.0384920634921,0.613567885077761
"535","6040009770","Species richness",37,41.545746388443,NA,NA,NA,36.7627822302396,1.00645266096224
"536","6040011790","Species richness",9,14.5,NA,NA,NA,13.9380952380952,0.645712333447216
"537","6040012580","Species richness",9,11.1428571428571,NA,NA,NA,10.3936507936508,0.865913255956016
"538","6040012590","Species richness",2,2.5,NA,NA,NA,2.4297619047619,0.82312591866732
"539","6040012800","Species richness",19,23.0062893081761,NA,NA,NA,21.5390935409804,0.88211697320737
"540","6040013420","Species richness",21,56.1,NA,NA,NA,50.5746031746032,0.415228171489549
"541","6040013430","Species richness",43,74.7987421383648,NA,NA,NA,59.9550913447136,0.71720347739561
"542","6040013750","Species richness",42,54.43961352657,NA,NA,NA,46.3544283413843,0.906062300902182
"543","6040013760","Species richness",82,96.2177736072012,NA,NA,NA,46.4902961234787,1.76380894159519
"544","6040014330","Species richness",66,94.4954407294833,NA,NA,NA,69.3635813190535,0.951507963471754
"545","6040015560","Species richness",7,8.02272727272727,NA,NA,NA,7.80030663780664,0.89740061833881
"546","6040015940","Species richness",26,31.2734082397004,NA,NA,NA,28.4794928957851,0.912937603739706
"547","6040015950","Species richness",23,42.9903846153846,NA,NA,NA,34.8310592185591,0.660330191386913
"548","6040016720","Species richness",18,20.9761904761905,NA,NA,NA,16.0956134777923,1.11831711322064
"549","6040016760","Species richness",51,65.6651323360184,NA,NA,NA,56.5767484976348,0.901430381813688
"550","6040016770","Species richness",13,19.0763888888889,NA,NA,NA,16.9809523809524,0.765563656758272
"551","6040016970","Species richness",25,26.5841584158416,NA,NA,NA,24.6588507779959,1.01383475755117
"552","6040016980","Species richness",28,32.1604938271605,NA,NA,NA,18.4181234044967,1.52024174152096
"553","6040017380","Species richness",3,3.2,NA,NA,NA,3.10634920634921,0.965763924374042
"554","6040017530","Species richness",6,16.7142857142857,NA,NA,NA,15.9650793650794,0.375820242592961
"555","6040017540","Species richness",5,8.9375,NA,NA,NA,8.39900793650793,0.595308402825353
"556","6040018290","Species richness",4,7.6,NA,NA,NA,7.27222222222222,0.550038197097021
"557","6040019090","Species richness",12,23.8787878787879,NA,NA,NA,21.2097402597403,0.565777791384747
"558","6040020000","Species richness",8,8,NA,NA,NA,7.50950531351961,1.0653165110087
"559","6040021870","Species richness",5,5,NA,NA,NA,4.55376937167848,1.09799148615141
"560","6040024060","Species richness",2,2,NA,NA,NA,1.89635835286142,1.05465298633151
"561","6040025130","Species richness",43,46.5916279069767,NA,NA,NA,36.3343215285769,1.18345405090833
"562","6040025140","Species richness",40,46.7225609756098,NA,NA,NA,38.131384344809,1.04900466341043
"563","6040025420","Species richness",45,53.3046964490263,NA,NA,NA,42.3938975349734,1.06147352842179
"564","6040026140","Species richness",16,22.2234042553191,NA,NA,NA,11.2444871194034,1.42291950091619
"565","6040026750","Species richness",4,4.875,NA,NA,NA,4.66428571428571,0.857580398162328
"566","6040026990","Species richness",9,21.109375,NA,NA,NA,17.4335813492063,0.516245045680744
"567","6040027000","Species richness",6,7.88888888888889,NA,NA,NA,7.04603174603174,0.851543140346925
"568","6040029280","Species richness",13,14.9444444444444,NA,NA,NA,14.0781746031746,0.923415170392085
"569","6040032290","Species richness",95,134.117124735729,NA,NA,NA,103.128077116682,0.921184634253522
"570","6040034810","Species richness",35,42.99207135778,NA,NA,NA,21.2003726952193,1.65091437321253
"571","6040035990","Species richness",3,3.42857142857143,NA,NA,NA,3.24126984126984,0.925563173359452
"572","6040040110","Species richness",3,3.85714285714286,NA,NA,NA,3.66984126984127,0.817474048442907
"573","6040040460","Species richness",42,44.0803613884926,NA,NA,NA,32.0276345707557,1.31136752878872
"574","6040040500","Species richness",2,2,NA,NA,NA,1.82405898025151,1.09645577344447
"575","6040040510","Species richness",10,15.625,NA,NA,NA,14.8757936507936,0.672233040787473
"576","6040075390","Species richness",37,39.9807692307692,NA,NA,NA,36.3248504340984,1.01858643759942
"577","6040075410","Species richness",20,21.9789473684211,NA,NA,NA,19.7288713953967,1.01374273262618
"578","6040084750","Species richness",33,58.2988235294118,NA,NA,NA,51.9586647992534,0.635120246594061
"579","6040084790","Species richness",4,8.5,NA,NA,NA,8.24246031746032,0.485291993644986
"580","6040102250","Species richness",89,112.990480577307,NA,NA,NA,90.4314451682711,0.984170935611971
"581","6040102330","Species richness",23,31.1939393939394,NA,NA,NA,30.1731457431457,0.762267222509432
"582","6040134460","Species richness",14,14.962962962963,NA,NA,NA,14.6117724867725,0.9581315348753
"583","6040239720","Species richness",93,117.469182389937,NA,NA,NA,80.3233346980333,1.15782045590641
"584","6040239820","Species richness",31,44.8333333333333,NA,NA,NA,40.8999999999993,0.757946210268962
"585","6040262110","Species richness",110,158.06330472103,NA,NA,NA,127.170249165469,0.864982185077517
"586","6040262220","Species richness",65,76.9668508287293,NA,NA,NA,71.5819301938098,0.908050395176701
"587","6040280400","Species richness",151,176.272602787823,NA,NA,NA,127.132704288897,1.18773529474262
"588","6040280410","Species richness",168,191.658853302356,NA,NA,NA,144.628700521784,1.16159517021101
"589","6040285930","Species richness",71,91.2573060127645,NA,NA,NA,81.7661582716186,0.868329899567318
"590","6040285990","Species richness",120,138.367097876495,NA,NA,NA,101.812249091327,1.17864010539988
"591","6040345000","Species richness",19,39.46484375,NA,NA,NA,37.0591889880952,0.512693356730054
"592","6040401890","Species richness",2,2.5,NA,NA,NA,2.4297619047619,0.82312591866732
"593","6040510750","Species richness",8,16.1,NA,NA,NA,15.4210317460317,0.518772033658424
"594","6040510890","Species richness",2,2.33333333333333,NA,NA,NA,2.23968253968254,0.892983699503898
"595","6040527670","Species richness",26,34.1191860465116,NA,NA,NA,24.6964942050942,1.05278100543667
"596","6040527680","Species richness",15,34.5967741935484,NA,NA,NA,31.3892345110087,0.477870844373069
"597","6040562010","Species richness",8,15.5,NA,NA,NA,14.0484126984127,0.56945935257895
"598","6040639920","Species richness",5,11.6666666666667,NA,NA,NA,11.1515873015873,0.448366664294356
"599","6040709810","Species richness",16,45.0865384615385,NA,NA,NA,41.8204670329671,0.382587788591342
"600","6040709820","Species richness",24,63.234375,NA,NA,NA,59.9214781746032,0.400524164808939
"601","6040752460","Species richness",21,27.6176470588235,NA,NA,NA,25.8148692810457,0.81348465380063
"602","6040752470","Species richness",56,64.1567916162838,NA,NA,NA,45.2650825473357,1.23715669669747
"603","6040814820","Species richness",118,135.622109060047,NA,NA,NA,92.8906253326731,1.27031118132106
"604","6040814830","Species richness",55,115.339527027027,NA,NA,NA,99.8052016302016,0.551073482159638
"605","6040862810","Species richness",5,10.1428571428571,NA,NA,NA,9.67460317460317,0.51681706316653
"606","6040870370","Species richness",33,68.758389261745,NA,NA,NA,47.921087674445,0.688632115869064
"607","6040870380","Species richness",20,37.6470588235294,NA,NA,NA,34.0883286647993,0.586711076294352
"608","6040877660","Species richness",6,14.8888888888889,NA,NA,NA,14.0928571428571,0.425747592498733
"609","7040000010","Species richness",68,70.9988014382741,NA,NA,NA,47.7959235372774,1.42271547377811
"610","7040005410","Species richness",24,25.7660910518053,NA,NA,NA,24.2141636141636,0.991155440362254
"611","7040005420","Species richness",38,40.6607538802661,NA,NA,NA,32.2407974086516,1.17863089793812
"612","7040006390","Species richness",38,44.7250922509225,NA,NA,NA,35.099544568611,1.08263513008607
"613","7040006400","Species richness",39,110.920265780731,NA,NA,NA,23.7616711076397,1.6412987042591
"614","7040007380","Species richness",48,53.989247311828,NA,NA,NA,40.4063722922057,1.1879314394492
"615","7040007390","Species richness",44,79.9299610894942,NA,NA,NA,33.8652507015237,1.29926692076785
"616","7040007830","Species richness",41,43.0772594752187,NA,NA,NA,36.4853339045111,1.12373920182023
"617","7040007840","Species richness",33,39.2351895734597,NA,NA,NA,26.7793769213921,1.23229155393973
"618","7040008710","Species richness",12,16.0277777777778,NA,NA,NA,14.8493386243386,0.808116799244617
"619","7040008720","Species richness",103,106.499246014649,NA,NA,NA,68.8127624717595,1.49681536244488
"620","7040013170","Species richness",28,33.970297029703,NA,NA,NA,25.3098555988276,1.10628841364457
"621","7040013180","Species richness",75,96.9923211169285,NA,NA,NA,32.3465420955205,2.31864042154869
"622","7040013550","Species richness",138,155.996250781087,NA,NA,NA,92.957441709679,1.48455032175903
"623","7040013560","Species richness",89,97.4929343308396,NA,NA,NA,69.9056537349931,1.2731445204331
"624","7040014040","Species richness",97,134.505878894768,NA,NA,NA,88.3322043187553,1.09812724303773
"625","7040014050","Species richness",64,78.1675070028011,NA,NA,NA,71.7882352941172,0.891510980006561
"626","7040014200","Species richness",120,129.840631606195,NA,NA,NA,94.8115974795295,1.26566794769921
"627","7040014210","Species richness",57,71.202657807309,NA,NA,NA,65.4364446553804,0.871074220187073
"628","7040014250","Species richness",112,123.63358844828,NA,NA,NA,65.6534559456939,1.70592695215683
"629","7040014930","Species richness",84,90.5278385197645,NA,NA,NA,66.504187054972,1.26307836723974
"630","7040014940","Species richness",106,122.049646260173,NA,NA,NA,70.9930819619079,1.49310323021158
"631","7040016260","Species richness",111,127.051358024691,NA,NA,NA,71.5875173629291,1.55054965011931
"632","7040016270","Species richness",49,64.1139112903226,NA,NA,NA,30.5599534825128,1.60340558201566
"633","7040019010","Species richness",9,9.24305555555556,NA,NA,NA,8.77770925169043,1.02532446016787
"634","7040019200","Species richness",23,54.3846153846154,NA,NA,NA,49.5615995115997,0.464068961184696
"635","7040020100","Species richness",53,148.635265700483,NA,NA,NA,130.412382102601,0.406403127874029
"636","7040021740","Species richness",46,63.9182481751825,NA,NA,NA,57.8215815085162,0.795550706153289
"637","7040022240","Species richness",3,4.5,NA,NA,NA,4.31269841269841,0.69562016930438
"638","7040024290","Species richness",13,36.6111111111111,NA,NA,NA,34.5742063492063,0.376002846419594
"639","7040024300","Species richness",9,9.64705882352941,NA,NA,NA,9.08515406162465,0.990627119689215
"640","7040024580","Species richness",66,77.9799331103679,NA,NA,NA,56.7099674560006,1.16381657336
"641","7040024600","Species richness",17,21.1176470588235,NA,NA,NA,17.7930438842203,0.955429554977737
"642","7040024830","Species richness",15,15.7375,NA,NA,NA,15,1
"643","7040024890","Species richness",3,3,NA,NA,NA,2.69098096082339,1.11483508938765
"644","7040024900","Species richness",5,7.66666666666667,NA,NA,NA,7.2452380952381,0.690108445612882
"645","7040025090","Species richness",6,6,NA,NA,NA,5.91822278599885,1.01381786677491
"646","7040033120","Species richness",2,2.5,NA,NA,NA,2.4297619047619,0.82312591866732
"647","7040033480","Species richness",75,112.745431008224,NA,NA,NA,58.8306905519636,1.27484480118
"648","7040034520","Species richness",93,98.438808373591,NA,NA,NA,79.376212455519,1.17163564653725
"649","7040034530","Species richness",141,160.594866422211,NA,NA,NA,105.291572437281,1.33913851542097
"650","7040038340","Species richness",149,167.048073433664,NA,NA,NA,88.3593850872709,1.68629512137093
"651","7040039620","Species richness",139,146.198021978022,NA,NA,NA,103.718204108714,1.34016975317375
"652","7040039630","Species richness",93,153.703088803089,NA,NA,NA,69.104739383918,1.34578323902402
"653","7040039870","Species richness",125,147.032342780598,NA,NA,NA,89.2788845406291,1.40010709859524
"654","7040039880","Species richness",140,162.499262004723,NA,NA,NA,60.0641678168941,2.33084058413646
"655","7040041050","Species richness",141,157.661098117831,NA,NA,NA,103.544107784548,1.36173851913804
"656","7040041060","Species richness",86,108.21638195357,NA,NA,NA,39.4208310255786,2.18158769773773
"657","7040041400","Species richness",132,148.050944540175,NA,NA,NA,93.6627393238647,1.40931175996864
"658","7040041410","Species richness",140,149.030016896505,NA,NA,NA,76.4514679741216,1.83122710014397
"659","7040042040","Species richness",139,145.748494647636,NA,NA,NA,84.733209831623,1.64044298895572
"660","7040043090","Species richness",101,111.020665878645,NA,NA,NA,79.6836104880501,1.26751284713871
"661","7040043100","Species richness",30,62.6241134751773,NA,NA,NA,58.9873409884047,0.508583697744524
"662","7040043160","Species richness",119,131.014151860978,NA,NA,NA,97.4354404373481,1.22132151777482
"663","7040043170","Species richness",144,187.553050202921,NA,NA,NA,58.7014751791271,2.45308997023644
"664","7040045890","Species richness",115,137.307717620218,NA,NA,NA,87.2683306796159,1.3177747196998
"665","7040045900","Species richness",75,85.5543120155039,NA,NA,NA,55.8982380816324,1.34172386418463
"666","7040046590","Species richness",141,151.496524329692,NA,NA,NA,97.8493002586807,1.44099139827514
"667","7040046600","Species richness",72,96.4519607843137,NA,NA,NA,69.0211756193997,1.04315812290747
"668","7040046750","Species richness",83,114.965554359526,NA,NA,NA,68.0855715632954,1.21905417101242
"669","7040047060","Species richness",41,67.9123376623377,NA,NA,NA,46.302417027417,0.885482932256489
"670","7040047070","Species richness",75,81.7445432497979,NA,NA,NA,59.3543423849769,1.26359752271441
"671","7040047850","Species richness",80,90.8863764549044,NA,NA,NA,42.3114960798151,1.89073909958396
"672","7040047860","Species richness",19,26.9609756097561,NA,NA,NA,15.5514603007274,1.22175021718773
"673","7040047970","Species richness",92,93.3332315366214,NA,NA,NA,45.6402978392414,2.01576248086836
"674","7040047980","Species richness",54,59.0606326078938,NA,NA,NA,28.178967261314,1.91632289073045
"675","7040048300","Species richness",87,99.2484493670886,NA,NA,NA,40.3797261835509,2.15454655647071
"676","7040048310","Species richness",25,85.0346153846154,NA,NA,NA,51.7651709401693,0.482950206595381
"677","7040048410","Species richness",83,87.0496425103716,NA,NA,NA,39.3538776302221,2.10906789871856
"678","7040048420","Species richness",104,116.099054613642,NA,NA,NA,56.1190933917187,1.85320171290128
"679","7040049270","Species richness",157,185.035722337452,NA,NA,NA,80.9236142152398,1.94010118705787
"680","7040049280","Species richness",20,32.2448979591837,NA,NA,NA,29.3885487528344,0.680537176850936
"681","7040049990","Species richness",44,100.020408163265,NA,NA,NA,57.1283446712029,0.77019560523306
"682","7040050000","Species richness",52,66.0279484029484,NA,NA,NA,48.281594409025,1.07701497095299
"683","7040050640","Species richness",41,45.4732142857143,NA,NA,NA,41.5164682539681,0.987559918372421
"684","7040050650","Species richness",24,37.7480158730159,NA,NA,NA,35.6213624338624,0.673753005505064
"685","7040050920","Species richness",50,65.9307359307359,NA,NA,NA,55.1140692640686,0.907209368998585
"686","7040050930","Species richness",51,54.5489589775304,NA,NA,NA,43.5906320508767,1.16997615314399
"687","7040054660","Species richness",58,61.596421471173,NA,NA,NA,45.8739943821333,1.26433289233234
"688","7040054670","Species richness",42,48.2326388888889,NA,NA,NA,37.2061216004297,1.12884649604314
"689","7040057510","Species richness",2,2.33333333333333,NA,NA,NA,2.23968253968254,0.892983699503898
"690","7040059990","Species richness",53,58.9928057553957,NA,NA,NA,42.5763787092291,1.24482169707194
"691","7040064730","Species richness",30,31.3305263157895,NA,NA,NA,22.5052632546863,1.33302150970187
"692","7040065090","Species richness",5,11.6666666666667,NA,NA,NA,11.1515873015873,0.448366664294356
"693","7040065760","Species richness",80,80.999671592775,NA,NA,NA,60.1835068310753,1.32926783785708
"694","7040069860","Species richness",4,6.5,NA,NA,NA,6.21904761904762,0.643185298621746
"695","7040070790","Species richness",17,24.8688524590164,NA,NA,NA,19.2029794431434,0.885279289619297
"696","7040072800","Species richness",28,28.999530956848,NA,NA,NA,19.579456411984,1.43007034571511
"697","7040073620","Species richness",106,139.036134370016,NA,NA,NA,84.6778521744668,1.25180312535091
"698","7040073630","Species richness",99,119.022036958369,NA,NA,NA,85.7058339760293,1.1551138984038
"699","7040073640","Species richness",11,19.5263157894737,NA,NA,NA,18.2152046783626,0.603891100552203
"700","7040073660","Species richness",22,22.6601307189542,NA,NA,NA,21.0959607527468,1.04285366558314
"701","7040073690","Species richness",61,92.4525602409639,NA,NA,NA,49.8641631495921,1.22332344808436
"702","7040073710","Species richness",43,48.5466094113437,NA,NA,NA,31.4667614292923,1.36652130841693
"703","7040073720","Species richness",87,105.35993852459,NA,NA,NA,66.0197412094408,1.3177876557256
"704","7040073780","Species richness",57,65.4823657080846,NA,NA,NA,61.1547132435897,0.932062256149567
"705","7040073830","Species richness",60,91.8801498127341,NA,NA,NA,75.2259170085034,0.797597455584592
"706","7040073870","Species richness",32,37.9340659340659,NA,NA,NA,35.7800976800976,0.894351946327966
"707","7040074080","Species richness",14,18.3548387096774,NA,NA,NA,17.2544418842806,0.811385270754801
"708","7040192420","Species richness",50,103.874125874126,NA,NA,NA,46.3152345017656,1.07955839019003
"709","7040192560","Species richness",127,140.496084686775,NA,NA,NA,86.7498120736419,1.46398011666227
"710","7040194860","Species richness",38,46.0858085808581,NA,NA,NA,43.3075017025512,0.877446135336905
"711","7040194980","Species richness",16,17.4926829268293,NA,NA,NA,12.5307101765533,1.27686298498374
"712","7040256540","Species richness",19,66.3103448275862,NA,NA,NA,61.674630541872,0.308068322956561
"713","7040256690","Species richness",2,2,NA,NA,NA,1.76394226676489,1.13382395653348
"714","7040282720","Species richness",53,105.124479166667,NA,NA,NA,94.9780009920615,0.55802395761551
"715","7040282770","Species richness",45,64.8770053475936,NA,NA,NA,59.5559375265256,0.755592168790181
"716","7040374800","Species richness",66,70.0799890799891,NA,NA,NA,51.2837908131624,1.28695634533827
"717","7040374950","Species richness",137,152.995974842767,NA,NA,NA,95.8891821112051,1.42873259510252
"718","7040379310","Species richness",103,114.100344530577,NA,NA,NA,87.3436783503016,1.17924962567877
"719","7040379430","Species richness",136,156.246383282729,NA,NA,NA,87.2060203707322,1.55952535641271
"720","7040388580","Species richness",75,132.462857142857,NA,NA,NA,85.3284126984168,0.878956933900536
"721","7040388740","Species richness",128,133.140514155548,NA,NA,NA,100.96517679813,1.26776383758455
"722","7040392520","Species richness",130,151.429747272043,NA,NA,NA,97.940672612185,1.32733415579818
"723","7040392650","Species richness",144,164.246101270697,NA,NA,NA,97.5627761202902,1.47597276057884
"724","7040394680","Species richness",113,133.635157457239,NA,NA,NA,79.2514166357548,1.42584202020459
"725","7040394690","Species richness",82,96.6883977900552,NA,NA,NA,60.1585845895875,1.36306398429116
"726","7040395190","Species richness",113,135.208811104406,NA,NA,NA,87.4513842716166,1.29214649877961
"727","7040395340","Species richness",94,146.483577327327,NA,NA,NA,90.5933736883834,1.03760348216344
"728","7040402320","Species richness",92,104.795454545455,NA,NA,NA,55.4882791915325,1.65800780525987
"729","7040402430","Species richness",152,159.538161571825,NA,NA,NA,59.2902323290039,2.56366005038647
"730","7040426310","Species richness",42,68.8949416342412,NA,NA,NA,50.8671638564641,0.825680002889777
"731","7040426320","Species richness",72,91.5874358974359,NA,NA,NA,48.5141469152607,1.48410318593795
"732","7040569640","Species richness",200,244.639936827743,NA,NA,NA,116.642641605236,1.71463880830886
"733","7040569650","Species richness",155,159.99976082277,NA,NA,NA,83.6037165578494,1.85398456410425
"734","7040585110","Species richness",93,105.446210615952,NA,NA,NA,80.7139673417138,1.15221693422988
"735","7040585120","Species richness",106,132.248963452088,NA,NA,NA,98.4948369061663,1.07619854328998
"736","7040607990","Species richness",54,90.6285516285516,NA,NA,NA,84.4403953403947,0.639504348390555
"737","7040608130","Species richness",67,76.5979166666667,NA,NA,NA,69.3602711640225,0.965970848665788
"738","7040612640","Species richness",180,190.888566331602,NA,NA,NA,93.0745425482126,1.93393375967183
"739","7040612840","Species richness",95,118.329542042042,NA,NA,NA,90.2585407467889,1.05253197330669
"740","7040632150","Species richness",11,12.08,NA,NA,NA,11.611746031746,0.947316619733713
"741","7040632220","Species richness",37,44.1189679885332,NA,NA,NA,34.3547788060711,1.07699718309528
"742","7040686450","Species richness",214,232.224495222268,NA,NA,NA,77.0287162987078,2.77818468595705
"743","7040686540","Species richness",112,119.67894540015,NA,NA,NA,81.3743107650488,1.37635574356355
"744","7040707710","Species richness",72,84.4938393297191,NA,NA,NA,43.1445047907313,1.66881043945758
"745","7040707810","Species richness",108,129.12243597524,NA,NA,NA,59.9374693828329,1.80187787559368
"746","7040741760","Species richness",123,150.559161923217,NA,NA,NA,64.3014818531215,1.91286415888453
"747","7040741770","Species richness",56,105.864864864865,NA,NA,NA,62.6216108966064,0.894259971888311
"748","8040000810","Species richness",27,31.9418604651163,NA,NA,NA,29.9049557032113,0.902860391032133
"749","8040000820","Species richness",56,72.6343669250646,NA,NA,NA,48.14107476563,1.1632478143172
"750","8040002260","Species richness",45,53.2903780068729,NA,NA,NA,45.7124679539628,0.984414143758758
"751","8040002270","Species richness",37,136.438202247191,NA,NA,NA,94.9509006598894,0.38967508199351
"752","8040004490","Species richness",2,2,NA,NA,NA,1.4564801214843,1.37317356447117
"753","8040004910","Species richness",5,11.6666666666667,NA,NA,NA,11.1515873015873,0.448366664294356
"754","8040005510","Species richness",2,2,NA,NA,NA,1.82405898025151,1.09645577344447
"755","8040005520","Species richness",6,10.0909090909091,NA,NA,NA,9.34170274170274,0.642281194970497
"756","8040007180","Species richness",10,16.0344827586207,NA,NA,NA,14.3487684729064,0.69692392199945
"757","8040007190","Species richness",18,30.1564885496183,NA,NA,NA,19.4568853750151,0.925122374576667
"758","8040008230","Species richness",8,12.359375,NA,NA,NA,10.1351686507936,0.789330723112688
"759","8040008240","Species richness",12,35.6551724137931,NA,NA,NA,31.0194581280789,0.38685395310428
"760","8040008380","Species richness",12,35.734375,NA,NA,NA,30.606994047619,0.392067250424205
"761","8040008390","Species richness",37,45.0744479495268,NA,NA,NA,32.5748898347715,1.13584420968648
"762","8040008900","Species richness",6,16.7142857142857,NA,NA,NA,15.9650793650794,0.375820242592961
"763","8040009560","Species richness",23,33.4761904761905,NA,NA,NA,29.9955026455028,0.76678161629168
"764","8040018970","Species richness",2,2.5,NA,NA,NA,2.4297619047619,0.82312591866732
"765","8040019790","Species richness",9,10.8666666666667,NA,NA,NA,10.4920634920635,0.857791225416036
"766","8040141350","Species richness",7,10.6666666666667,NA,NA,NA,10.1047619047619,0.692742695570217
"767","8040141480","Species richness",25,32.8961038961039,NA,NA,NA,29.2905483405487,0.853517650449409
"768","8040176060","Species richness",9,20.8055555555556,NA,NA,NA,18.7686507936508,0.47952301414466
"769","8040176200","Species richness",82,150.33279109589,NA,NA,NA,99.7824339530332,0.821787931517052
"770","8040183170","Species richness",16,23.75,NA,NA,NA,22.2515873015873,0.719049827014303
"771","8040183760","Species richness",16,31.6521739130435,NA,NA,NA,27.3910628019325,0.584132135204012
"772","8040183880","Species richness",4,6.5,NA,NA,NA,6.21904761904762,0.643185298621746
"773","8040219130","Species richness",6,9.5,NA,NA,NA,9.12539682539682,0.657505653157071
"774","8040219290","Species richness",22,26.0341365461847,NA,NA,NA,23.7474963345447,0.926413449656895
"775","8040252610","Species richness",37,41.0168032786885,NA,NA,NA,38.4203350247203,0.963031685595494
"776","8040252760","Species richness",30,42.1344339622642,NA,NA,NA,37.7855252321053,0.793954823063035
"777","8040264670","Species richness",7,22.75,NA,NA,NA,21.7198412698413,0.322285964848175
"778","8040307300","Species richness",69,125.109788359788,NA,NA,NA,99.5977513227549,0.692786725439209
"779","8040307380","Species richness",7,7.63333333333333,NA,NA,NA,7.28994708994709,0.960226447960517
