"","Assemblage","Order.q","SC","m","qTD","Method","s.e.","qTD.LCL","qTD.UCL"
"1","1040015030",0,0.982891094396153,444.519963009249,35.385412232604,"Rarefaction",0,35.385412232604,35.385412232604
"2","1041473880",0,0.982891094396153,408.372287348182,40.9551385298281,"Rarefaction",0,40.9551385298281,40.9551385298281
"3","1041576090",0,0.982891094396153,400.158346336112,41.2251935151345,"Rarefaction",0,41.2251935151345,41.2251935151345
"4","1040009450",0,0.982891094396153,580.217253920712,63.1234967067125,"Extrapolation",0,63.1234967067125,63.1234967067125
"5","1041515680",0,0.982891094396153,405.675280824689,37.9833804921995,"Rarefaction",0,37.9833804921995,37.9833804921995
"6","1041438780",0,0.982891094396153,320.114322475428,36.5651651692982,"Extrapolation",0,36.5651651692982,36.5651651692982
"7","1040012690",0,0.982891094396153,217.970993174651,25.4458695267651,"Rarefaction",0,25.4458695267651,25.4458695267651
"8","1040012820",0,0.982891094396153,378.879994242574,42.0878027043093,"Rarefaction",0,42.0878027043093,42.0878027043093
"9","1040012680",0,0.982891094396153,416.928854353191,41.0777482201265,"Rarefaction",0,41.0777482201265,41.0777482201265
"10","1041548760",0,0.982891094396153,310.376182468381,33.0923137801984,"Rarefaction",0,33.0923137801984,33.0923137801984
"11","1040014930",0,0.982891094396153,367.694007705092,32.1069168779818,"Rarefaction",0,32.1069168779818,32.1069168779818
"12","1040012810",0,0.982891094396153,365.824529884171,41.0117641544607,"Rarefaction",0,41.0117641544607,41.0117641544607
"13","1041576130",0,0.982891094396153,465.195212517619,41.1272321379561,"Rarefaction",0,41.1272321379561,41.1272321379561
"14","1041629370",0,0.982891094396153,334.090856451809,29.8270106881861,"Rarefaction",0,29.8270106881861,29.8270106881861
"15","1040014500",0,0.982891094396153,227.896559938734,22.8202055930618,"Rarefaction",0,22.8202055930618,22.8202055930618
"16","1040014920",0,0.982891094396153,202.117956616342,21.5019194424317,"Extrapolation",0,21.5019194424317,21.5019194424317
"17","1041629430",0,0.982891094396153,208.302809142914,21.5466715834894,"Rarefaction",0,21.5466715834894,21.5466715834894
"18","1041533130",0,0.982891094396153,240.640268459513,23.8867045995117,"Extrapolation",0,23.8867045995117,23.8867045995117
"19","1040040320",0,0.982891094396153,764.522170011311,57.6165301899404,"Extrapolation",0,57.6165301899404,57.6165301899404
"20","1040015860",0,0.982891094396153,244.227280209286,23.2071757803178,"Rarefaction",0,23.2071757803178,23.2071757803178
"21","1041620260",0,0.982891094396153,216.612844878047,18.8945448210746,"Extrapolation",0,18.8945448210746,18.8945448210746
"22","1040018120",0,0.982891094396153,197.79934168233,26.5746651492064,"Rarefaction",0,26.5746651492064,26.5746651492064
"23","1041438860",0,0.982891094396153,337.937206530446,34.3995793357345,"Rarefaction",0,34.3995793357345,34.3995793357345
"24","1041620200",0,0.982891094396153,100.512164153098,13.6732229157633,"Rarefaction",0,13.6732229157633,13.6732229157633
"25","1041472390",0,0.982891094396153,163.261333642833,28.4756729885061,"Extrapolation",0,28.4756729885061,28.4756729885061
"26","1041473950",0,0.982891094396153,320.07362923858,34.8659024087058,"Rarefaction",0,34.8659024087058,34.8659024087058
"27","1041174950",0,0.982891094396153,454.521634070388,48.8749689535445,"Extrapolation",0,48.8749689535445,48.8749689535445
"28","1040837890",0,0.982891094396153,875.22982778852,64.5315480414177,"Rarefaction",0,64.5315480414177,64.5315480414177
"29","1040040200",0,0.982891094396153,132.865681792981,16.9862829190612,"Extrapolation",0,16.9862829190612,16.9862829190612
"30","1040011670",0,0.982891094396153,356.201654098933,41.9808849625402,"Extrapolation",0,41.9808849625402,41.9808849625402
"31","1040601200",0,0.982891094396153,328.216262901693,27.4269809205546,"Extrapolation",0,27.4269809205546,27.4269809205546
"32","1040020570",0,0.982891094396153,527.076261871868,48.7395634870143,"Rarefaction",0,48.7395634870143,48.7395634870143
"33","1041259940",0,0.982891094396153,682.126987962755,51.4053715399562,"Rarefaction",0,51.4053715399562,51.4053715399562
"34","1041431480",0,0.982891094396153,233.144383863214,31.1818104759852,"Extrapolation",0,31.1818104759852,31.1818104759852
"35","1041156960",0,0.982891094396153,643.64807757043,65.2764251952753,"Extrapolation",0,65.2764251952753,65.2764251952753
"36","1040024080",0,0.982891094396153,559.549970997574,55.567998247245,"Rarefaction",0,55.567998247245,55.567998247245
"37","1041515780",0,0.982891094396153,624.990989676239,34.1377685967278,"Extrapolation",0,34.1377685967278,34.1377685967278
"38","1041472430",0,0.982891094396153,549.193287116755,42.0255232537482,"Extrapolation",0,42.0255232537482,42.0255232537482
"39","1041624310",0,0.982891094396153,126.05602262423,14.8884252939112,"Rarefaction",0,14.8884252939112,14.8884252939112
"40","1040040240",0,0.982891094396153,196.576771437462,21.5093780037306,"Rarefaction",0,21.5093780037306,21.5093780037306
"41","1040029810",0,0.982891094396153,1116.80523892643,76.6503981570243,"Extrapolation",0,76.6503981570243,76.6503981570243
"42","1040028970",0,0.982891094396153,496.717436755176,42.3786798598992,"Rarefaction",0,42.3786798598992,42.3786798598992
"43","1040028960",0,0.982891094396153,173.994427424962,20.3520888648833,"Extrapolation",0,20.3520888648833,20.3520888648833
"44","1040029710",0,0.982891094396153,76.6064947575992,14.6328658173929,"Extrapolation",0,14.6328658173929,14.6328658173929
"45","1040040520",0,0.982891094396153,823.041596504984,53.7469589487516,"Extrapolation",0,53.7469589487516,53.7469589487516
"46","1040029700",0,0.982891094396153,215.763508980497,31.3244184463525,"Extrapolation",0,31.3244184463525,31.3244184463525
"47","1040034610",0,0.982891094396153,197.720693601803,10.1020647862984,"Rarefaction",0,10.1020647862984,10.1020647862984
"48","1040040340",0,0.982891094396153,61.8152862902605,9.91716318156034,"Rarefaction",0,9.91716318156034,9.91716318156034
"49","1040029430",0,0.982891094396153,317.26214474056,37.6160557510335,"Extrapolation",0,37.6160557510335,37.6160557510335
"50","1041477980",0,0.982891094396153,227.846855700895,30.4187329169379,"Rarefaction",0,30.4187329169379,30.4187329169379
"51","1040034260",0,0.982891094396153,91.1791162360637,11.3309736926088,"Rarefaction",0,11.3309736926088,11.3309736926088
"52","1040020580",0,0.982891094396153,193.916265685963,36.0599130669456,"Extrapolation",0,36.0599130669456,36.0599130669456
"53","1040019430",0,0.982891094396153,310.963375599956,29.853951444109,"Extrapolation",0,29.853951444109,29.853951444109
"54","1041431680",0,0.982891094396153,228.371535636646,29.1777635815695,"Rarefaction",0,29.1777635815695,29.1777635815695
"55","1040023310",0,0.982891094396153,244.836984272633,42.2989040557075,"Extrapolation",0,42.2989040557075,42.2989040557075
"56","1040008480",0,0.982891094396153,344.038458897283,33.2476322730104,"Extrapolation",0,33.2476322730104,33.2476322730104
"57","1040034270",0,0.982891094396153,173.725482859908,12.3492810147483,"Extrapolation",0,12.3492810147483,12.3492810147483
"58","1040011660",0,0.982891094396153,238.833587892604,18.4423153875387,"Extrapolation",0,18.4423153875387,18.4423153875387
"59","1040022430",0,0.982891094396153,739.946588355017,76.4885696725534,"Rarefaction",0,76.4885696725534,76.4885696725534
"60","1040873640",0,0.982891094396153,409.924533639511,36.8560694155946,"Extrapolation",0,36.8560694155946,36.8560694155946
"61","1041478080",0,0.982891094396153,189.951407623422,20.8860276430027,"Rarefaction",0,20.8860276430027,20.8860276430027
"62","1041259950",0,0.982891094396153,193.30718258206,24.9322953599695,"Extrapolation",0,24.9322953599695,24.9322953599695
"63","1040034900",0,0.982891094396153,66.9835477371497,11.6670786382801,"Rarefaction",0,11.6670786382801,11.6670786382801
"64","1040026800",0,0.982891094396153,177.566658004789,22.1914123150116,"Extrapolation",0,22.1914123150116,22.1914123150116
"65","1040601190",0,0.982891094396153,501.625126856659,33.0350266961219,"Extrapolation",0,33.0350266961219,33.0350266961219
"66","3040679760",0,0.982891094396153,723.777314862145,77.2777005480833,"Extrapolation",0,77.2777005480833,77.2777005480833
"67","3040679750",0,0.982891094396153,364.749547592972,54.4091689208981,"Extrapolation",0,54.4091689208981,54.4091689208981
"68","3040483880",0,0.982891094396153,283.148965248708,59.8043339009344,"Extrapolation",0,59.8043339009344,59.8043339009344
"69","4040095270",0,0.982891094396153,399.305247194081,59.0136798128164,"Extrapolation",0,59.0136798128164,59.0136798128164
"70","3040024310",0,0.982891094396153,1423.53610037304,66.1724991818482,"Extrapolation",0,66.1724991818482,66.1724991818482
"71","3040496490",0,0.982891094396153,406.301697930275,39.1791584233493,"Extrapolation",0,39.1791584233493,39.1791584233493
"72","5040524870",0,0.982891094396153,506.051921482424,36.2526260597519,"Rarefaction",0,36.2526260597519,36.2526260597519
"73","5040067860",0,0.982891094396153,654.019825533436,62.4890285574982,"Rarefaction",0,62.4890285574982,62.4890285574982
"74","5040069970",0,0.982891094396153,577.797936095542,52.9790171135402,"Rarefaction",0,52.9790171135402,52.9790171135402
"75","5040511570",0,0.982891094396153,289.03451231001,31.6813200544061,"Rarefaction",0,31.6813200544061,31.6813200544061
"76","5040061660",0,0.982891094396153,88.7785944985539,15.1184222777323,"Extrapolation",0,15.1184222777323,15.1184222777323
"77","5040070700",0,0.982891094396153,528.304779053107,46.1687286765319,"Rarefaction",0,46.1687286765319,46.1687286765319
"78","5040049720",0,0.982891094396153,666.887837406647,67.6663681402787,"Rarefaction",0,67.6663681402787,67.6663681402787
"79","5040069590",0,0.982891094396153,565.867486986603,50.458427017224,"Rarefaction",0,50.458427017224,50.458427017224
"80","5040061670",0,0.982891094396153,378.659441070555,37.1696616267701,"Rarefaction",0,37.1696616267701,37.1696616267701
"81","5040069960",0,0.982891094396153,442.447239831318,44.376209531183,"Rarefaction",0,44.376209531183,44.376209531183
"82","5040068450",0,0.982891094396153,527.100689991121,58.1015704759635,"Extrapolation",0,58.1015704759635,58.1015704759635
"83","5040491510",0,0.982891094396153,372.20358501227,28.6260291126867,"Extrapolation",0,28.6260291126867,28.6260291126867
"84","5040059450",0,0.982891094396153,363.119008018655,39.9729478015295,"Rarefaction",0,39.9729478015295,39.9729478015295
"85","5040068460",0,0.982891094396153,504.987032307073,49.9714217151507,"Rarefaction",0,49.9714217151507,49.9714217151507
"86","5040064140",0,0.982891094396153,222.756014172657,31.0981669893969,"Rarefaction",0,31.0981669893969,31.0981669893969
"87","5040070710",0,0.982891094396153,1438.91044887839,121.564978700505,"Rarefaction",0,121.564978700505,121.564978700505
"88","5040591050",0,0.982891094396153,1189.33012401955,98.2671907062443,"Rarefaction",0,98.2671907062443,98.2671907062443
"89","5040491370",0,0.982891094396153,106.091411175077,10.5953113117083,"Rarefaction",0,10.5953113117083,10.5953113117083
"90","5040069600",0,0.982891094396153,193.581894188863,28.6590899852292,"Extrapolation",0,28.6590899852292,28.6590899852292
"91","5040055960",0,0.982891094396153,199.476831163559,22.7781368091211,"Rarefaction",0,22.7781368091211,22.7781368091211
"92","5040056460",0,0.982891094396153,214.970537816907,23.5439192778748,"Rarefaction",0,23.5439192778748,23.5439192778748
"93","5040064130",0,0.982891094396153,99.3903231191316,22.1591819227782,"Extrapolation",0,22.1591819227782,22.1591819227782
"94","5040077640",0,0.982891094396153,192.638443204878,14.8406167172051,"Rarefaction",0,14.8406167172051,14.8406167172051
"95","5040065600",0,0.982891094396153,188.909124252188,23.6368320797114,"Extrapolation",0,23.6368320797114,23.6368320797114
"96","5040057330",0,0.982891094396153,254.407214663602,19.572969981679,"Extrapolation",0,19.572969981679,19.572969981679
"97","5040533380",0,0.982891094396153,139.450611224187,20.0682218621511,"Extrapolation",0,20.0682218621511,20.0682218621511
"98","5040073410",0,0.982891094396153,120.969415292913,10.8849271107654,"Rarefaction",0,10.8849271107654,10.8849271107654
"99","5040057720",0,0.982891094396153,270.03777250481,27.6562973878566,"Rarefaction",0,27.6562973878566,27.6562973878566
"100","5040056470",0,0.982891094396153,161.939579211613,17.7172303734126,"Rarefaction",0,17.7172303734126,17.7172303734126
"101","5040076890",0,0.982891094396153,207.093390473159,21.0526215153697,"Extrapolation",0,21.0526215153697,21.0526215153697
"102","5040059440",0,0.982891094396153,198.773315809304,24.7924401582499,"Extrapolation",0,24.7924401582499,24.7924401582499
"103","5040057320",0,0.982891094396153,114.44639242798,19.9728816640074,"Rarefaction",0,19.9728816640074,19.9728816640074
"104","5040073420",0,0.982891094396153,316.176870739945,30.1765937716775,"Rarefaction",0,30.1765937716775,30.1765937716775
"105","5040056740",0,0.982891094396153,112.76309520497,20.6827403762923,"Extrapolation",0,20.6827403762923,20.6827403762923
"106","5040076530",0,0.982891094396153,207.729431052912,14.8557483478606,"Extrapolation",0,14.8557483478606,14.8557483478606
"107","5040041880",0,0.982891094396153,264.805824819844,33.3161364666423,"Extrapolation",0,33.3161364666423,33.3161364666423
"108","5040056750",0,0.982891094396153,124.623748176594,18.3772546102667,"Rarefaction",0,18.3772546102667,18.3772546102667
"109","6040025420",0,0.982891094396153,483.416123298828,48.6570001211678,"Extrapolation",0,48.6570001211678,48.6570001211678
"110","6040025130",0,0.982891094396153,385.259459380772,42.0641964871591,"Rarefaction",0,42.0641964871591,42.0641964871591
"111","6040025140",0,0.982891094396153,394.675079622262,43.4089867485569,"Extrapolation",0,43.4089867485569,43.4089867485569
"112","4041043580",0,0.982891094396153,1424.43193818159,110.585509804095,"Rarefaction",0,110.585509804095,110.585509804095
"113","4040012990",0,0.982891094396153,1942.08832406042,115.787315151109,"Extrapolation",0,115.787315151109,115.787315151109
"114","4040009890",0,0.982891094396153,852.05391338183,80.956110576339,"Extrapolation",0,80.956110576339,80.956110576339
"115","4040627620",0,0.982891094396153,337.483766849787,33.2765357508717,"Extrapolation",0,33.2765357508717,33.2765357508717
"116","4040748300",0,0.982891094396153,817,81,"Observed",0,81,81
"117","6040280410",0,0.982891094396153,1850.71035216882,168.602701216823,"Extrapolation",0,168.602701216823,168.602701216823
"118","6040032290",0,0.982891094396153,1451.31905269886,124.509824630332,"Extrapolation",0,124.509824630332,124.509824630332
"119","4040007410",0,0.982891094396153,711.033624586114,75.2995156961841,"Extrapolation",0,75.2995156961841,75.2995156961841
"120","6040814820",0,0.982891094396153,1434.39972904731,111.786812334952,"Rarefaction",0,111.786812334952,111.786812334952
"121","5040085040",0,0.982891094396153,510.7114489463,47.237123164478,"Rarefaction",0,47.237123164478,47.237123164478
"122","2040030100",0,0.982891094396153,1032.66320012069,94.0505644420103,"Rarefaction",0,94.0505644420103,94.0505644420103
"123","2040037990",0,0.982891094396153,794.947926826388,75.7626059319814,"Rarefaction",0,75.7626059319814,75.7626059319814
"124","2040029950",0,0.982891094396153,880.591659453793,85.5976484735344,"Rarefaction",0,85.5976484735344,85.5976484735344
"125","2040041120",0,0.982891094396153,750.555559358974,76.1521151405524,"Rarefaction",0,76.1521151405524,76.1521151405524
"126","2040028670",0,0.982891094396153,1067.02617056834,85.3469113032419,"Rarefaction",0,85.3469113032419,85.3469113032419
"127","2040029940",0,0.982891094396153,953.098545444528,82.1698337451045,"Rarefaction",0,82.1698337451045,82.1698337451045
"128","2040028660",0,0.982891094396153,986.536285173291,73.0405877241101,"Rarefaction",0,73.0405877241101,73.0405877241101
"129","2040028320",0,0.982891094396153,644.33324316548,58.0926050354843,"Rarefaction",0,58.0926050354843,58.0926050354843
"130","2040028310",0,0.982891094396153,1169.90582576899,78.9627295233327,"Rarefaction",0,78.9627295233327,78.9627295233327
"131","2040030060",0,0.982891094396153,807.017468845049,81.2178974127115,"Rarefaction",0,81.2178974127115,81.2178974127115
"132","2040039390",0,0.982891094396153,819.91169345136,76.8039339896905,"Rarefaction",0,76.8039339896905,76.8039339896905
"133","6040262220",0,0.982891094396153,419.303218444129,74.2541629093183,"Extrapolation",0,74.2541629093183,74.2541629093183
"134","6040239720",0,0.982891094396153,1093.63408034073,97.267676391392,"Extrapolation",0,97.267676391392,97.267676391392
"135","6040007010",0,0.982891094396153,836.253411953517,67.0928435784785,"Extrapolation",0,67.0928435784785,67.0928435784785
"136","6040007960",0,0.982891094396153,1094.35122338196,88.6332687714067,"Rarefaction",0,88.6332687714067,88.6332687714067
"137","6040008320",0,0.982891094396153,834.760128925983,90.3140755459796,"Extrapolation",0,90.3140755459796,90.3140755459796
"138","2040016230",0,0.982891094396153,1650.87409380877,123.341320925737,"Rarefaction",0,123.341320925737,123.341320925737
"139","2040018360",0,0.982891094396153,800.217129841604,69.3016938590158,"Rarefaction",0,69.3016938590158,69.3016938590158
"140","2040000010",0,0.982891094396153,1010.78469444375,60.4083252092658,"Rarefaction",0,60.4083252092658,60.4083252092658
"141","2040046500",0,0.982891094396153,734.33252128543,70.9695725849545,"Rarefaction",0,70.9695725849545,70.9695725849545
"142","2040555780",0,0.982891094396153,1089.46177668232,92.1654450625761,"Rarefaction",0,92.1654450625761,92.1654450625761
"143","2040012730",0,0.982891094396153,1330.17672389031,110.957046344166,"Rarefaction",0,110.957046344166,110.957046344166
"144","2040014550",0,0.982891094396153,920.53470270992,82.8200361822242,"Rarefaction",0,82.8200361822242,82.8200361822242
"145","2040085720",0,0.982891094396153,667.992987754734,39.6002127413317,"Rarefaction",0,39.6002127413317,39.6002127413317
"146","2040018850",0,0.982891094396153,683.381029646844,81.9841395643731,"Rarefaction",0,81.9841395643731,81.9841395643731
"147","2040022150",0,0.982891094396153,1584.50657418617,89.0345292339688,"Rarefaction",0,89.0345292339688,89.0345292339688
"148","2040021030",0,0.982891094396153,1280.5330463712,103.687288126415,"Rarefaction",0,103.687288126415,103.687288126415
"149","2040020320",0,0.982891094396153,1418.75779125609,114.182640211608,"Rarefaction",0,114.182640211608,114.182640211608
"150","2040022160",0,0.982891094396153,1452.56176199448,85.0658748716566,"Rarefaction",0,85.0658748716566,85.0658748716566
"151","2040023010",0,0.982891094396153,1458.30918919421,109.136384802546,"Rarefaction",0,109.136384802546,109.136384802546
"152","2040021040",0,0.982891094396153,1022.75254423908,96.9439000612781,"Rarefaction",0,96.9439000612781,96.9439000612781
"153","2040019160",0,0.982891094396153,1273.96342967118,107.88962834688,"Rarefaction",0,107.88962834688,107.88962834688
"154","2040047500",0,0.982891094396153,855.159992959172,80.0066650759122,"Rarefaction",0,80.0066650759122,80.0066650759122
"155","7040072800",0,0.982891094396153,177.422936805919,22.0109077161315,"Rarefaction",0,22.0109077161315,22.0109077161315
"156","6040280400",0,0.982891094396153,1806.96634189347,152.240514240289,"Extrapolation",0,152.240514240289,152.240514240289
"157","6040285930",0,0.982891094396153,600.855416081667,87.656609035851,"Extrapolation",0,87.656609035851,87.656609035851
"158","6040013430",0,0.982891094396153,1003.29855347152,76.6242430721386,"Extrapolation",0,76.6242430721386,76.6242430721386
"159","6040013760",0,0.982891094396153,822.895460388525,58.2829366690548,"Rarefaction",0,58.2829366690548,58.2829366690548
"160","6040016760",0,0.982891094396153,613.343308423015,62.8137956366748,"Extrapolation",0,62.8137956366748,62.8137956366748
"161","6040285990",0,0.982891094396153,1458.63094931,120.079427195865,"Extrapolation",0,120.079427195865,120.079427195865
"162","6040012800",0,0.982891094396153,166.191787318074,24.069059547984,"Extrapolation",0,24.069059547984,24.069059547984
"163","6040752460",0,0.982891094396153,144.620253391621,26.9278120966433,"Extrapolation",0,26.9278120966433,26.9278120966433
"164","6040013420",0,0.982891094396153,338.374438685222,43.6456410351862,"Extrapolation",0,43.6456410351862,43.6456410351862
"165","6040040460",0,0.982891094396153,408.488555138729,38.3369194471812,"Rarefaction",0,38.3369194471812,38.3369194471812
"166","6040262110",0,0.982891094396153,1800.33033218357,157.950574845778,"Extrapolation",0,157.950574845778,157.950574845778
"167","6040345000",0,0.982891094396153,291.557628799995,41.9213504596152,"Extrapolation",0,41.9213504596152,41.9213504596152
"168","6040014330",0,0.982891094396153,938.761633324008,82.7393532203937,"Extrapolation",0,82.7393532203937,82.7393532203937
"169","6040013750",0,0.982891094396153,629.432953733954,55.5013539423963,"Extrapolation",0,55.5013539423963,55.5013539423963
"170","6040527670",0,0.982891094396153,370.71959744865,30.978494237221,"Extrapolation",0,30.978494237221,30.978494237221
"171","6040814830",0,0.982891094396153,756.586506581159,82.8859254155232,"Extrapolation",0,82.8859254155232,82.8859254155232
"172","6040016720",0,0.982891094396153,172.341818903822,18.4136641594229,"Extrapolation",0,18.4136641594229,18.4136641594229
"173","6040084750",0,0.982891094396153,383.355750478456,50.3104604414384,"Extrapolation",0,50.3104604414384,50.3104604414384
"174","7040050930",0,0.982891094396153,552.919550731901,51.9260166001553,"Rarefaction",0,51.9260166001553,51.9260166001553
"175","6040005500",0,0.982891094396153,600.789207638411,90.061125051503,"Extrapolation",0,90.061125051503,90.061125051503
"176","6040000740",0,0.982891094396153,1197.27588211326,76.9349509275326,"Rarefaction",0,76.9349509275326,76.9349509275326
"177","7040049270",0,0.982891094396153,1523.7136190566,103.95054635913,"Rarefaction",0,103.95054635913,103.95054635913
"178","7040585110",0,0.982891094396153,1070.06124222772,92.139194626801,"Rarefaction",0,92.139194626801,92.139194626801
"179","7040048420",0,0.982891094396153,936.956876859377,70.0613955038107,"Rarefaction",0,70.0613955038107,70.0613955038107
"180","6040709820",0,0.982891094396153,223.648314011403,47.9055262397226,"Extrapolation",0,47.9055262397226,47.9055262397226
"181","6040239820",0,0.982891094396153,306.772702391617,43.1757219263691,"Extrapolation",0,43.1757219263691,43.1757219263691
"182","6040006470",0,0.982891094396153,844.694166400946,97.8818817801886,"Extrapolation",0,97.8818817801886,97.8818817801886
"183","5040082270",0,0.982891094396153,497.647321551795,41.4929313959785,"Rarefaction",0,41.4929313959785,41.4929313959785
"184","2040540100",0,0.982891094396153,1177.61476532587,95.4415385056184,"Rarefaction",0,95.4415385056184,95.4415385056184
"185","2040539930",0,0.982891094396153,1322.0438241524,122.343835988036,"Rarefaction",0,122.343835988036,122.343835988036
"186","2040026550",0,0.982891094396153,860.506038982313,91.6716708753679,"Rarefaction",0,91.6716708753679,91.6716708753679
"187","2040009230",0,0.982891094396153,1033.90956935604,90.4762568953837,"Rarefaction",0,90.4762568953837,90.4762568953837
"188","2040045150",0,0.982891094396153,596.471654564639,50.3041087316197,"Rarefaction",0,50.3041087316197,50.3041087316197
"189","2040024170",0,0.982891094396153,1290.15823732073,116.321268245576,"Rarefaction",0,116.321268245576,116.321268245576
"190","2040548500",0,0.982891094396153,1013.18765519527,83.5950329673418,"Rarefaction",0,83.5950329673418,83.5950329673418
"191","2040031070",0,0.982891094396153,971.44417275362,94.7863213692548,"Rarefaction",0,94.7863213692548,94.7863213692548
"192","2040030110",0,0.982891094396153,922.085055241173,92.8946885960867,"Rarefaction",0,92.8946885960867,92.8946885960867
"193","2040026060",0,0.982891094396153,1193.44700376616,109.589135464256,"Rarefaction",0,109.589135464256,109.589135464256
"194","2040543090",0,0.982891094396153,530.392430140985,61.5246287766066,"Extrapolation",0,61.5246287766066,61.5246287766066
"195","2040018840",0,0.982891094396153,1100.96492308504,96.5016271263129,"Extrapolation",0,96.5016271263129,96.5016271263129
"196","2040023020",0,0.982891094396153,1257.97863025763,74.6613877406375,"Rarefaction",0,74.6613877406375,74.6613877406375
"197","2040785900",0,0.982891094396153,767.270716348723,50.9469818562978,"Rarefaction",0,50.9469818562978,50.9469818562978
"198","2040004290",0,0.982891094396153,910.239282477966,62.3251623144765,"Extrapolation",0,62.3251623144765,62.3251623144765
"199","2040005120",0,0.982891094396153,1024.95771570843,66.8291696484478,"Extrapolation",0,66.8291696484478,66.8291696484478
"200","2040543160",0,0.982891094396153,1030.72806244761,83.4359822944137,"Rarefaction",0,83.4359822944137,83.4359822944137
"201","2040039590",0,0.982891094396153,504.00753605473,36.6118370768998,"Extrapolation",0,36.6118370768998,36.6118370768998
"202","2040008500",0,0.982891094396153,529.702571394101,40.3355639531034,"Rarefaction",0,40.3355639531034,40.3355639531034
"203","2040026560",0,0.982891094396153,480.624705309241,55.5670367171388,"Extrapolation",0,55.5670367171388,55.5670367171388
"204","2040019150",0,0.982891094396153,1247.02349618035,57.6163148687544,"Rarefaction",0,57.6163148687544,57.6163148687544
"205","2040018460",0,0.982891094396153,820.45915642587,58.5676483061363,"Extrapolation",0,58.5676483061363,58.5676483061363
"206","2040005690",0,0.982891094396153,417.23091590329,36.3349640618083,"Rarefaction",0,36.3349640618083,36.3349640618083
"207","2040031060",0,0.982891094396153,871.695239293797,78.5998905826038,"Rarefaction",0,78.5998905826038,78.5998905826038
"208","2040003560",0,0.982891094396153,720.656338656387,72.4574099451445,"Rarefaction",0,72.4574099451445,72.4574099451445
"209","2040008490",0,0.982891094396153,823.590243588205,66.4622748939144,"Rarefaction",0,66.4622748939144,66.4622748939144
"210","2040070520",0,0.982891094396153,606.059891755449,61.3099693096679,"Extrapolation",0,61.3099693096679,61.3099693096679
"211","2040033480",0,0.982891094396153,962.293376185645,91.1541753849702,"Rarefaction",0,91.1541753849702,91.1541753849702
"212","7040034530",0,0.982891094396153,1225.874375064,121.872438160174,"Rarefaction",0,121.872438160174,121.872438160174
"213","7040402430",0,0.982891094396153,1468.8536219339,85.152736659397,"Rarefaction",0,85.152736659397,85.152736659397
"214","7040374950",0,0.982891094396153,1464.73805398406,115.191174529031,"Rarefaction",0,115.191174529031,115.191174529031
"215","7040033480",0,0.982891094396153,1309.84978006978,76.7429700400913,"Extrapolation",0,76.7429700400913,76.7429700400913
"216","7040402320",0,0.982891094396153,1085.7726686907,73.4711696431885,"Rarefaction",0,73.4711696431885,73.4711696431885
"217","7040034520",0,0.982891094396153,941.477389983614,90.6964949556104,"Rarefaction",0,90.6964949556104,90.6964949556104
"218","7040374800",0,0.982891094396153,618.066149255075,59.9686739317539,"Rarefaction",0,59.9686739317539,59.9686739317539
"219","7040379430",0,0.982891094396153,1319.03834893411,96.9896716347957,"Rarefaction",0,96.9896716347957,96.9896716347957
"220","7040016260",0,0.982891094396153,1096.88994583599,89.1828865777954,"Rarefaction",0,89.1828865777954,89.1828865777954
"221","7040014940",0,0.982891094396153,1213.11084637562,88.2374718226233,"Rarefaction",0,88.2374718226233,88.2374718226233
"222","7040016270",0,0.982891094396153,548.135019135075,39.0299213250558,"Rarefaction",0,39.0299213250558,39.0299213250558
"223","7040059990",0,0.982891094396153,412.191663950445,48.3950042421114,"Rarefaction",0,48.3950042421114,48.3950042421114
"224","7040024580",0,0.982891094396153,697.574753263831,67.0315504135385,"Extrapolation",0,67.0315504135385,67.0315504135385
"225","7040192560",0,0.982891094396153,1251.37111854149,104.738702783096,"Rarefaction",0,104.738702783096,104.738702783096
"226","7040192420",0,0.982891094396153,1319.82179157201,72.7961644653014,"Extrapolation",0,72.7961644653014,72.7961644653014
"227","7040021740",0,0.982891094396153,417.531193152317,61.6140405127047,"Extrapolation",0,61.6140405127047,61.6140405127047
"228","8040252610",0,0.982891094396153,196.434942442814,40.7741281712186,"Extrapolation",0,40.7741281712186,40.7741281712186
"229","8040252760",0,0.982891094396153,365.389840816033,41.6844240453208,"Extrapolation",0,41.6844240453208,41.6844240453208
"230","7040282770",0,0.982891094396153,502.867183807713,64.1161294312829,"Extrapolation",0,64.1161294312829,64.1161294312829
"231","7040282720",0,0.982891094396153,703.380702145079,101.33484694437,"Extrapolation",0,101.33484694437,101.33484694437
"232","7040194860",0,0.982891094396153,237.595537817932,44.9874740888427,"Extrapolation",0,44.9874740888427,44.9874740888427
"233","8040219290",0,0.982891094396153,144.99506666308,23.8520901895737,"Extrapolation",0,23.8520901895737,23.8520901895737
"234","7040569650",0,0.982891094396153,1417.62581641142,93.3953238825083,"Rarefaction",0,93.3953238825083,93.3953238825083
"235","7040392520",0,0.982891094396153,1513.10456351342,115.480445464031,"Rarefaction",0,115.480445464031,115.480445464031
"236","7040426320",0,0.982891094396153,899.298264386346,63.028301978236,"Rarefaction",0,63.028301978236,63.028301978236
"237","7040569640",0,0.982891094396153,1919.67827569855,134.435405061562,"Rarefaction",0,134.435405061562,134.435405061562
"238","7040194980",0,0.982891094396153,186.305757695651,15.036277771685,"Rarefaction",0,15.036277771685,15.036277771685
"239","7040038340",0,0.982891094396153,1415.90083279335,108.224316312157,"Rarefaction",0,108.224316312157,108.224316312157
"240","7040007380",0,0.982891094396153,372.174334043581,43.9614668317678,"Rarefaction",0,43.9614668317678,43.9614668317678
"241","7040007390",0,0.982891094396153,940.794610974506,49.1475601610457,"Extrapolation",0,49.1475601610457,49.1475601610457
"242","7040049990",0,0.982891094396153,1492.7048870988,81.3066599360045,"Extrapolation",0,81.3066599360045,81.3066599360045
"243","7040006400",0,0.982891094396153,491.437547260598,32.2424137769316,"Rarefaction",0,32.2424137769316,32.2424137769316
"244","7040005420",0,0.982891094396153,326.837323941509,35.7040226153639,"Rarefaction",0,35.7040226153639,35.7040226153639
"245","7040049280",0,0.982891094396153,290.220004514808,34.6413351537039,"Extrapolation",0,34.6413351537039,34.6413351537039
"246","7040612640",0,0.982891094396153,1713.72584351224,117.907931970797,"Rarefaction",0,117.907931970797,117.907931970797
"247","8040176200",0,0.982891094396153,2236.02816310832,135.517026416503,"Extrapolation",0,135.517026416503,135.517026416503
"248","7040013550",0,0.982891094396153,1626.57890085729,82.573525098194,"Rarefaction",0,82.573525098194,82.573525098194
"249","7040039630",0,0.982891094396153,1791.51357457438,100.450359572938,"Extrapolation",0,100.450359572938,100.450359572938
"250","7040392650",0,0.982891094396153,1352.92104255966,113.292078896847,"Rarefaction",0,113.292078896847,113.292078896847
"251","7040686450",0,0.982891094396153,1317.50610433807,50.0948150983879,"Rarefaction",0,50.0948150983879,50.0948150983879
"252","7040741760",0,0.982891094396153,1152.35468223568,84.1788672690693,"Rarefaction",0,84.1788672690693,84.1788672690693
"253","7040612840",0,0.982891094396153,1279.43855855574,107.357825778842,"Extrapolation",0,107.357825778842,107.357825778842
"254","7040686540",0,0.982891094396153,1039.67618570817,95.3287002577835,"Rarefaction",0,95.3287002577835,95.3287002577835
"255","7040707810",0,0.982891094396153,1061.83063130703,76.4762588284622,"Rarefaction",0,76.4762588284622,76.4762588284622
"256","7040014930",0,0.982891094396153,1064.07817884191,78.3441624690748,"Rarefaction",0,78.3441624690748,78.3441624690748
"257","8040000820",0,0.982891094396153,606.359266075617,57.0499844354797,"Extrapolation",0,57.0499844354797,57.0499844354797
"258","7040041050",0,0.982891094396153,1364.23847959937,116.112583476373,"Rarefaction",0,116.112583476373,116.112583476373
"259","8040002270",0,0.982891094396153,1896.57600635987,120.454149461182,"Extrapolation",0,120.454149461182,120.454149461182
"260","8040000810",0,0.982891094396153,179.458018704887,31.6483848993014,"Extrapolation",0,31.6483848993014,31.6483848993014
"261","8040141480",0,0.982891094396153,239.76005377914,31.339024162707,"Extrapolation",0,31.339024162707,31.339024162707
"262","8040007180",0,0.982891094396153,69.7142252665877,12.2298966971662,"Extrapolation",0,12.2298966971662,12.2298966971662
"263","8040008390",0,0.982891094396153,461.954236346333,40.1456117955319,"Extrapolation",0,40.1456117955319,40.1456117955319
"264","7040020100",0,0.982891094396153,910.494503497549,103.096047396542,"Extrapolation",0,103.096047396542,103.096047396542
"265","7040019200",0,0.982891094396153,272.261305068972,43.7238681554093,"Extrapolation",0,43.7238681554093,43.7238681554093
"266","8040183760",0,0.982891094396153,170.214792553588,23.0081653240429,"Extrapolation",0,23.0081653240429,23.0081653240429
"267","8040176060",0,0.982891094396153,84.0259314486347,15.5140545863048,"Extrapolation",0,15.5140545863048,15.5140545863048
"268","7040043170",0,0.982891094396153,1246.78658816564,79.8405214678557,"Rarefaction",0,79.8405214678557,79.8405214678557
"269","7040039880",0,0.982891094396153,1330.67558882906,81.852750169327,"Rarefaction",0,81.852750169327,81.852750169327
"270","7040073720",0,0.982891094396153,1072.84113299646,44.1432181529312,"Rarefaction",0,44.1432181529312,44.1432181529312
"271","7040013180",0,0.982891094396153,463.881714136732,25.1774551188905,"Rarefaction",0,25.1774551188905,25.1774551188905
"272","7040707710",0,0.982891094396153,926.952928813946,57.9479803579183,"Rarefaction",0,57.9479803579183,57.9479803579183
"273","7040073620",0,0.982891094396153,1310.27605565161,103.669979305066,"Rarefaction",0,103.669979305066,103.669979305066
"274","7040041060",0,0.982891094396153,1136.75213735047,58.9050089293366,"Rarefaction",0,58.9050089293366,58.9050089293366
"275","7040014250",0,0.982891094396153,1288.60634245712,65.7048482668044,"Rarefaction",0,65.7048482668044,65.7048482668044
"276","7040394680",0,0.982891094396153,1304.03032702078,87.4625128509153,"Rarefaction",0,87.4625128509153,87.4625128509153
"277","7040046590",0,0.982891094396153,1543.11370588056,121.151216324164,"Rarefaction",0,121.151216324164,121.151216324164
"278","7040395340",0,0.982891094396153,1607.66096419791,90.086171691768,"Rarefaction",0,90.086171691768,90.086171691768
"279","7040013560",0,0.982891094396153,1149.39373904497,47.334446422642,"Rarefaction",0,47.334446422642,47.334446422642
"280","8040002260",0,0.982891094396153,351.510996785423,50.0442815763214,"Extrapolation",0,50.0442815763214,50.0442815763214
"281","8040007190",0,0.982891094396153,403.753845083164,25.8956637161754,"Extrapolation",0,25.8956637161754,25.8956637161754
"282","7040426310",0,0.982891094396153,946.027183560054,65.6447001789535,"Extrapolation",0,65.6447001789535,65.6447001789535
"283","7040048410",0,0.982891094396153,512.333414012731,47.2781848824062,"Rarefaction",0,47.2781848824062,47.2781848824062
"284","7040741770",0,0.982891094396153,1483.06521739153,88.2821313631487,"Extrapolation",0,88.2821313631487,88.2821313631487
"285","7040014200",0,0.982891094396153,1486.29528149789,92.8052231735806,"Rarefaction",0,92.8052231735806,92.8052231735806
"286","7040632220",0,0.982891094396153,492.179584228722,39.5483484100046,"Extrapolation",0,39.5483484100046,39.5483484100046
"287","7040007830",0,0.982891094396153,359.656866540096,39.9875208324619,"Rarefaction",0,39.9875208324619,39.9875208324619
"288","7040008720",0,0.982891094396153,1201.76084937746,62.1952442259661,"Rarefaction",0,62.1952442259661,62.1952442259661
"289","7040048300",0,0.982891094396153,818.659459179582,54.1282041301401,"Rarefaction",0,54.1282041301401,54.1282041301401
"290","7040073690",0,0.982891094396153,950.619920060905,47.7525853798331,"Rarefaction",0,47.7525853798331,47.7525853798331
"291","7040041400",0,0.982891094396153,1319.48671212934,111.772354175095,"Rarefaction",0,111.772354175095,111.772354175095
"292","7040039870",0,0.982891094396153,1380.63484563813,109.933930208112,"Rarefaction",0,109.933930208112,109.933930208112
"293","7040379310",0,0.982891094396153,1385.29894635457,87.6178246094624,"Rarefaction",0,87.6178246094624,87.6178246094624
"294","7040043090",0,0.982891094396153,1303.38370421924,96.390186281344,"Rarefaction",0,96.390186281344,96.390186281344
"295","7040014040",0,0.982891094396153,1423.99121954622,75.1486369334162,"Rarefaction",0,75.1486369334162,75.1486369334162
"296","7040073870",0,0.982891094396153,203.699864372771,37.0360851458531,"Extrapolation",0,37.0360851458531,37.0360851458531
"297","7040047970",0,0.982891094396153,889.707751878418,60.5395427512772,"Rarefaction",0,60.5395427512772,60.5395427512772
"298","7040041410",0,0.982891094396153,1578.75163852966,101.319954536081,"Rarefaction",0,101.319954536081,101.319954536081
"299","7040039620",0,0.982891094396153,1199.49551790971,118.811908988808,"Rarefaction",0,118.811908988808,118.811908988808
"300","7040042040",0,0.982891094396153,1653.24806449204,110.924625719456,"Rarefaction",0,110.924625719456,110.924625719456
"301","7040047980",0,0.982891094396153,485.04168121953,36.063603487882,"Rarefaction",0,36.063603487882,36.063603487882
"302","7040045890",0,0.982891094396153,1471.36253800305,110.554856635267,"Rarefaction",0,110.554856635267,110.554856635267
"303","7040073780",0,0.982891094396153,773.539309403639,60.4870255466064,"Extrapolation",0,60.4870255466064,60.4870255466064
"304","7040047850",0,0.982891094396153,749.363425075877,53.6899804178024,"Rarefaction",0,53.6899804178024,53.6899804178024
"305","7040046750",0,0.982891094396153,1448.99788379533,92.3440657586521,"Extrapolation",0,92.3440657586521,92.3440657586521
"306","7040043160",0,0.982891094396153,1369.84002788267,115.346388864253,"Rarefaction",0,115.346388864253,115.346388864253
"307","7040073630",0,0.982891094396153,1253.25257310759,81.7959103094803,"Rarefaction",0,81.7959103094803,81.7959103094803
"308","7040585120",0,0.982891094396153,1717.8994176756,104.056914445771,"Rarefaction",0,104.056914445771,104.056914445771
"309","7040064730",0,0.982891094396153,352.86382036686,27.9222800875222,"Rarefaction",0,27.9222800875222,27.9222800875222
"310","7040388740",0,0.982891094396153,1243.02315989388,113.871769156596,"Rarefaction",0,113.871769156596,113.871769156596
"311","7040047070",0,0.982891094396153,671.178337461986,68.1317665185914,"Rarefaction",0,68.1317665185914,68.1317665185914
"312","7040394690",0,0.982891094396153,1292.83496130153,63.4814388263909,"Rarefaction",0,63.4814388263909,63.4814388263909
"313","7040046600",0,0.982891094396153,1116.90686979171,83.4273611965735,"Extrapolation",0,83.4273611965735,83.4273611965735
"314","7040608130",0,0.982891094396153,920.31906992017,67.248907299393,"Extrapolation",0,67.248907299393,67.248907299393
"315","7040073830",0,0.982891094396153,1284.29201741709,53.9299314007071,"Rarefaction",0,53.9299314007071,53.9299314007071
"316","7040395190",0,0.982891094396153,1204.41179441362,88.995048734491,"Rarefaction",0,88.995048734491,88.995048734491
"317","7040014210",0,0.982891094396153,981.353653963239,61.0851723603908,"Extrapolation",0,61.0851723603908,61.0851723603908
"318","7040045900",0,0.982891094396153,833.574550545022,67.5952907839963,"Rarefaction",0,67.5952907839963,67.5952907839963
"319","7040073710",0,0.982891094396153,549.520725619179,35.3687950799314,"Rarefaction",0,35.3687950799314,35.3687950799314
"320","7040014050",0,0.982891094396153,835.940472753276,73.3793445189042,"Extrapolation",0,73.3793445189042,73.3793445189042
"321","7040607990",0,0.982891094396153,558.368882343792,83.2347067722391,"Extrapolation",0,83.2347067722391,83.2347067722391
"322","7040388580",0,0.982891094396153,1983.87631570549,123.675249777005,"Extrapolation",0,123.675249777005,123.675249777005
"323","7040047060",0,0.982891094396153,899.267325944814,59.5086558225412,"Extrapolation",0,59.5086558225412,59.5086558225412
"324","7040632150",0,0.982891094396153,46.4778445548465,11.8944848537286,"Extrapolation",0,11.8944848537286,11.8944848537286
"325","7040043100",0,0.982891094396153,307.97507899111,61.252330470082,"Extrapolation",0,61.252330470082,61.252330470082
"326","7040048310",0,0.982891094396153,638.404127933273,43.8174691685124,"Extrapolation",0,43.8174691685124,43.8174691685124
"327","4040773260",0,0.982891094396153,2342.50598169366,131.181521185762,"Extrapolation",0,131.181521185762,131.181521185762
"328","2040031500",0,0.982891094396153,975.704392537173,88.2086411122298,"Rarefaction",0,88.2086411122298,88.2086411122298
"329","2040033320",0,0.982891094396153,966.270513785646,85.0627055014083,"Rarefaction",0,85.0627055014083,85.0627055014083
"330","2040031490",0,0.982891094396153,969.903846227067,94.8044508152555,"Rarefaction",0,94.8044508152555,94.8044508152555
"331","2040033330",0,0.982891094396153,829.396888342988,80.5180189146206,"Rarefaction",0,80.5180189146206,80.5180189146206
"332","2040024230",0,0.982891094396153,891.054257721119,75.1625167462061,"Rarefaction",0,75.1625167462061,75.1625167462061
"333","2040056770",0,0.982891094396153,537.488716131758,45.304090666744,"Rarefaction",0,45.304090666744,45.304090666744
"334","4040783120",0,0.982891094396153,1088.46427336502,82.5132932555696,"Rarefaction",0,82.5132932555696,82.5132932555696
"335","4040023060",0,0.982891094396153,519.555653627212,70.0586828118892,"Extrapolation",0,70.0586828118892,70.0586828118892
"336","4040023810",0,0.982891094396153,203.674646098396,39.5424123620502,"Extrapolation",0,39.5424123620502,39.5424123620502
"337","2040048790",0,0.982891094396153,1139.13507461437,89.3534974692844,"Rarefaction",0,89.3534974692844,89.3534974692844
"338","6040000750",0,0.982891094396153,1137.78289954274,79.9011550099642,"Rarefaction",0,79.9011550099642,79.9011550099642
"339","2040054200",0,0.982891094396153,836.706891602974,60.993232690892,"Rarefaction",0,60.993232690892,60.993232690892
"340","4040039450",0,0.982891094396153,582.232321360224,61.824393749369,"Extrapolation",0,61.824393749369,61.824393749369
"341","7040007840",0,0.982891094396153,272.658243639142,29.8783424354231,"Rarefaction",0,29.8783424354231,29.8783424354231
"342","2040039400",0,0.982891094396153,329.492996370483,43.7845741631682,"Extrapolation",0,43.7845741631682,43.7845741631682
"343","4040005050",0,0.982891094396153,978.782429016438,77.6474374097688,"Rarefaction",0,77.6474374097688,77.6474374097688
"344","4040012290",0,0.982891094396153,765.464350963266,57.6880018813964,"Rarefaction",0,57.6880018813964,57.6880018813964
"345","6040016980",0,0.982891094396153,304.989387727603,23.6917289740562,"Rarefaction",0,23.6917289740562,23.6917289740562
"346","6040102330",0,0.982891094396153,107.443994234788,29.6025427032661,"Extrapolation",0,29.6025427032661,29.6025427032661
"347","2040003550",0,0.982891094396153,1612.78011486809,87.3139696893863,"Extrapolation",0,87.3139696893863,87.3139696893863
"348","6040102250",0,0.982891094396153,1019.42208286688,104.682512849374,"Extrapolation",0,104.682512849374,104.682512849374
"349","7040006390",0,0.982891094396153,447.33508348752,41.5284170445015,"Extrapolation",0,41.5284170445015,41.5284170445015
"350","2040315940",0,0.982891094396153,576.579964494594,64.6439811196609,"Extrapolation",0,64.6439811196609,64.6439811196609
"351","2040026070",0,0.982891094396153,91.1697372822728,16.9531783790826,"Extrapolation",0,16.9531783790826,16.9531783790826
"352","2040007930",0,0.982891094396153,330.12418490978,44.7342037698089,"Rarefaction",0,44.7342037698089,44.7342037698089
"353","2040026920",0,0.982891094396153,790.692007599428,60.4960397963274,"Rarefaction",0,60.4960397963274,60.4960397963274
"354","2040059370",0,0.982891094396153,308.153309997648,29.3952644387346,"Rarefaction",0,29.3952644387346,29.3952644387346
"355","2040027330",0,0.982891094396153,1086.11889991511,95.0172602851611,"Rarefaction",0,95.0172602851611,95.0172602851611
"356","2040027320",0,0.982891094396153,708.535970330284,61.4978649178658,"Extrapolation",0,61.4978649178658,61.4978649178658
"357","2040024180",0,0.982891094396153,432.162114975391,24.858240566831,"Rarefaction",0,24.858240566831,24.858240566831
"358","2040491970",0,0.982891094396153,278.300620475945,30.8658729759659,"Extrapolation",0,30.8658729759659,30.8658729759659
"359","6040034810",0,0.982891094396153,333.412048143829,26.6491865191134,"Rarefaction",0,26.6491865191134,26.6491865191134
"360","5040000010",0,0.982891094396153,537.974975842599,72.1560641048819,"Extrapolation",0,72.1560641048819,72.1560641048819
"361","5040007690",0,0.982891094396153,1024.28574639578,79.1888822391965,"Extrapolation",0,79.1888822391965,79.1888822391965
"362","1040036870",0,0.982891094396153,940.504097831163,56.8426233708816,"Extrapolation",0,56.8426233708816,56.8426233708816
"363","1040035590",0,0.982891094396153,108.736331976108,15.2156437758461,"Extrapolation",0,15.2156437758461,15.2156437758461
"364","1040036860",0,0.982891094396153,142.171109524437,14.64904535824,"Extrapolation",0,14.64904535824,14.64904535824
"365","2040416390",0,0.982891094396153,697.486355678969,50.1828030011136,"Extrapolation",0,50.1828030011136,50.1828030011136
"366","7040050920",0,0.982891094396153,539.317012857524,58.530903102731,"Extrapolation",0,58.530903102731,58.530903102731
"367","2040007940",0,0.982891094396153,456.836670352925,29.5027933965971,"Rarefaction",0,29.5027933965971,29.5027933965971
"368","4040037060",0,0.982891094396153,125.477297812972,21.6488901961693,"Extrapolation",0,21.6488901961693,21.6488901961693
"369","4040003020",0,0.982891094396153,1014.08844407975,86.8167643707354,"Rarefaction",0,86.8167643707354,86.8167643707354
"370","4040005060",0,0.982891094396153,867.592470374115,72.6990463342518,"Rarefaction",0,72.6990463342518,72.6990463342518
"371","4040045780",0,0.982891094396153,960.534584489407,71.8812971373355,"Extrapolation",0,71.8812971373355,71.8812971373355
"372","2040041840",0,0.982891094396153,243.221619523399,38.4030347647482,"Extrapolation",0,38.4030347647482,38.4030347647482
"373","4040298550",0,0.982891094396153,353.852452654711,28.9735636519533,"Extrapolation",0,28.9735636519533,28.9735636519533
"374","2040288980",0,0.982891094396153,398.780012439466,35.5330327648495,"Extrapolation",0,35.5330327648495,35.5330327648495
"375","3040386960",0,0.982891094396153,1156.2066399297,92.4122069745093,"Extrapolation",0,92.4122069745093,92.4122069745093
"376","4040027100",0,0.982891094396153,454.360650156719,41.4103907922735,"Extrapolation",0,41.4103907922735,41.4103907922735
"377","2040309610",0,0.982891094396153,660.413219777976,61.2031744398913,"Extrapolation",0,61.2031744398913,61.2031744398913
"378","7040054660",0,0.982891094396153,485.838285562737,51.0934462469665,"Rarefaction",0,51.0934462469665,51.0934462469665
"379","4040975160",0,0.982891094396153,748.776129465257,60.5250904608999,"Rarefaction",0,60.5250904608999,60.5250904608999
"380","4040017030",0,0.982891094396153,909.748674971459,75.8002448235596,"Rarefaction",0,75.8002448235596,75.8002448235596
"381","2040400100",0,0.982891094396153,186.369264547435,34.0851768281891,"Extrapolation",0,34.0851768281891,34.0851768281891
"382","4040018350",0,0.982891094396153,911.744539395046,72.4772378043804,"Rarefaction",0,72.4772378043804,72.4772378043804
"383","5040022500",0,0.982891094396153,388.660875318313,33.2422052713305,"Extrapolation",0,33.2422052713305,33.2422052713305
"384","2040026930",0,0.982891094396153,730.483294724781,52.1225224750788,"Rarefaction",0,52.1225224750788,52.1225224750788
"385","2040018470",0,0.982891094396153,601.645946923308,47.3269352174605,"Rarefaction",0,47.3269352174605,47.3269352174605
"386","7040000010",0,0.982891094396153,575.924026999562,54.2380314204253,"Rarefaction",0,54.2380314204253,54.2380314204253
"387","4040046370",0,0.982891094396153,707.554577201968,56.6133729725553,"Rarefaction",0,56.6133729725553,56.6133729725553
"388","2040069150",0,0.982891094396153,296.242361703717,47.3115783939684,"Extrapolation",0,47.3115783939684,47.3115783939684
"389","4040012770",0,0.982891094396153,362.634685931573,48.8528958956828,"Extrapolation",0,48.8528958956828,48.8528958956828
"390","4040027950",0,0.982891094396153,316.473947517973,30.6440101141346,"Rarefaction",0,30.6440101141346,30.6440101141346
"391","4040029530",0,0.982891094396153,704.006624048692,61.7480461689563,"Rarefaction",0,61.7480461689563,61.7480461689563
"392","5040014020",0,0.982891094396153,245.251684855011,22.7605991837897,"Rarefaction",0,22.7605991837897,22.7605991837897
"393","4040839030",0,0.982891094396153,226.476295254212,34.6922702937315,"Extrapolation",0,34.6922702937315,34.6922702937315
"394","7040024600",0,0.982891094396153,181.474132409829,19.7792913356298,"Extrapolation",0,19.7792913356298,19.7792913356298
"395","4040048900",0,0.982891094396153,514.75325849939,52.2609187445614,"Rarefaction",0,52.2609187445614,52.2609187445614
"396","4040028760",0,0.982891094396153,617.916772519007,48.6213648232612,"Rarefaction",0,48.6213648232612,48.6213648232612
"397","2040006600",0,0.982891094396153,530.527967436042,35.5422703399994,"Rarefaction",0,35.5422703399994,35.5422703399994
"398","7040013170",0,0.982891094396153,296.01993191195,22.5203562206752,"Rarefaction",0,22.5203562206752,22.5203562206752
"399","7040065760",0,0.982891094396153,646.050945028307,69.2344122774829,"Rarefaction",0,69.2344122774829,69.2344122774829
"400","4040025460",0,0.982891094396153,405.276423811263,37.4473671538056,"Rarefaction",0,37.4473671538056,37.4473671538056
"401","4040960200",0,0.982891094396153,450.766891779712,53.1757908571162,"Extrapolation",0,53.1757908571162,53.1757908571162
"402","7040047860",0,0.982891094396153,249.083577568567,19.5890246477052,"Extrapolation",0,19.5890246477052,19.5890246477052
"403","5040011800",0,0.982891094396153,277.514943007734,23.2065626056458,"Extrapolation",0,23.2065626056458,23.2065626056458
"404","5040031240",0,0.982891094396153,320.339870419563,37.7045013491498,"Extrapolation",0,37.7045013491498,37.7045013491498
"405","4040027940",0,0.982891094396153,369.331518510471,41.1928129856831,"Rarefaction",0,41.1928129856831,41.1928129856831
"406","4041128330",0,0.982891094396153,211.394451918775,53.6509256401401,"Extrapolation",0,53.6509256401401,53.6509256401401
"407","4040960480",0,0.982891094396153,474.018358240819,42.0439712179446,"Rarefaction",0,42.0439712179446,42.0439712179446
"408","4041144860",0,0.982891094396153,302.892309849859,62.539399765557,"Extrapolation",0,62.539399765557,62.539399765557
"409","6040009770",0,0.982891094396153,288.519570697844,40.2182705276823,"Extrapolation",0,40.2182705276823,40.2182705276823
"410","4041144880",0,0.982891094396153,241.943710334731,36.1318843010804,"Extrapolation",0,36.1318843010804,36.1318843010804
"411","2040309560",0,0.982891094396153,73.8846152871839,13.8310530562434,"Rarefaction",0,13.8310530562434,13.8310530562434
"412","5040017830",0,0.982891094396153,350.52296329596,52.1341194903814,"Extrapolation",0,52.1341194903814,52.1341194903814
"413","7040024830",0,0.982891094396153,86.2694077513717,15.4229218660471,"Extrapolation",0,15.4229218660471,15.4229218660471
"414","6040870380",0,0.982891094396153,224.037595939621,30.7081814360495,"Extrapolation",0,30.7081814360495,30.7081814360495
"415","2040048590",0,0.982891094396153,255.923173879302,21.52155882499,"Extrapolation",0,21.52155882499,21.52155882499
"416","7040050000",0,0.982891094396153,710.223904575184,58.8263661385689,"Extrapolation",0,58.8263661385689,58.8263661385689
"417","4040169400",0,0.982891094396153,183.356248547956,22.7879085280931,"Extrapolation",0,22.7879085280931,22.7879085280931
"418","6040709810",0,0.982891094396153,155.018642674898,28.2886537006288,"Extrapolation",0,28.2886537006288,28.2886537006288
"419","4041108580",0,0.982891094396153,586.017056636482,67.5576201654152,"Extrapolation",0,67.5576201654152,67.5576201654152
"420","7040054670",0,0.982891094396153,490.069188699773,44.0146532112891,"Extrapolation",0,44.0146532112891,44.0146532112891
"421","2040075170",0,0.982891094396153,136.396588210057,16.7541043319979,"Rarefaction",0,16.7541043319979,16.7541043319979
"422","2040289120",0,0.982891094396153,181.174607975735,18.2710150358839,"Rarefaction",0,18.2710150358839,18.2710150358839
"423","3040481930",0,0.982891094396153,341.807144774292,46.8548946284183,"Extrapolation",0,46.8548946284183,46.8548946284183
"424","2040292580",0,0.982891094396153,37.3445191781201,10.349548838713,"Extrapolation",0,10.349548838713,10.349548838713
"425","4040000890",0,0.982891094396153,267.01314836621,46.4748220607117,"Extrapolation",0,46.4748220607117,46.4748220607117
"426","2040005130",0,0.982891094396153,1256.35313818392,68.2876262520547,"Extrapolation",0,68.2876262520547,68.2876262520547
"427","4040047500",0,0.982891094396153,294.176215414617,35.3853709195115,"Extrapolation",0,35.3853709195115,35.3853709195115
"428","4040027780",0,0.982891094396153,300.205623040772,36.5271226723745,"Extrapolation",0,36.5271226723745,36.5271226723745
"429","7040005410",0,0.982891094396153,136.425293577941,25.1517561659383,"Extrapolation",0,25.1517561659383,25.1517561659383
"430","2040068720",0,0.982891094396153,251.533766973298,29.5743311936742,"Extrapolation",0,29.5743311936742,29.5743311936742
"431","4041108500",0,0.982891094396153,427.639744802077,42.7753995519967,"Extrapolation",0,42.7753995519967,42.7753995519967
"432","2040070050",0,0.982891094396153,544.637242038195,38.0017025367409,"Rarefaction",0,38.0017025367409,38.0017025367409
"433","6040870370",0,0.982891094396153,847.077981542742,60.9459360213937,"Extrapolation",0,60.9459360213937,60.9459360213937
"434","6040029280",0,0.982891094396153,64.7881260652093,15.2875740283013,"Extrapolation",0,15.2875740283013,15.2875740283013
"435","2040069160",0,0.982891094396153,267.896806653317,24.3167166346656,"Rarefaction",0,24.3167166346656,24.3167166346656
"436","2040085590",0,0.982891094396153,354.851005805711,38.2131442532067,"Extrapolation",0,38.2131442532067,38.2131442532067
"437","6040005190",0,0.982891094396153,251.964810558521,38.3064389339001,"Extrapolation",0,38.3064389339001,38.3064389339001
"438","2040085990",0,0.982891094396153,328.736502202511,28.5990613213028,"Extrapolation",0,28.5990613213028,28.5990613213028
"439","2040018370",0,0.982891094396153,418.82760997425,25.4190596804954,"Rarefaction",0,25.4190596804954,25.4190596804954
"440","2040018240",0,0.982891094396153,367.344699084719,46.5387042501404,"Rarefaction",0,46.5387042501404,46.5387042501404
"441","2040077580",0,0.982891094396153,134.358077911187,18.8448404911305,"Rarefaction",0,18.8448404911305,18.8448404911305
"442","4040013000",0,0.982891094396153,683.607052586778,40.4074233676402,"Extrapolation",0,40.4074233676402,40.4074233676402
"443","1040041020",0,0.982891094396153,333.32210610691,36.754056883063,"Extrapolation",0,36.754056883063,36.754056883063
"444","4040015000",0,0.982891094396153,1090.15804886453,114.272159597796,"Extrapolation",0,114.272159597796,114.272159597796
"445","7040070790",0,0.982891094396153,231.592135367776,22.6051125696136,"Extrapolation",0,22.6051125696136,22.6051125696136
"446","4040234270",0,0.982891094396153,76.3748828052695,14.1947304652292,"Extrapolation",0,14.1947304652292,14.1947304652292
"447","2040816870",0,0.982891094396153,141.380939845384,19.7116103299263,"Rarefaction",0,19.7116103299263,19.7116103299263
"448","6040016970",0,0.982891094396153,135.852845059371,25.8693137651767,"Extrapolation",0,25.8693137651767,25.8693137651767
"449","4040015010",0,0.982891094396153,463.248606366655,70.3529960055019,"Extrapolation",0,70.3529960055019,70.3529960055019
"450","4040050300",0,0.982891094396153,78.0536245350917,11.7409812104637,"Extrapolation",0,11.7409812104637,11.7409812104637
"451","6040005490",0,0.982891094396153,1201.16298609549,54.317676382333,"Rarefaction",0,54.317676382333,54.317676382333
"452","2040292690",0,0.982891094396153,190.858859240514,32.2183718744199,"Extrapolation",0,32.2183718744199,32.2183718744199
"453","4040015090",0,0.982891094396153,223.038485249436,22.1660978012422,"Extrapolation",0,22.1660978012422,22.1660978012422
"454","5040079730",0,0.982891094396153,166.037978496023,26.5216636254115,"Extrapolation",0,26.5216636254115,26.5216636254115
"455","2040068680",0,0.982891094396153,434.229095540744,50.0669929031799,"Extrapolation",0,50.0669929031799,50.0669929031799
"456","6040019090",0,0.982891094396153,205.467034947457,22.7136604506535,"Extrapolation",0,22.7136604506535,22.7136604506535
"457","7040050640",0,0.982891094396153,269.835191415433,42.7847279748073,"Extrapolation",0,42.7847279748073,42.7847279748073
"458","5040017040",0,0.982891094396153,234.638037964007,35.4405433202341,"Extrapolation",0,35.4405433202341,35.4405433202341
"459","2040085960",0,0.982891094396153,858.725053701982,57.0650727589511,"Extrapolation",0,57.0650727589511,57.0650727589511
"460","6040015950",0,0.982891094396153,810.237475478156,55.9643203034364,"Extrapolation",0,55.9643203034364,55.9643203034364
"461","2040085500",0,0.982891094396153,169.857325032041,19.9165886155267,"Extrapolation",0,19.9165886155267,19.9165886155267
"462","6040026140",0,0.982891094396153,294.141024458217,16.2651449633676,"Extrapolation",0,16.2651449633676,16.2651449633676
"463","7040050650",0,0.982891094396153,164.990771096253,33.0960827510234,"Extrapolation",0,33.0960827510234,33.0960827510234
"464","7040074080",0,0.982891094396153,122.224271138851,16.3953178276439,"Extrapolation",0,16.3953178276439,16.3953178276439
"465","2040816320",0,0.982891094396153,567.102558853808,54.3196159793095,"Extrapolation",0,54.3196159793095,54.3196159793095
"466","2040004130",0,0.982891094396153,644.794999782784,53.9010630172528,"Extrapolation",0,53.9010630172528,53.9010630172528
"467","2040067740",0,0.982891094396153,130.073504996781,29.4116227978077,"Extrapolation",0,29.4116227978077,29.4116227978077
"468","7040073660",0,0.982891094396153,111.92411875236,22.0162252162491,"Extrapolation",0,22.0162252162491,22.0162252162491
"469","1040040050",0,0.982891094396153,223.595323177004,18.7665723526624,"Extrapolation",0,18.7665723526624,18.7665723526624
"470","2040085710",0,0.982891094396153,181.942608882528,11.9476269616897,"Extrapolation",0,11.9476269616897,11.9476269616897
"471","1040909890",0,0.982891094396153,1049.78121696327,95.6741900488057,"Extrapolation",0,95.6741900488057,95.6741900488057
"472","4040050240",0,0.982891094396153,165.810718228863,18.2578765249625,"Rarefaction",0,18.2578765249625,18.2578765249625
"473","2040084130",0,0.982891094396153,186.201017747876,13.9089735336803,"Extrapolation",0,13.9089735336803,13.9089735336803
"474","2040085670",0,0.982891094396153,95.7125803109697,13.8515911916394,"Rarefaction",0,13.8515911916394,13.8515911916394
"475","2040071700",0,0.982891094396153,195.684066646731,17.8598580289724,"Rarefaction",0,17.8598580289724,17.8598580289724
"476","2040070060",0,0.982891094396153,258.739731921492,28.3258862389332,"Extrapolation",0,28.3258862389332,28.3258862389332
"477","2040065960",0,0.982891094396153,120.437810147935,18.8677678111587,"Extrapolation",0,18.8677678111587,18.8677678111587
"478","2040077470",0,0.982891094396153,142.283650366687,11.3910834978734,"Rarefaction",0,11.3910834978734,11.3910834978734
"479","2040004280",0,0.982891094396153,667.375149943999,40.4556686237416,"Extrapolation",0,40.4556686237416,40.4556686237416
"480","2040079320",0,0.982891094396153,148.068889194285,14.7469724139152,"Rarefaction",0,14.7469724139152,14.7469724139152
"481","2040085620",0,0.982891094396153,129.980491116414,15.1285594531185,"Extrapolation",0,15.1285594531185,15.1285594531185
"482","4040484760",0,0.982891094396153,265.172670437267,22.2787567037861,"Extrapolation",0,22.2787567037861,22.2787567037861
"483","2040066030",0,0.982891094396153,1206.40661995496,57.4830982455984,"Extrapolation",0,57.4830982455984,57.4830982455984
"484","4040545530",0,0.982891094396153,227.876506941587,17.7622491507321,"Extrapolation",0,17.7622491507321,17.7622491507321
"485","2040070510",0,0.982891094396153,125.633760600351,21.456569751325,"Extrapolation",0,21.456569751325,21.456569751325
"486","2040085690",0,0.982891094396153,390.786501032405,39.3345470644012,"Extrapolation",0,39.3345470644012,39.3345470644012
"487","2040828790",0,0.982891094396153,253.19210910974,26.1961239473144,"Rarefaction",0,26.1961239473144,26.1961239473144
"488","2040072590",0,0.982891094396153,160.130067167271,16.2067649656176,"Extrapolation",0,16.2067649656176,16.2067649656176
"489","2040085730",0,0.982891094396153,138.12909442636,22.2102630049805,"Extrapolation",0,22.2102630049805,22.2102630049805
"490","4040223160",0,0.982891094396153,150.952993186976,15.966795655252,"Extrapolation",0,15.966795655252,15.966795655252
"491","2040072930",0,0.982891094396153,259.615850452854,23.4705108408737,"Extrapolation",0,23.4705108408737,23.4705108408737
"492","2040085930",0,0.982891094396153,215.638299030737,24.2923080883833,"Extrapolation",0,24.2923080883833,24.2923080883833
"493","2040072920",0,0.982891094396153,93.7913410223091,16.4845870067287,"Extrapolation",0,16.4845870067287,16.4845870067287
"494","2040004140",0,0.982891094396153,90.9231522656766,15.1891245283367,"Rarefaction",0,15.1891245283367,15.1891245283367
"495","2040085630",0,0.982891094396153,92.4975757073416,13.1093024974767,"Extrapolation",0,13.1093024974767,13.1093024974767
"496","2040081260",0,0.982891094396153,181.917519525763,13.4507447627137,"Extrapolation",0,13.4507447627137,13.4507447627137
"497","2040065840",0,0.982891094396153,321.671308534733,33.8490736670479,"Extrapolation",0,33.8490736670479,33.8490736670479
"498","2040085700",0,0.982891094396153,64.4927997487727,13.5923223511861,"Extrapolation",0,13.5923223511861,13.5923223511861
"499","6040075410",0,0.982891094396153,156.373956950306,21.4825614138757,"Extrapolation",0,21.4825614138757,21.4825614138757
"500","6040015940",0,0.982891094396153,209.631427167723,30.0682865700514,"Extrapolation",0,30.0682865700514,30.0682865700514
"501","6040527680",0,0.982891094396153,252.336005643242,33.2997724431872,"Extrapolation",0,33.2997724431872,33.2997724431872
