,Assemblage,Order.q,SC,m,qTD,Method
1,1040015030,0,0.979217129,382.2068455,34.89102593,Rarefaction
2,1040015030,1,0.979217129,382.2068455,15.3549142,Rarefaction
3,1041473880,0,0.979217129,338.6488459,40.57082625,Rarefaction
4,1041473880,1,0.979217129,338.6488459,28.79429884,Rarefaction
5,1041576090,0,0.979217129,324.7150983,41.62405912,Rarefaction
6,1041576090,1,0.979217129,324.7150983,25.25402761,Rarefaction
7,1040009450,0,0.979217129,475.7920238,63.11466828,Extrapolation
8,1040009450,1,0.979217129,475.7920238,37.94969751,Extrapolation
9,1041515680,0,0.979217129,338.737178,37.76699536,Rarefaction
10,1041515680,1,0.979217129,338.737178,25.51395931,Rarefaction
11,1041438780,0,0.979217129,272.0049529,36.44909835,Extrapolation
12,1041438780,1,0.979217129,272.0049529,19.74574497,Extrapolation
13,1040012690,0,0.979217129,195.4064861,25.2935038,Rarefaction
14,1040012690,1,0.979217129,195.4064861,13.97433349,Rarefaction
15,1040012820,0,0.979217129,320.8809214,41.89168125,Rarefaction
16,1040012820,1,0.979217129,320.8809214,27.37572283,Rarefaction
17,1040012680,0,0.979217129,341.4183939,41.12292186,Rarefaction
18,1040012680,1,0.979217129,341.4183939,24.44349541,Rarefaction
19,1041548760,0,0.979217129,250.7545746,33.44856877,Rarefaction
20,1041548760,1,0.979217129,250.7545746,22.44098793,Rarefaction
21,1040014930,0,0.979217129,314.8991614,32.17470195,Rarefaction
22,1040014930,1,0.979217129,314.8991614,19.56595476,Rarefaction
23,1040012810,0,0.979217129,298.8664401,41.13410901,Rarefaction
24,1040012810,1,0.979217129,298.8664401,26.96394978,Rarefaction
25,1041576130,0,0.979217129,388.6056791,41.32531492,Rarefaction
26,1041576130,1,0.979217129,388.6056791,23.28520683,Rarefaction
27,1041629370,0,0.979217129,278.718922,29.60217617,Rarefaction
28,1041629370,1,0.979217129,278.718922,18.21768023,Rarefaction
29,1040014500,0,0.979217129,189.4809265,22.33636533,Rarefaction
30,1040014500,1,0.979217129,189.4809265,15.33576266,Rarefaction
31,1041629430,0,0.979217129,177.3581632,21.41500591,Rarefaction
32,1041629430,1,0.979217129,177.3581632,14.53800155,Rarefaction
33,1041533130,0,0.979217129,205.4559184,23.67083964,Extrapolation
34,1041533130,1,0.979217129,205.4559184,16.33869893,Extrapolation
35,1040040320,0,0.979217129,667.6641366,62.10472696,Extrapolation
36,1040040320,1,0.979217129,667.6641366,20.12351528,Extrapolation
37,1040015860,0,0.979217129,204.3045934,23.18540384,Rarefaction
38,1040015860,1,0.979217129,204.3045934,14.40765868,Rarefaction
39,1041620260,0,0.979217129,178.2327681,18.85896061,Extrapolation
40,1041620260,1,0.979217129,178.2327681,12.60222103,Extrapolation
41,1040014920,0,0.979217129,169.1214829,21.4402988,Extrapolation
42,1040014920,1,0.979217129,169.1214829,14.83102317,Extrapolation
43,1040018120,0,0.979217129,167.6523015,26.46073698,Rarefaction
44,1040018120,1,0.979217129,167.6523015,19.80785037,Rarefaction
45,1041438860,0,0.979217129,277.439626,34.16941897,Rarefaction
46,1041438860,1,0.979217129,277.439626,23.66891572,Rarefaction
47,1041620200,0,0.979217129,86.80436607,13.65245895,Rarefaction
48,1041620200,1,0.979217129,86.80436607,11.05296688,Rarefaction
49,1041472390,0,0.979217129,147.9335674,28.36686866,Extrapolation
50,1041472390,1,0.979217129,147.9335674,19.65681459,Extrapolation
51,1041473950,0,0.979217129,266.5066,34.68511466,Rarefaction
52,1041473950,1,0.979217129,266.5066,26.17137616,Rarefaction
53,1041174950,0,0.979217129,363.3089023,48.86853124,Extrapolation
54,1041174950,1,0.979217129,363.3089023,28.61933275,Extrapolation
55,1040837890,0,0.979217129,733.0065144,62.57314008,Rarefaction
56,1040837890,1,0.979217129,733.0065144,21.89160108,Rarefaction
57,1040040200,0,0.979217129,115.7186573,16.88085646,Extrapolation
58,1040040200,1,0.979217129,115.7186573,12.52805859,Extrapolation
59,1040011670,0,0.979217129,305.317687,41.76311806,Extrapolation
60,1040011670,1,0.979217129,305.317687,26.31385165,Extrapolation
61,1040601200,0,0.979217129,550.4848864,37.54793205,Extrapolation
62,1040601200,1,0.979217129,550.4848864,17.12428065,Extrapolation
63,1040020570,0,0.979217129,437.8206394,48.50729331,Rarefaction
64,1040020570,1,0.979217129,437.8206394,31.16693181,Rarefaction
65,1041259940,0,0.979217129,559.5553538,52.67418392,Rarefaction
66,1041259940,1,0.979217129,559.5553538,25.39526329,Rarefaction
67,1041431480,0,0.979217129,213.040345,32.17860662,Extrapolation
68,1041431480,1,0.979217129,213.040345,19.27639324,Extrapolation
69,1041156960,0,0.979217129,614.2333769,68.23599069,Extrapolation
70,1041156960,1,0.979217129,614.2333769,41.05024316,Extrapolation
71,1040024080,0,0.979217129,463.7867792,55.32596055,Rarefaction
72,1040024080,1,0.979217129,463.7867792,34.48580415,Rarefaction
73,1041515780,0,0.979217129,507.0965617,33.03395369,Extrapolation
74,1041515780,1,0.979217129,507.0965617,19.72021878,Extrapolation
75,1041472430,0,0.979217129,445.2584509,42.29552762,Extrapolation
76,1041472430,1,0.979217129,445.2584509,23.89858194,Extrapolation
77,1041624310,0,0.979217129,103.3077336,14.88861097,Rarefaction
78,1041624310,1,0.979217129,103.3077336,10.93279088,Rarefaction
79,1040040240,0,0.979217129,165.107688,21.52769012,Rarefaction
80,1040040240,1,0.979217129,165.107688,15.41846954,Rarefaction
81,1040029810,0,0.979217129,890.0905455,76.01103123,Extrapolation
82,1040029810,1,0.979217129,890.0905455,34.4703333,Extrapolation
83,1040028970,0,0.979217129,448.5180808,42.77987484,Rarefaction
84,1040028970,1,0.979217129,448.5180808,24.87130605,Rarefaction
85,1040028960,0,0.979217129,134.5180963,19.60845766,Extrapolation
86,1040028960,1,0.979217129,134.5180963,11.08766123,Extrapolation
87,1040029710,0,0.979217129,66.20217601,14.58370508,Extrapolation
88,1040029710,1,0.979217129,66.20217601,12.06572907,Extrapolation
89,1040040520,0,0.979217129,704.1204624,53.05883881,Extrapolation
90,1040040520,1,0.979217129,704.1204624,17.56595079,Extrapolation
91,1040029700,0,0.979217129,180.677478,31.28346926,Extrapolation
92,1040029700,1,0.979217129,180.677478,23.20275175,Extrapolation
93,1040034610,0,0.979217129,57.83423314,7.102751358,Rarefaction
94,1040034610,1,0.979217129,57.83423314,5.615658996,Rarefaction
95,1040040340,0,0.979217129,48.50183784,9.949402841,Rarefaction
96,1040040340,1,0.979217129,48.50183784,8.292020881,Rarefaction
97,1040029430,0,0.979217129,264.2458127,37.56504869,Extrapolation
98,1040029430,1,0.979217129,264.2458127,23.51396833,Extrapolation
99,1041477980,0,0.979217129,183.2408912,30.70064179,Rarefaction
100,1041477980,1,0.979217129,183.2408912,23.89817998,Rarefaction
101,1040034260,0,0.979217129,80.20023902,11.22351396,Rarefaction
102,1040034260,1,0.979217129,80.20023902,8.443366355,Rarefaction
103,1040020580,0,0.979217129,188.5873194,37.29846069,Extrapolation
104,1040020580,1,0.979217129,188.5873194,30.49352711,Extrapolation
105,1040019430,0,0.979217129,253.6018566,29.89370023,Extrapolation
106,1040019430,1,0.979217129,253.6018566,21.16728893,Extrapolation
107,1041431680,0,0.979217129,193.9501751,29.01029872,Rarefaction
108,1041431680,1,0.979217129,193.9501751,21.39121029,Rarefaction
109,1040023310,0,0.979217129,207.9973076,42.54226794,Extrapolation
110,1040023310,1,0.979217129,207.9973076,27.80197504,Extrapolation
111,1040008480,0,0.979217129,292.4916205,32.70766325,Rarefaction
112,1040008480,1,0.979217129,292.4916205,19.39885286,Rarefaction
113,1040034270,0,0.979217129,143.6579231,12.29414691,Extrapolation
114,1040034270,1,0.979217129,143.6579231,7.298911954,Extrapolation
115,1040011660,0,0.979217129,204.6689994,18.1562318,Extrapolation
116,1040011660,1,0.979217129,204.6689994,10.42423552,Extrapolation
117,1040022430,0,0.979217129,616.0094518,73.76807253,Rarefaction
118,1040022430,1,0.979217129,616.0094518,49.4146207,Rarefaction
119,1040873640,0,0.979217129,336.9126054,36.90695613,Extrapolation
120,1040873640,1,0.979217129,336.9126054,22.57440702,Extrapolation
121,1041478080,0,0.979217129,151.1594019,20.92288984,Rarefaction
122,1041478080,1,0.979217129,151.1594019,13.37179701,Rarefaction
123,1041259950,0,0.979217129,156.0625911,24.98855566,Extrapolation
124,1041259950,1,0.979217129,156.0625911,20.18457932,Extrapolation
125,1040034900,0,0.979217129,60.101172,11.59222747,Rarefaction
126,1040034900,1,0.979217129,60.101172,9.520629952,Rarefaction
127,1040026800,0,0.979217129,154.0712762,22.02954186,Extrapolation
128,1040026800,1,0.979217129,154.0712762,15.10028283,Extrapolation
129,1040601190,0,0.979217129,440.022612,32.25658418,Extrapolation
130,1040601190,1,0.979217129,440.022612,14.35943011,Extrapolation
131,3040679760,0,0.979217129,664.1450167,76.20060994,Extrapolation
132,3040679760,1,0.979217129,664.1450167,43.66895575,Extrapolation
133,3040679750,0,0.979217129,341.102404,54.00493154,Extrapolation
134,3040679750,1,0.979217129,341.102404,35.5955244,Extrapolation
135,3040483880,0,0.979217129,254.6615731,59.60323903,Extrapolation
136,3040483880,1,0.979217129,254.6615731,54.13485105,Extrapolation
137,4040095270,0,0.979217129,370.5929581,58.51252951,Extrapolation
138,4040095270,1,0.979217129,370.5929581,43.20551157,Extrapolation
139,3040024310,0,0.979217129,604.2460551,51.07285914,Rarefaction
140,3040024310,1,0.979217129,604.2460551,28.50093963,Rarefaction
141,3040496490,0,0.979217129,339.2190202,38.38961868,Rarefaction
142,3040496490,1,0.979217129,339.2190202,23.25016884,Rarefaction
143,5040524870,0,0.979217129,435.7475663,35.87141759,Rarefaction
144,5040524870,1,0.979217129,435.7475663,19.19788378,Rarefaction
145,5040067860,0,0.979217129,564.0525724,62.04538874,Rarefaction
146,5040067860,1,0.979217129,564.0525724,35.08988504,Rarefaction
147,5040069970,0,0.979217129,484.876644,52.16293654,Rarefaction
148,5040069970,1,0.979217129,484.876644,26.80445638,Rarefaction
149,5040511570,0,0.979217129,434.4993616,36.15550541,Extrapolation
150,5040511570,1,0.979217129,434.4993616,21.57941208,Extrapolation
151,5040061660,0,0.979217129,65.16746559,14.55996133,Extrapolation
152,5040061660,1,0.979217129,65.16746559,11.84484882,Extrapolation
153,5040070700,0,0.979217129,454.7049376,46.37268887,Rarefaction
154,5040070700,1,0.979217129,454.7049376,25.72208073,Rarefaction
155,5040049720,0,0.979217129,565.5198917,67.32448356,Rarefaction
156,5040049720,1,0.979217129,565.5198917,40.34686668,Rarefaction
157,5040069590,0,0.979217129,471.8629397,50.97668596,Rarefaction
158,5040069590,1,0.979217129,471.8629397,27.80549835,Rarefaction
159,5040061670,0,0.979217129,318.1711584,38.20269586,Rarefaction
160,5040061670,1,0.979217129,318.1711584,23.90103225,Rarefaction
161,5040069960,0,0.979217129,381.2240798,47.00656179,Extrapolation
162,5040069960,1,0.979217129,381.2240798,26.01527477,Extrapolation
163,5040068450,0,0.979217129,456.1716395,60.18395148,Extrapolation
164,5040068450,1,0.979217129,456.1716395,32.30678507,Extrapolation
165,5040491510,0,0.979217129,323.0189596,28.15352088,Extrapolation
166,5040491510,1,0.979217129,323.0189596,14.5396828,Extrapolation
167,5040059450,0,0.979217129,316.6673482,39.59988632,Rarefaction
168,5040059450,1,0.979217129,316.6673482,24.67575107,Rarefaction
169,5040068460,0,0.979217129,428.6371023,49.8699598,Rarefaction
170,5040068460,1,0.979217129,428.6371023,29.27966934,Rarefaction
171,5040064140,0,0.979217129,192.1783368,30.92809319,Rarefaction
172,5040064140,1,0.979217129,192.1783368,22.4286547,Rarefaction
173,5040070710,0,0.979217129,1187.528486,123.6197259,Rarefaction
174,5040070710,1,0.979217129,1187.528486,64.56827347,Rarefaction
175,5040591050,0,0.979217129,997.3072094,99.52864514,Rarefaction
176,5040591050,1,0.979217129,997.3072094,55.88182316,Rarefaction
177,5040491370,0,0.979217129,91.4745902,9.197720245,Rarefaction
178,5040491370,1,0.979217129,91.4745902,5.760435696,Rarefaction
179,5040069600,0,0.979217129,243.6981385,32.15268742,Extrapolation
180,5040069600,1,0.979217129,243.6981385,19.65277181,Extrapolation
181,5040055960,0,0.979217129,167.0558958,22.43032761,Rarefaction
182,5040055960,1,0.979217129,167.0558958,16.95026344,Rarefaction
183,5040056460,0,0.979217129,175.2490519,22.68203681,Rarefaction
184,5040056460,1,0.979217129,175.2490519,14.80765403,Rarefaction
185,5040064130,0,0.979217129,90.82255358,22.10202125,Extrapolation
186,5040064130,1,0.979217129,90.82255358,17.01624626,Extrapolation
187,5040087630,0,0.979217129,64.53405328,9.460020066,Extrapolation
188,5040087630,1,0.979217129,64.53405328,7.612633341,Extrapolation
189,5040077640,0,0.979217129,158.53182,14.25076109,Rarefaction
190,5040077640,1,0.979217129,158.53182,7.816665814,Rarefaction
191,5040065600,0,0.979217129,180.4586819,25.55720306,Extrapolation
192,5040065600,1,0.979217129,180.4586819,16.31311285,Extrapolation
193,5040057330,0,0.979217129,389.2729239,28.64976344,Extrapolation
194,5040057330,1,0.979217129,389.2729239,13.40078891,Extrapolation
195,5040533380,0,0.979217129,126.7096984,19.93143748,Extrapolation
196,5040533380,1,0.979217129,126.7096984,13.02945816,Extrapolation
197,5040591010,0,0.979217129,90.38744348,9.074059431,Extrapolation
198,5040591010,1,0.979217129,90.38744348,6.818040576,Extrapolation
199,5040073410,0,0.979217129,97.52325658,10.92939905,Rarefaction
200,5040073410,1,0.979217129,97.52325658,7.808200694,Rarefaction
201,5040057720,0,0.979217129,233.0640747,28.29437443,Rarefaction
202,5040057720,1,0.979217129,233.0640747,19.88558585,Rarefaction
203,5040056470,0,0.979217129,150.8800191,17.54471786,Rarefaction
204,5040056470,1,0.979217129,150.8800191,11.30548325,Rarefaction
205,5040076890,0,0.979217129,129.3564258,20.03763456,Extrapolation
206,5040076890,1,0.979217129,129.3564258,15.51824494,Extrapolation
207,5040059440,0,0.979217129,204.4264093,25.24274039,Extrapolation
208,5040059440,1,0.979217129,204.4264093,15.43663143,Extrapolation
209,5040057320,0,0.979217129,108.0243989,20.5683123,Extrapolation
210,5040057320,1,0.979217129,108.0243989,17.22797817,Extrapolation
211,5040073420,0,0.979217129,302.1908361,30.51543801,Rarefaction
212,5040073420,1,0.979217129,302.1908361,15.57712393,Rarefaction
213,5040056740,0,0.979217129,163.9131108,26.67502549,Extrapolation
214,5040056740,1,0.979217129,163.9131108,18.91569529,Extrapolation
215,5040076530,0,0.979217129,175.2080992,14.71250865,Extrapolation
216,5040076530,1,0.979217129,175.2080992,7.594534118,Extrapolation
217,5040041880,0,0.979217129,218.6411546,33.28905653,Extrapolation
218,5040041880,1,0.979217129,218.6411546,23.32854138,Extrapolation
219,5040533450,0,0.979217129,79.32181207,9.98065188,Extrapolation
220,5040533450,1,0.979217129,79.32181207,7.561172739,Extrapolation
221,5040056750,0,0.979217129,106.2643316,18.60095523,Rarefaction
222,5040056750,1,0.979217129,106.2643316,15.08023214,Rarefaction
223,6040025420,0,0.979217129,411.7825317,48.26138646,Extrapolation
224,6040025420,1,0.979217129,411.7825317,30.79572059,Extrapolation
225,6040025130,0,0.979217129,335.6011794,41.38942759,Rarefaction
226,6040025130,1,0.979217129,335.6011794,29.82220462,Rarefaction
227,6040025140,0,0.979217129,349.1966552,42.88292559,Extrapolation
228,6040025140,1,0.979217129,349.1966552,28.84599831,Extrapolation
229,4041043580,0,0.979217129,1188.671843,107.1064853,Rarefaction
230,4041043580,1,0.979217129,1188.671843,59.84648932,Rarefaction
231,4040012990,0,0.979217129,1778.418388,118.8639045,Extrapolation
232,4040012990,1,0.979217129,1778.418388,39.32487452,Extrapolation
233,4040009890,0,0.979217129,731.5960464,80.28447071,Extrapolation
234,4040009890,1,0.979217129,731.5960464,47.44418743,Extrapolation
235,4040627620,0,0.979217129,273.1628457,33.26594967,Extrapolation
236,4040627620,1,0.979217129,273.1628457,22.86743241,Extrapolation
237,4040748300,0,0.979217129,698.0635172,78.96739914,Rarefaction
238,4040748300,1,0.979217129,698.0635172,50.46034875,Rarefaction
239,6040280410,0,0.979217129,1582.308747,168.2153232,Extrapolation
240,6040280410,1,0.979217129,1582.308747,92.78920295,Extrapolation
241,6040032290,0,0.979217129,1164.205903,120.3630208,Extrapolation
242,6040032290,1,0.979217129,1164.205903,67.99857632,Extrapolation
243,4040007410,0,0.979217129,636.1197061,74.31383788,Extrapolation
244,4040007410,1,0.979217129,636.1197061,47.17728812,Extrapolation
245,6040814820,0,0.979217129,1192.037645,111.398452,Rarefaction
246,6040814820,1,0.979217129,1192.037645,54.29158989,Rarefaction
247,5040085040,0,0.979217129,430.3560723,45.75228371,Rarefaction
248,5040085040,1,0.979217129,430.3560723,29.27558636,Rarefaction
249,2040030100,0,0.979217129,856.6196759,94.18339479,Rarefaction
250,2040030100,1,0.979217129,856.6196759,56.61257882,Rarefaction
251,2040037990,0,0.979217129,667.020394,75.50973883,Rarefaction
252,2040037990,1,0.979217129,667.020394,45.14739611,Rarefaction
253,2040029950,0,0.979217129,741.4447432,84.76142105,Rarefaction
254,2040029950,1,0.979217129,741.4447432,50.48244484,Rarefaction
255,2040041120,0,0.979217129,615.2664108,76.97574487,Rarefaction
256,2040041120,1,0.979217129,615.2664108,49.11815554,Rarefaction
257,2040028670,0,0.979217129,877.0315902,86.02029566,Rarefaction
258,2040028670,1,0.979217129,877.0315902,40.83512194,Rarefaction
259,2040029940,0,0.979217129,766.4598827,84.11192829,Rarefaction
260,2040029940,1,0.979217129,766.4598827,49.42547287,Rarefaction
261,2040028660,0,0.979217129,833.1211003,72.68839408,Rarefaction
262,2040028660,1,0.979217129,833.1211003,29.05354989,Rarefaction
263,2040028320,0,0.979217129,529.6301832,59.03565769,Rarefaction
264,2040028320,1,0.979217129,529.6301832,33.38241958,Rarefaction
265,2040028310,0,0.979217129,997.1683565,78.97583454,Rarefaction
266,2040028310,1,0.979217129,997.1683565,30.51478797,Rarefaction
267,2040030060,0,0.979217129,670.3613754,81.03183676,Rarefaction
268,2040030060,1,0.979217129,670.3613754,43.61058663,Rarefaction
269,2040039390,0,0.979217129,673.1786183,77.39342599,Rarefaction
270,2040039390,1,0.979217129,673.1786183,45.59217033,Rarefaction
271,6040262220,0,0.979217129,365.4393685,74.57682068,Extrapolation
272,6040262220,1,0.979217129,365.4393685,61.34245398,Extrapolation
273,6040239720,0,0.979217129,1016.260611,98.19653352,Extrapolation
274,6040239720,1,0.979217129,1016.260611,61.42385257,Extrapolation
275,6040007010,0,0.979217129,719.2395498,65.70337925,Extrapolation
276,6040007010,1,0.979217129,719.2395498,39.27346898,Extrapolation
277,6040007960,0,0.979217129,903.8173062,88.44458831,Rarefaction
278,6040007960,1,0.979217129,903.8173062,48.17136102,Rarefaction
279,6040008320,0,0.979217129,684.7821081,89.76486857,Extrapolation
280,6040008320,1,0.979217129,684.7821081,62.32251282,Extrapolation
281,2040016230,0,0.979217129,1388.130142,121.1190658,Rarefaction
282,2040016230,1,0.979217129,1388.130142,55.12981029,Rarefaction
283,2040018360,0,0.979217129,681.7848246,68.61100825,Rarefaction
284,2040018360,1,0.979217129,681.7848246,33.36406662,Rarefaction
285,2040000010,0,0.979217129,862.6286065,59.74069386,Rarefaction
286,2040000010,1,0.979217129,862.6286065,25.41202361,Rarefaction
287,2040046500,0,0.979217129,644.0056834,70.68925456,Rarefaction
288,2040046500,1,0.979217129,644.0056834,41.53491754,Rarefaction
289,6040026990,0,0.979217129,188.3494412,19.47791964,Extrapolation
290,6040026990,1,0.979217129,188.3494412,7.612421204,Extrapolation
291,2040555780,0,0.979217129,915.5576171,91.50162823,Rarefaction
292,2040555780,1,0.979217129,915.5576171,42.4333934,Rarefaction
293,2040012730,0,0.979217129,1109.743518,110.5072403,Rarefaction
294,2040012730,1,0.979217129,1109.743518,61.22012112,Rarefaction
295,2040014550,0,0.979217129,788.2545965,82.05995767,Rarefaction
296,2040014550,1,0.979217129,788.2545965,42.06988689,Rarefaction
297,2040085720,0,0.979217129,553.1178833,38.58061229,Rarefaction
298,2040085720,1,0.979217129,553.1178833,16.87023618,Rarefaction
299,2040018850,0,0.979217129,578.1585363,81.58734189,Rarefaction
300,2040018850,1,0.979217129,578.1585363,56.45719273,Rarefaction
301,2040022150,0,0.979217129,1321.122832,85.77103439,Rarefaction
302,2040022150,1,0.979217129,1321.122832,28.71679619,Rarefaction
303,2040021030,0,0.979217129,1062.340647,101.2914596,Rarefaction
304,2040021030,1,0.979217129,1062.340647,48.43344973,Rarefaction
305,2040020320,0,0.979217129,1177.825578,111.7602611,Rarefaction
306,2040020320,1,0.979217129,1177.825578,58.96036017,Rarefaction
307,2040022160,0,0.979217129,1205.774846,82.92573758,Rarefaction
308,2040022160,1,0.979217129,1205.774846,31.86039137,Rarefaction
309,2040023010,0,0.979217129,1228.035267,108.0569666,Rarefaction
310,2040023010,1,0.979217129,1228.035267,44.0898996,Rarefaction
311,2040021040,0,0.979217129,859.7738438,94.8146874,Rarefaction
312,2040021040,1,0.979217129,859.7738438,57.2778935,Rarefaction
313,2040019160,0,0.979217129,1067.483476,108.4814731,Rarefaction
314,2040019160,1,0.979217129,1067.483476,60.08800513,Rarefaction
315,2040047500,0,0.979217129,727.9994335,79.08656028,Rarefaction
316,2040047500,1,0.979217129,727.9994335,46.95774633,Rarefaction
317,7040072800,0,0.979217129,151.9385784,21.67272481,Rarefaction
318,7040072800,1,0.979217129,151.9385784,16.44202928,Rarefaction
319,6040280400,0,0.979217129,1491.968789,150.8542315,Rarefaction
320,6040280400,1,0.979217129,1491.968789,86.44237117,Rarefaction
321,6040285930,0,0.979217129,546.5327811,87.04477797,Extrapolation
322,6040285930,1,0.979217129,546.5327811,65.76942546,Extrapolation
323,6040013430,0,0.979217129,657.2184117,68.21057209,Extrapolation
324,6040013430,1,0.979217129,657.2184117,36.28755001,Extrapolation
325,6040013760,0,0.979217129,687.8655132,58.48747317,Rarefaction
326,6040013760,1,0.979217129,687.8655132,28.59721178,Rarefaction
327,6040016760,0,0.979217129,486.8812125,61.63136605,Extrapolation
328,6040016760,1,0.979217129,486.8812125,35.98993477,Extrapolation
329,6040285990,0,0.979217129,1202.464589,119.9473496,Rarefaction
330,6040285990,1,0.979217129,1202.464589,58.06188367,Rarefaction
331,6040012800,0,0.979217129,109.0133702,22.35509269,Extrapolation
332,6040012800,1,0.979217129,109.0133702,17.09238759,Extrapolation
333,6040752460,0,0.979217129,131.2782625,26.81750653,Extrapolation
334,6040752460,1,0.979217129,131.2782625,19.69090953,Extrapolation
335,6040013420,0,0.979217129,352.6823747,53.64762124,Extrapolation
336,6040013420,1,0.979217129,352.6823747,32.12857043,Extrapolation
337,6040040460,0,0.979217129,364.6027786,37.7145441,Rarefaction
338,6040040460,1,0.979217129,364.6027786,22.29262411,Rarefaction
339,6040262110,0,0.979217129,1292.886677,144.3518057,Extrapolation
340,6040262110,1,0.979217129,1292.886677,89.85107885,Extrapolation
341,6040345000,0,0.979217129,182.2383452,38.39712376,Extrapolation
342,6040345000,1,0.979217129,182.2383452,27.5353148,Extrapolation
343,6040014330,0,0.979217129,878.9175672,83.34097706,Extrapolation
344,6040014330,1,0.979217129,878.9175672,48.42668791,Extrapolation
345,6040013750,0,0.979217129,421.028255,50.8511045,Extrapolation
346,6040013750,1,0.979217129,421.028255,24.25513002,Extrapolation
347,6040527670,0,0.979217129,305.4080844,29.95222045,Extrapolation
348,6040527670,1,0.979217129,305.4080844,19.32733988,Extrapolation
349,6040814830,0,0.979217129,866.5575119,108.4448096,Extrapolation
350,6040814830,1,0.979217129,866.5575119,55.85510684,Extrapolation
351,6040016720,0,0.979217129,142.0624544,18.35754875,Extrapolation
352,6040016720,1,0.979217129,142.0624544,14.5992406,Extrapolation
353,6040084750,0,0.979217129,381.2593705,55.48482282,Extrapolation
354,6040084750,1,0.979217129,381.2593705,34.50107665,Extrapolation
355,6040005500,0,0.979217129,523.6688591,90.16511419,Extrapolation
356,6040005500,1,0.979217129,523.6688591,56.23140715,Extrapolation
357,6040000740,0,0.979217129,972.6465618,73.1125096,Rarefaction
358,6040000740,1,0.979217129,972.6465618,33.03152238,Rarefaction
359,7040049270,0,0.979217129,1305.699853,103.5859,Rarefaction
360,7040049270,1,0.979217129,1305.699853,44.3574372,Rarefaction
361,7040585110,0,0.979217129,847.597298,93.74225698,Extrapolation
362,7040585110,1,0.979217129,847.597298,57.45160798,Extrapolation
363,7040048420,0,0.979217129,775.8223577,69.34183471,Rarefaction
364,7040048420,1,0.979217129,775.8223577,37.03275228,Rarefaction
365,6040752470,0,0.979217129,377.5247258,50.38186361,Rarefaction
366,6040752470,1,0.979217129,377.5247258,35.54009697,Rarefaction
367,6040709820,0,0.979217129,262.6989933,61.76398689,Extrapolation
368,6040709820,1,0.979217129,262.6989933,55.3454204,Extrapolation
369,6040239820,0,0.979217129,256.8337901,43.08757218,Extrapolation
370,6040239820,1,0.979217129,256.8337901,29.09406514,Extrapolation
371,5040082270,0,0.979217129,422.2049037,40.53010001,Rarefaction
372,5040082270,1,0.979217129,422.2049037,23.03521886,Rarefaction
373,2040540100,0,0.979217129,965.5365571,96.48341514,Rarefaction
374,2040540100,1,0.979217129,965.5365571,48.62401591,Rarefaction
375,2040539930,0,0.979217129,1102.122923,122.4480115,Rarefaction
376,2040539930,1,0.979217129,1102.122923,69.32583441,Rarefaction
377,2040026550,0,0.979217129,719.2364904,92.07426116,Rarefaction
378,2040026550,1,0.979217129,719.2364904,56.5855157,Rarefaction
379,2040009230,0,0.979217129,884.4842116,90.59746211,Rarefaction
380,2040009230,1,0.979217129,884.4842116,50.36265136,Rarefaction
381,2040045150,0,0.979217129,499.676281,49.40670493,Rarefaction
382,2040045150,1,0.979217129,499.676281,29.60913594,Rarefaction
383,2040024170,0,0.979217129,1081.3044,115.9655931,Rarefaction
384,2040024170,1,0.979217129,1081.3044,60.72560512,Rarefaction
385,2040548500,0,0.979217129,833.134545,84.5219933,Rarefaction
386,2040548500,1,0.979217129,833.134545,42.67451692,Rarefaction
387,2040031070,0,0.979217129,817.8918923,93.81576547,Rarefaction
388,2040031070,1,0.979217129,817.8918923,57.42757657,Rarefaction
389,2040030110,0,0.979217129,769.8935338,92.47866371,Rarefaction
390,2040030110,1,0.979217129,769.8935338,59.84530257,Rarefaction
391,2040026060,0,0.979217129,989.9883935,109.2309669,Rarefaction
392,2040026060,1,0.979217129,989.9883935,64.36435034,Rarefaction
393,2040543090,0,0.979217129,421.2291894,61.69810364,Extrapolation
394,2040543090,1,0.979217129,421.2291894,37.8482425,Extrapolation
395,2040018840,0,0.979217129,1033.619496,97.66167624,Extrapolation
396,2040018840,1,0.979217129,1033.619496,53.59513674,Extrapolation
397,2040023020,0,0.979217129,1025.258339,71.98874325,Rarefaction
398,2040023020,1,0.979217129,1025.258339,30.80369486,Rarefaction
399,2040785900,0,0.979217129,633.9639028,50.58836466,Rarefaction
400,2040785900,1,0.979217129,633.9639028,23.86047982,Rarefaction
401,2040004290,0,0.979217129,771.2506808,60.77833439,Rarefaction
402,2040004290,1,0.979217129,771.2506808,22.39552728,Rarefaction
403,2040005120,0,0.979217129,864.0534269,66.30058527,Extrapolation
404,2040005120,1,0.979217129,864.0534269,27.10188986,Extrapolation
405,2040543160,0,0.979217129,860.9151936,84.56659279,Rarefaction
406,2040543160,1,0.979217129,860.9151936,44.43553266,Rarefaction
407,2040039590,0,0.979217129,411.9574967,36.77044139,Extrapolation
408,2040039590,1,0.979217129,411.9574967,17.47933691,Extrapolation
409,2040008500,0,0.979217129,439.029286,39.97575784,Rarefaction
410,2040008500,1,0.979217129,439.029286,22.88523606,Rarefaction
411,2040026560,0,0.979217129,360.7686406,55.9119656,Extrapolation
412,2040026560,1,0.979217129,360.7686406,35.33206195,Extrapolation
413,2040019150,0,0.979217129,1252.90506,73.8236909,Rarefaction
414,2040019150,1,0.979217129,1252.90506,31.5873086,Rarefaction
415,2040018460,0,0.979217129,556.3826289,52.72969901,Extrapolation
416,2040018460,1,0.979217129,556.3826289,24.22062698,Extrapolation
417,2040005690,0,0.979217129,365.0400603,36.15146954,Rarefaction
418,2040005690,1,0.979217129,365.0400603,19.82289797,Rarefaction
419,2040031060,0,0.979217129,738.8410409,77.8295536,Rarefaction
420,2040031060,1,0.979217129,738.8410409,45.58254957,Rarefaction
421,2040008490,0,0.979217129,680.814045,66.99926687,Rarefaction
422,2040008490,1,0.979217129,680.814045,31.6746433,Rarefaction
423,2040070520,0,0.979217129,533.6591191,60.76615791,Extrapolation
424,2040070520,1,0.979217129,533.6591191,30.72382339,Extrapolation
425,2040033480,0,0.979217129,811.6588447,90.65319928,Rarefaction
426,2040033480,1,0.979217129,811.6588447,55.51781865,Rarefaction
427,7040034530,0,0.979217129,1062.614701,119.9824351,Rarefaction
428,7040034530,1,0.979217129,1062.614701,71.57675518,Rarefaction
429,7040402430,0,0.979217129,1228.225861,81.74210881,Rarefaction
430,7040402430,1,0.979217129,1228.225861,28.95731081,Rarefaction
431,7040374950,0,0.979217129,1260.619007,114.1596981,Rarefaction
432,7040374950,1,0.979217129,1260.619007,44.74742696,Rarefaction
433,7040033480,0,0.979217129,1191.646809,80.7323875,Extrapolation
434,7040033480,1,0.979217129,1191.646809,31.05911529,Extrapolation
435,7040402320,0,0.979217129,899.2704055,71.41953836,Rarefaction
436,7040402320,1,0.979217129,899.2704055,31.73826308,Rarefaction
437,7040034520,0,0.979217129,820.64715,90.45485019,Rarefaction
438,7040034520,1,0.979217129,820.64715,50.14889389,Rarefaction
439,7040374800,0,0.979217129,548.9482299,58.65350114,Rarefaction
440,7040374800,1,0.979217129,548.9482299,27.96621189,Rarefaction
441,7040379430,0,0.979217129,1051.708073,103.8516869,Rarefaction
442,7040379430,1,0.979217129,1051.708073,59.1548299,Rarefaction
443,7040016260,0,0.979217129,941.347642,86.42552478,Rarefaction
444,7040016260,1,0.979217129,941.347642,43.52509474,Rarefaction
445,7040014940,0,0.979217129,1019.693968,87.51823803,Rarefaction
446,7040014940,1,0.979217129,1019.693968,37.26688569,Rarefaction
447,7040016270,0,0.979217129,447.5402963,37.91715654,Rarefaction
448,7040016270,1,0.979217129,447.5402963,16.01356329,Rarefaction
449,7040059990,0,0.979217129,356.4671415,47.42435072,Rarefaction
450,7040059990,1,0.979217129,356.4671415,32.60934245,Rarefaction
451,7040024580,0,0.979217129,576.8465607,65.56807791,Rarefaction
452,7040024580,1,0.979217129,576.8465607,41.86989555,Rarefaction
453,7040192560,0,0.979217129,1047.09371,103.071833,Rarefaction
454,7040192560,1,0.979217129,1047.09371,52.20695956,Rarefaction
455,7040192420,0,0.979217129,1330.413855,77.16813687,Extrapolation
456,7040192420,1,0.979217129,1330.413855,27.19644316,Extrapolation
457,7040021740,0,0.979217129,382.1803016,61.21231839,Extrapolation
458,7040021740,1,0.979217129,382.1803016,41.32566553,Extrapolation
459,8040009560,0,0.979217129,197.3275223,31.93133041,Extrapolation
460,8040009560,1,0.979217129,197.3275223,26.49652546,Extrapolation
461,8040252760,0,0.979217129,275.8222819,40.20422484,Extrapolation
462,8040252760,1,0.979217129,275.8222819,21.40071226,Extrapolation
463,7040282770,0,0.979217129,359.9999454,62.51531548,Extrapolation
464,7040282770,1,0.979217129,359.9999454,41.68909714,Extrapolation
465,7040282720,0,0.979217129,649.4000037,100.6210908,Extrapolation
466,7040282720,1,0.979217129,649.4000037,60.97641544,Extrapolation
467,8040307300,0,0.979217129,1123.181571,113.7865876,Extrapolation
468,8040307300,1,0.979217129,1123.181571,60.0732501,Extrapolation
469,7040194860,0,0.979217129,211.6372665,44.85269158,Extrapolation
470,7040194860,1,0.979217129,211.6372665,33.25808071,Extrapolation
471,8040219290,0,0.979217129,149.6978767,25.01923969,Extrapolation
472,8040219290,1,0.979217129,149.6978767,15.95251712,Extrapolation
473,7040569650,0,0.979217129,1151.347289,102.327901,Rarefaction
474,7040569650,1,0.979217129,1151.347289,49.95817289,Rarefaction
475,7040392520,0,0.979217129,1321.412285,120.3644409,Rarefaction
476,7040392520,1,0.979217129,1321.412285,60.71389284,Rarefaction
477,7040426320,0,0.979217129,756.8984993,61.52590732,Rarefaction
478,7040426320,1,0.979217129,756.8984993,25.70436681,Rarefaction
479,7040569640,0,0.979217129,1529.089106,140.5833907,Rarefaction
480,7040569640,1,0.979217129,1529.089106,64.34254388,Rarefaction
481,7040194980,0,0.979217129,165.5767042,15.30646879,Rarefaction
482,7040194980,1,0.979217129,165.5767042,8.177052257,Rarefaction
483,7040038340,0,0.979217129,1194.432681,106.5251761,Rarefaction
484,7040038340,1,0.979217129,1194.432681,43.29199428,Rarefaction
485,7040007380,0,0.979217129,303.903173,44.3119071,Rarefaction
486,7040007380,1,0.979217129,303.903173,32.64726437,Rarefaction
487,7040007390,0,0.979217129,692.0585217,47.92434003,Extrapolation
488,7040007390,1,0.979217129,692.0585217,27.27399043,Extrapolation
489,7040049990,0,0.979217129,1233.122709,80.98329849,Extrapolation
490,7040049990,1,0.979217129,1233.122709,30.58934385,Extrapolation
491,7040006400,0,0.979217129,412.9872129,31.31651708,Rarefaction
492,7040006400,1,0.979217129,412.9872129,14.86304593,Rarefaction
493,7040005420,0,0.979217129,276.2843298,35.66233186,Rarefaction
494,7040005420,1,0.979217129,276.2843298,22.57220402,Rarefaction
495,7040049280,0,0.979217129,186.2025056,30.97714284,Extrapolation
496,7040049280,1,0.979217129,186.2025056,19.77579308,Extrapolation
497,7040612640,0,0.979217129,1463.442559,116.7244981,Rarefaction
498,7040612640,1,0.979217129,1463.442559,39.89054383,Rarefaction
499,8040176200,0,0.979217129,1785.755529,127.8966429,Extrapolation
500,8040176200,1,0.979217129,1785.755529,43.67980493,Extrapolation
501,7040013550,0,0.979217129,1063.394854,108.5888063,Rarefaction
502,7040013550,1,0.979217129,1063.394854,53.51896066,Rarefaction
503,7040039630,0,0.979217129,1303.309786,93.17297755,Extrapolation
504,7040039630,1,0.979217129,1303.309786,37.82897735,Extrapolation
505,7040392650,0,0.979217129,1133.997683,114.4027812,Rarefaction
506,7040392650,1,0.979217129,1133.997683,57.25342614,Rarefaction
507,7040686450,0,0.979217129,1677.48256,108.2728635,Rarefaction
508,7040686450,1,0.979217129,1677.48256,27.9634451,Rarefaction
509,7040741760,0,0.979217129,941.9176898,80.53532513,Rarefaction
510,7040741760,1,0.979217129,941.9176898,38.10922929,Rarefaction
511,7040612840,0,0.979217129,1116.90257,105.9366007,Extrapolation
512,7040612840,1,0.979217129,1116.90257,45.92628941,Extrapolation
513,7040686540,0,0.979217129,878.4869993,94.44648672,Rarefaction
514,7040686540,1,0.979217129,878.4869993,54.01767761,Rarefaction
515,7040707810,0,0.979217129,891.3030668,75.49894381,Rarefaction
516,7040707810,1,0.979217129,891.3030668,36.62033855,Rarefaction
517,7040014930,0,0.979217129,877.7286338,79.07411132,Rarefaction
518,7040014930,1,0.979217129,877.7286338,31.28492572,Rarefaction
519,8040000820,0,0.979217129,467.0904477,55.02055418,Rarefaction
520,8040000820,1,0.979217129,467.0904477,36.62338265,Rarefaction
521,7040041050,0,0.979217129,1126.266607,119.9892724,Rarefaction
522,7040041050,1,0.979217129,1126.266607,66.68158658,Rarefaction
523,8040002270,0,0.979217129,1671.347391,118.0245787,Extrapolation
524,8040002270,1,0.979217129,1671.347391,21.63503847,Extrapolation
525,8040000810,0,0.979217129,159.0368126,31.03780558,Extrapolation
526,8040000810,1,0.979217129,159.0368126,19.70586348,Extrapolation
527,8040141480,0,0.979217129,199.1068106,31.29582284,Extrapolation
528,8040141480,1,0.979217129,199.1068106,24.10150299,Extrapolation
529,8040007180,0,0.979217129,103.1048054,15.28629941,Extrapolation
530,8040007180,1,0.979217129,103.1048054,8.979240632,Extrapolation
531,8040008390,0,0.979217129,404.8741656,39.14301662,Extrapolation
532,8040008390,1,0.979217129,404.8741656,20.646338,Extrapolation
533,7040020100,0,0.979217129,1098.068358,140.5472651,Extrapolation
534,7040020100,1,0.979217129,1098.068358,50.09492877,Extrapolation
535,7040019200,0,0.979217129,327.2323522,52.24397969,Extrapolation
536,7040019200,1,0.979217129,327.2323522,22.15583269,Extrapolation
537,8040183760,0,0.979217129,237.2586235,29.76093267,Extrapolation
538,8040183760,1,0.979217129,237.2586235,15.67088463,Extrapolation
539,7040043170,0,0.979217129,999.7661402,76.59103241,Rarefaction
540,7040043170,1,0.979217129,999.7661402,32.18195098,Rarefaction
541,7040039880,0,0.979217129,1076.978128,78.51991119,Rarefaction
542,7040039880,1,0.979217129,1076.978128,27.37143836,Rarefaction
543,7040073720,0,0.979217129,1023.159125,83.27551819,Rarefaction
544,7040073720,1,0.979217129,1023.159125,32.72395219,Rarefaction
545,7040013180,0,0.979217129,810.6610865,49.88717648,Rarefaction
546,7040013180,1,0.979217129,810.6610865,21.66183624,Rarefaction
547,7040707710,0,0.979217129,764.1188189,56.82336442,Rarefaction
548,7040707710,1,0.979217129,764.1188189,23.35484526,Rarefaction
549,7040073620,0,0.979217129,1073.562873,102.4892762,Rarefaction
550,7040073620,1,0.979217129,1073.562873,56.25220506,Rarefaction
551,7040041060,0,0.979217129,930.2325885,57.85214392,Rarefaction
552,7040041060,1,0.979217129,930.2325885,20.01152031,Rarefaction
553,7040014250,0,0.979217129,1104.78949,84.84845579,Rarefaction
554,7040014250,1,0.979217129,1104.78949,34.44611709,Rarefaction
555,7040394680,0,0.979217129,1019.953495,95.23723986,Rarefaction
556,7040394680,1,0.979217129,1019.953495,43.46195852,Rarefaction
557,7040046590,0,0.979217129,1343.30304,120.1319413,Rarefaction
558,7040046590,1,0.979217129,1343.30304,57.00424606,Rarefaction
559,7040395340,0,0.979217129,1556.857833,121.4129405,Extrapolation
560,7040395340,1,0.979217129,1556.857833,51.01883241,Extrapolation
561,7040013560,0,0.979217129,954.2170144,84.69585147,Rarefaction
562,7040013560,1,0.979217129,954.2170144,33.34508777,Rarefaction
563,8040002260,0,0.979217129,339.5471617,49.92701675,Extrapolation
564,8040002260,1,0.979217129,339.5471617,37.51993027,Extrapolation
565,8040007190,0,0.979217129,345.3089413,25.40760257,Extrapolation
566,8040007190,1,0.979217129,345.3089413,10.53001781,Extrapolation
567,7040426310,0,0.979217129,723.1371776,60.89353637,Extrapolation
568,7040426310,1,0.979217129,723.1371776,22.33397593,Extrapolation
569,7040048410,0,0.979217129,414.6382524,46.12942081,Rarefaction
570,7040048410,1,0.979217129,414.6382524,31.60409377,Rarefaction
571,7040741770,0,0.979217129,1251.254464,86.67188366,Extrapolation
572,7040741770,1,0.979217129,1251.254464,36.94710843,Extrapolation
573,7040014200,0,0.979217129,1006.426627,109.4023381,Rarefaction
574,7040014200,1,0.979217129,1006.426627,64.09241836,Rarefaction
575,7040632220,0,0.979217129,399.5082448,39.67440262,Extrapolation
576,7040632220,1,0.979217129,399.5082448,19.76807957,Extrapolation
577,7040007830,0,0.979217129,291.1783521,40.09277953,Rarefaction
578,7040007830,1,0.979217129,291.1783521,25.51014979,Rarefaction
579,7040008720,0,0.979217129,845.724431,81.65641162,Rarefaction
580,7040008720,1,0.979217129,845.724431,38.4153124,Rarefaction
581,7040048300,0,0.979217129,670.3733128,52.73519777,Rarefaction
582,7040048300,1,0.979217129,670.3733128,25.62841646,Rarefaction
583,7040073690,0,0.979217129,1080.767071,71.76321234,Extrapolation
584,7040073690,1,0.979217129,1080.767071,27.01921587,Extrapolation
585,7040041400,0,0.979217129,1125.585068,110.2260649,Rarefaction
586,7040041400,1,0.979217129,1125.585068,52.48646995,Rarefaction
587,7040039870,0,0.979217129,1185.153249,108.659896,Rarefaction
588,7040039870,1,0.979217129,1185.153249,54.87901301,Rarefaction
589,7040379310,0,0.979217129,990.4741536,102.1663246,Rarefaction
590,7040379310,1,0.979217129,990.4741536,57.13985908,Rarefaction
591,7040043090,0,0.979217129,1097.27401,95.73890833,Rarefaction
592,7040043090,1,0.979217129,1097.27401,34.87760721,Rarefaction
593,7040014040,0,0.979217129,1304.544255,111.8202208,Extrapolation
594,7040014040,1,0.979217129,1304.544255,53.63524575,Extrapolation
595,7040073870,0,0.979217129,174.0657507,36.97805388,Extrapolation
596,7040073870,1,0.979217129,174.0657507,25.58139064,Extrapolation
597,7040047970,0,0.979217129,736.3646634,58.50048992,Rarefaction
598,7040047970,1,0.979217129,736.3646634,25.04395238,Rarefaction
599,7040041410,0,0.979217129,1337.547908,99.53905243,Rarefaction
600,7040041410,1,0.979217129,1337.547908,31.9133914,Rarefaction
601,7040039620,0,0.979217129,1032.432697,118.1482485,Rarefaction
602,7040039620,1,0.979217129,1032.432697,65.2196137,Rarefaction
603,7040042040,0,0.979217129,1420.92831,108.8307528,Rarefaction
604,7040042040,1,0.979217129,1420.92831,36.18790252,Rarefaction
605,7040047980,0,0.979217129,395.4561003,35.02977213,Rarefaction
606,7040047980,1,0.979217129,395.4561003,19.04192066,Rarefaction
607,7040045890,0,0.979217129,1207.117832,107.4804149,Rarefaction
608,7040045890,1,0.979217129,1207.117832,53.12451097,Rarefaction
609,7040073780,0,0.979217129,330.5253842,63.56159091,Extrapolation
610,7040073780,1,0.979217129,330.5253842,41.41739648,Extrapolation
611,7040047850,0,0.979217129,617.6741478,52.65704427,Rarefaction
612,7040047850,1,0.979217129,617.6741478,24.54967328,Rarefaction
613,7040046750,0,0.979217129,1197.31692,89.22943266,Extrapolation
614,7040046750,1,0.979217129,1197.31692,29.01596484,Extrapolation
615,7040043160,0,0.979217129,1223.522432,115.6938214,Rarefaction
616,7040043160,1,0.979217129,1223.522432,47.03546152,Rarefaction
617,7040073630,0,0.979217129,990.4621625,102.0395975,Extrapolation
618,7040073630,1,0.979217129,990.4621625,61.8959149,Extrapolation
619,7040585120,0,0.979217129,1210.366231,116.915751,Extrapolation
620,7040585120,1,0.979217129,1210.366231,58.47451543,Extrapolation
621,7040064730,0,0.979217129,299.9330828,27.55883994,Rarefaction
622,7040064730,1,0.979217129,299.9330828,15.31698087,Rarefaction
623,7040388740,0,0.979217129,1000.545582,114.7998395,Rarefaction
624,7040388740,1,0.979217129,1000.545582,67.28222319,Rarefaction
625,7040047070,0,0.979217129,585.1628382,67.17815925,Rarefaction
626,7040047070,1,0.979217129,585.1628382,33.02375507,Rarefaction
627,7040394690,0,0.979217129,1067.31403,78.28807455,Rarefaction
628,7040394690,1,0.979217129,1067.31403,30.2549617,Rarefaction
629,7040046600,0,0.979217129,915.3681067,84.08961646,Extrapolation
630,7040046600,1,0.979217129,915.3681067,37.53283418,Extrapolation
631,7040608130,0,0.979217129,440.6325708,73.3855776,Extrapolation
632,7040608130,1,0.979217129,440.6325708,48.81401094,Extrapolation
633,7040073830,0,0.979217129,786.1168476,84.48837543,Extrapolation
634,7040073830,1,0.979217129,786.1168476,38.21535944,Extrapolation
635,7040395190,0,0.979217129,937.7550454,101.8740901,Rarefaction
636,7040395190,1,0.979217129,937.7550454,63.47718209,Rarefaction
637,7040014210,0,0.979217129,382.1731441,68.64339572,Extrapolation
638,7040014210,1,0.979217129,382.1731441,49.96800254,Extrapolation
639,7040045900,0,0.979217129,704.6375877,66.65867546,Rarefaction
640,7040045900,1,0.979217129,704.6375877,31.84325204,Rarefaction
641,7040073710,0,0.979217129,527.2976806,41.27746108,Rarefaction
642,7040073710,1,0.979217129,527.2976806,19.92710278,Rarefaction
643,7040014050,0,0.979217129,428.5591348,75.33614648,Extrapolation
644,7040014050,1,0.979217129,428.5591348,49.46585448,Extrapolation
645,7040607990,0,0.979217129,452.0459952,87.88201532,Extrapolation
646,7040607990,1,0.979217129,452.0459952,57.29160421,Extrapolation
647,7040388580,0,0.979217129,1436.594879,111.5428194,Extrapolation
648,7040388580,1,0.979217129,1436.594879,57.26177784,Extrapolation
649,7040047060,0,0.979217129,783.6268487,58.32104278,Extrapolation
650,7040047060,1,0.979217129,783.6268487,18.92625966,Extrapolation
651,7040043100,0,0.979217129,278.9791746,61.00997718,Extrapolation
652,7040043100,1,0.979217129,278.9791746,49.69572245,Extrapolation
653,7040048310,0,0.979217129,1125.830586,70.26838567,Extrapolation
654,7040048310,1,0.979217129,1125.830586,19.13954566,Extrapolation
655,4040773260,0,0.979217129,1822.944743,121.6260437,Rarefaction
656,4040773260,1,0.979217129,1822.944743,45.767285,Rarefaction
657,2040031500,0,0.979217129,809.8426774,88.1656875,Rarefaction
658,2040031500,1,0.979217129,809.8426774,56.47517069,Rarefaction
659,2040033320,0,0.979217129,804.5128595,85.05882222,Rarefaction
660,2040033320,1,0.979217129,804.5128595,54.56664863,Rarefaction
661,2040031490,0,0.979217129,812.5380669,94.21283791,Rarefaction
662,2040031490,1,0.979217129,812.5380669,58.48196122,Rarefaction
663,2040033330,0,0.979217129,691.650601,80.74771934,Rarefaction
664,2040033330,1,0.979217129,691.650601,54.86634878,Rarefaction
665,2040024230,0,0.979217129,745.2456498,75.02563349,Rarefaction
666,2040024230,1,0.979217129,745.2456498,41.48960019,Rarefaction
667,2040056770,0,0.979217129,442.3815648,45.25452517,Rarefaction
668,2040056770,1,0.979217129,442.3815648,26.59966203,Rarefaction
669,4040783120,0,0.979217129,852.5462551,78.2459626,Rarefaction
670,4040783120,1,0.979217129,852.5462551,44.30796823,Rarefaction
671,4040023060,0,0.979217129,464.2897235,69.64364852,Extrapolation
672,4040023060,1,0.979217129,464.2897235,43.86646053,Extrapolation
673,4040023810,0,0.979217129,183.0583551,38.38631272,Extrapolation
674,4040023810,1,0.979217129,183.0583551,31.22840909,Extrapolation
675,2040048790,0,0.979217129,970.1081811,87.49546742,Rarefaction
676,2040048790,1,0.979217129,970.1081811,38.24451153,Rarefaction
677,6040000750,0,0.979217129,958.9108185,76.75211559,Rarefaction
678,6040000750,1,0.979217129,958.9108185,44.24901486,Rarefaction
679,7040050930,0,0.979217129,454.0293923,49.49824132,Rarefaction
680,7040050930,1,0.979217129,454.0293923,25.80331205,Rarefaction
681,2040054200,0,0.979217129,712.0065028,59.41410795,Rarefaction
682,2040054200,1,0.979217129,712.0065028,29.54164421,Rarefaction
683,4040039450,0,0.979217129,509.6681833,61.29913677,Extrapolation
684,4040039450,1,0.979217129,509.6681833,30.65197458,Extrapolation
685,7040007840,0,0.979217129,237.8140018,30.20389877,Rarefaction
686,7040007840,1,0.979217129,237.8140018,21.33678184,Rarefaction
687,2040039400,0,0.979217129,364.2185586,45.37966797,Extrapolation
688,2040039400,1,0.979217129,364.2185586,32.77677271,Extrapolation
689,4040005050,0,0.979217129,811.5887202,76.6617814,Rarefaction
690,4040005050,1,0.979217129,811.5887202,39.9842716,Rarefaction
691,4040012290,0,0.979217129,652.5179149,56.66001969,Rarefaction
692,4040012290,1,0.979217129,652.5179149,23.19183336,Rarefaction
693,6040016980,0,0.979217129,263.3874393,23.0723281,Rarefaction
694,6040016980,1,0.979217129,263.3874393,13.12211224,Rarefaction
695,6040102330,0,0.979217129,94.65453512,30.74087281,Extrapolation
696,6040102330,1,0.979217129,94.65453512,33.80116207,Extrapolation
697,6040000010,0,0.979217129,333.9870378,57.55272716,Extrapolation
698,6040000010,1,0.979217129,333.9870378,43.60469429,Extrapolation
699,2040003550,0,0.979217129,1109.335813,78.67267443,Extrapolation
700,2040003550,1,0.979217129,1109.335813,39.40719277,Extrapolation
701,6040102250,0,0.979217129,921.5415817,102.9779329,Extrapolation
702,6040102250,1,0.979217129,921.5415817,53.7133366,Extrapolation
703,7040006390,0,0.979217129,365.1523846,40.49577804,Extrapolation
704,7040006390,1,0.979217129,365.1523846,24.61181523,Extrapolation
705,2040315940,0,0.979217129,467.8072483,64.49391999,Extrapolation
706,2040315940,1,0.979217129,467.8072483,35.00297633,Extrapolation
707,2040026070,0,0.979217129,82.47911722,16.87098096,Extrapolation
708,2040026070,1,0.979217129,82.47911722,13.18236755,Extrapolation
709,2040007930,0,0.979217129,299.5928565,44.8506371,Rarefaction
710,2040007930,1,0.979217129,299.5928565,31.47744943,Rarefaction
711,2040026920,0,0.979217129,687.1284878,61.13360072,Rarefaction
712,2040026920,1,0.979217129,687.1284878,29.81762036,Rarefaction
713,2040059370,0,0.979217129,262.1340484,28.99049701,Rarefaction
714,2040059370,1,0.979217129,262.1340484,18.94296034,Rarefaction
715,2040027330,0,0.979217129,900.3228044,95.00853127,Rarefaction
716,2040027330,1,0.979217129,900.3228044,47.21918392,Rarefaction
717,2040027320,0,0.979217129,608.2216216,61.86450511,Extrapolation
718,2040027320,1,0.979217129,608.2216216,26.95980777,Extrapolation
719,2040024180,0,0.979217129,356.7639893,23.77354744,Rarefaction
720,2040024180,1,0.979217129,356.7639893,11.47005377,Rarefaction
721,2040491970,0,0.979217129,246.2121906,30.53275047,Extrapolation
722,2040491970,1,0.979217129,246.2121906,14.55235135,Extrapolation
723,6040034810,0,0.979217129,272.8754294,26.03959307,Rarefaction
724,6040034810,1,0.979217129,272.8754294,16.81273327,Rarefaction
725,5040000010,0,0.979217129,550.308798,76.7696598,Extrapolation
726,5040000010,1,0.979217129,550.308798,47.68137539,Extrapolation
727,5040007690,0,0.979217129,876.8210822,77.32746192,Rarefaction
728,5040007690,1,0.979217129,876.8210822,30.48545213,Rarefaction
729,1040036870,0,0.979217129,1021.621474,64.30244983,Extrapolation
730,1040036870,1,0.979217129,1021.621474,19.95831138,Extrapolation
731,1040036860,0,0.979217129,104.3074876,14.79708172,Extrapolation
732,1040036860,1,0.979217129,104.3074876,8.710290029,Extrapolation
733,1040035590,0,0.979217129,76.39495419,14.07502282,Extrapolation
734,1040035590,1,0.979217129,76.39495419,10.81063407,Extrapolation
735,2040416390,0,0.979217129,600.1080827,49.07347194,Extrapolation
736,2040416390,1,0.979217129,600.1080827,26.37514898,Extrapolation
737,6040075390,0,0.979217129,203.0106521,38.34931387,Extrapolation
738,6040075390,1,0.979217129,203.0106521,31.34009871,Extrapolation
739,7040050920,0,0.979217129,507.4748105,61.12989277,Extrapolation
740,7040050920,1,0.979217129,507.4748105,35.91574851,Extrapolation
741,2040007940,0,0.979217129,427.6361206,29.23353247,Rarefaction
742,2040007940,1,0.979217129,427.6361206,15.26026985,Rarefaction
743,4040037060,0,0.979217129,112.7778652,21.5580677,Extrapolation
744,4040037060,1,0.979217129,112.7778652,13.19862193,Extrapolation
745,4040003020,0,0.979217129,842.7417265,85.21355939,Rarefaction
746,4040003020,1,0.979217129,842.7417265,46.04904098,Rarefaction
747,4040005060,0,0.979217129,713.3273691,70.85008561,Rarefaction
748,4040005060,1,0.979217129,713.3273691,39.45739341,Rarefaction
749,4040045780,0,0.979217129,827.5817711,71.12256816,Extrapolation
750,4040045780,1,0.979217129,827.5817711,28.49493502,Extrapolation
751,2040041840,0,0.979217129,169.025741,33.66668124,Extrapolation
752,2040041840,1,0.979217129,169.025741,27.05347749,Extrapolation
753,4040298550,0,0.979217129,276.6612351,29.23729197,Extrapolation
754,4040298550,1,0.979217129,276.6612351,16.94255784,Extrapolation
755,2040288980,0,0.979217129,253.9207301,31.19271207,Extrapolation
756,2040288980,1,0.979217129,253.9207301,19.58523693,Extrapolation
757,3040386960,0,0.979217129,1009.96871,92.73285611,Extrapolation
758,3040386960,1,0.979217129,1009.96871,47.91407634,Extrapolation
759,4040027100,0,0.979217129,410.6647631,40.689667,Extrapolation
760,4040027100,1,0.979217129,410.6647631,20.86443663,Extrapolation
761,2040309610,0,0.979217129,576.6376736,62.88709839,Extrapolation
762,2040309610,1,0.979217129,576.6376736,23.37835265,Extrapolation
763,7040054660,0,0.979217129,400.2026951,51.28773656,Rarefaction
764,7040054660,1,0.979217129,400.2026951,34.02001507,Rarefaction
765,4040975160,0,0.979217129,620.2987797,59.17714044,Rarefaction
766,4040975160,1,0.979217129,620.2987797,32.11122454,Rarefaction
767,4040017030,0,0.979217129,770.5197269,73.8048215,Rarefaction
768,4040017030,1,0.979217129,770.5197269,35.73406055,Rarefaction
769,2040363700,0,0.979217129,48.79817832,15.50074965,Extrapolation
770,2040363700,1,0.979217129,48.79817832,14.23537619,Extrapolation
771,2040400100,0,0.979217129,179.5305078,36.39096545,Extrapolation
772,2040400100,1,0.979217129,179.5305078,27.60716399,Extrapolation
773,4040018350,0,0.979217129,766.952201,70.33329521,Rarefaction
774,4040018350,1,0.979217129,766.952201,32.66931161,Rarefaction
775,5040022500,0,0.979217129,344.3634753,32.74761299,Extrapolation
776,5040022500,1,0.979217129,344.3634753,15.7534408,Extrapolation
777,2040026930,0,0.979217129,618.128826,52.68450727,Rarefaction
778,2040026930,1,0.979217129,618.128826,25.44395434,Rarefaction
779,2040018470,0,0.979217129,527.8783335,46.84680618,Rarefaction
780,2040018470,1,0.979217129,527.8783335,21.51471578,Rarefaction
781,7040000010,0,0.979217129,479.7670965,54.67129074,Rarefaction
782,7040000010,1,0.979217129,479.7670965,32.70192669,Rarefaction
783,4040046370,0,0.979217129,593.3848284,55.67777315,Rarefaction
784,4040046370,1,0.979217129,593.3848284,27.79162031,Rarefaction
785,2040069150,0,0.979217129,271.2100021,47.56416421,Extrapolation
786,2040069150,1,0.979217129,271.2100021,29.94450255,Extrapolation
787,4040012770,0,0.979217129,321.803779,48.58742515,Extrapolation
788,4040012770,1,0.979217129,321.803779,29.64267248,Extrapolation
789,4040027950,0,0.979217129,267.8773721,29.81281434,Rarefaction
790,4040027950,1,0.979217129,267.8773721,18.77492634,Rarefaction
791,4040029530,0,0.979217129,599.7818509,60.21130605,Rarefaction
792,4040029530,1,0.979217129,599.7818509,32.96325078,Rarefaction
793,5040014020,0,0.979217129,199.8862332,22.79869751,Rarefaction
794,5040014020,1,0.979217129,199.8862332,14.40304182,Rarefaction
795,4040839030,0,0.979217129,194.3850061,34.58671159,Extrapolation
796,4040839030,1,0.979217129,194.3850061,24.89170296,Extrapolation
797,7040024600,0,0.979217129,157.347873,19.64206323,Extrapolation
798,7040024600,1,0.979217129,157.347873,11.6930855,Extrapolation
799,4040048900,0,0.979217129,445.6800491,51.33734558,Rarefaction
800,4040048900,1,0.979217129,445.6800491,28.9894621,Rarefaction
801,4040028760,0,0.979217129,517.4467578,47.08740978,Rarefaction
802,4040028760,1,0.979217129,517.4467578,23.19724688,Rarefaction
803,7040024300,0,0.979217129,44.95720424,9.397664374,Extrapolation
804,7040024300,1,0.979217129,44.95720424,7.2047492,Extrapolation
805,2040006600,0,0.979217129,436.9813883,35.43408894,Rarefaction
806,2040006600,1,0.979217129,436.9813883,17.9823043,Rarefaction
807,7040013170,0,0.979217129,272.9591135,29.77215712,Extrapolation
808,7040013170,1,0.979217129,272.9591135,19.68689838,Extrapolation
809,7040065760,0,0.979217129,557.0753936,68.38328673,Rarefaction
810,7040065760,1,0.979217129,557.0753936,47.07775034,Rarefaction
811,4040025460,0,0.979217129,337.6761055,36.4654265,Rarefaction
812,4040025460,1,0.979217129,337.6761055,23.92411721,Rarefaction
813,4040960200,0,0.979217129,410.1474404,52.05703332,Extrapolation
814,4040960200,1,0.979217129,410.1474404,25.75106572,Extrapolation
815,7040047860,0,0.979217129,177.5689852,18.44738252,Rarefaction
816,7040047860,1,0.979217129,177.5689852,12.09582682,Rarefaction
817,5040011800,0,0.979217129,246.8316495,22.81518304,Rarefaction
818,5040011800,1,0.979217129,246.8316495,12.18627718,Rarefaction
819,5040031240,0,0.979217129,277.4411182,37.47626965,Extrapolation
820,5040031240,1,0.979217129,277.4411182,24.64609735,Extrapolation
821,4040027940,0,0.979217129,333.2003976,40.71021747,Rarefaction
822,4040027940,1,0.979217129,333.2003976,24.17194839,Rarefaction
823,4041128330,0,0.979217129,226.4329925,56.63056884,Extrapolation
824,4041128330,1,0.979217129,226.4329925,50.22877789,Extrapolation
825,4040960480,0,0.979217129,418.7733332,41.35415375,Rarefaction
826,4040960480,1,0.979217129,418.7733332,19.22144457,Rarefaction
827,6040009770,0,0.979217129,255.3948914,39.42292458,Extrapolation
828,6040009770,1,0.979217129,255.3948914,28.05462491,Extrapolation
829,4040027790,0,0.979217129,84.1165903,16.47878463,Extrapolation
830,4040027790,1,0.979217129,84.1165903,13.18920292,Extrapolation
831,4041144880,0,0.979217129,219.3780378,35.97770793,Extrapolation
832,4041144880,1,0.979217129,219.3780378,22.05126252,Extrapolation
833,2040309560,0,0.979217129,66.16671163,13.78006427,Rarefaction
834,2040309560,1,0.979217129,66.16671163,10.05025639,Rarefaction
835,5040017830,0,0.979217129,321.5007053,51.88663915,Extrapolation
836,5040017830,1,0.979217129,321.5007053,27.23759392,Extrapolation
837,7040024830,0,0.979217129,72.383083,15.41016978,Extrapolation
838,7040024830,1,0.979217129,72.383083,9.004961988,Extrapolation
839,2040048590,0,0.979217129,297.2332035,23.22023872,Extrapolation
840,2040048590,1,0.979217129,297.2332035,9.487561409,Extrapolation
841,7040050000,0,0.979217129,624.3323487,58.09668533,Extrapolation
842,7040050000,1,0.979217129,624.3323487,29.36264887,Extrapolation
843,4040169400,0,0.979217129,152.7279758,22.7366112,Extrapolation
844,4040169400,1,0.979217129,152.7279758,18.66780956,Extrapolation
845,4041108580,0,0.979217129,487.2024667,65.72697465,Extrapolation
846,4041108580,1,0.979217129,487.2024667,40.99537765,Extrapolation
847,5040038940,0,0.979217129,33.02089731,12.1176778,Extrapolation
848,5040038940,1,0.979217129,33.02089731,12.53959505,Extrapolation
849,2040075170,0,0.979217129,113.6569167,16.72114407,Rarefaction
850,2040075170,1,0.979217129,113.6569167,11.5503118,Rarefaction
851,2040289120,0,0.979217129,154.3851994,18.11437979,Rarefaction
852,2040289120,1,0.979217129,154.3851994,11.27417654,Rarefaction
853,7040019010,0,0.979217129,37.68087609,9.040422565,Extrapolation
854,7040019010,1,0.979217129,37.68087609,7.572480209,Extrapolation
855,7040054670,0,0.979217129,424.2377517,43.54869938,Extrapolation
856,7040054670,1,0.979217129,424.2377517,24.16173664,Extrapolation
857,3040481930,0,0.979217129,275.4608495,45.85505741,Extrapolation
858,3040481930,1,0.979217129,275.4608495,26.88829505,Extrapolation
859,2040292580,0,0.979217129,33.81738814,10.33009342,Extrapolation
860,2040292580,1,0.979217129,33.81738814,9.24932717,Extrapolation
861,4040000890,0,0.979217129,254.5331017,50.40265152,Extrapolation
862,4040000890,1,0.979217129,254.5331017,34.39121643,Extrapolation
863,2040005130,0,0.979217129,1084.254235,66.33218546,Extrapolation
864,2040005130,1,0.979217129,1084.254235,20.83112038,Extrapolation
865,6040870380,0,0.979217129,233.2137126,36.06756064,Extrapolation
866,6040870380,1,0.979217129,233.2137126,16.66883566,Extrapolation
867,4040047500,0,0.979217129,266.5274963,35.06473223,Extrapolation
868,4040047500,1,0.979217129,266.5274963,19.78775565,Extrapolation
869,4040027780,0,0.979217129,243.0392958,35.52110081,Extrapolation
870,4040027780,1,0.979217129,243.0392958,25.1169862,Extrapolation
871,7040005410,0,0.979217129,121.7330524,25.07728733,Extrapolation
872,7040005410,1,0.979217129,121.7330524,19.25331441,Extrapolation
873,2040068720,0,0.979217129,207.3304264,29.55469886,Extrapolation
874,2040068720,1,0.979217129,207.3304264,21.31318696,Extrapolation
875,4041108500,0,0.979217129,380.2904457,42.27382096,Extrapolation
876,4041108500,1,0.979217129,380.2904457,22.38971707,Extrapolation
877,2040070050,0,0.979217129,469.43235,38.12015165,Rarefaction
878,2040070050,1,0.979217129,469.43235,20.32026289,Rarefaction
879,4041144860,0,0.979217129,277.0179447,65.29544415,Extrapolation
880,4041144860,1,0.979217129,277.0179447,59.93211707,Extrapolation
881,6040870370,0,0.979217129,750.1134425,59.51001175,Extrapolation
882,6040870370,1,0.979217129,750.1134425,28.11843895,Extrapolation
883,6040029280,0,0.979217129,65.16746559,14.55996133,Extrapolation
884,6040029280,1,0.979217129,65.16746559,12.01359981,Extrapolation
885,2040069160,0,0.979217129,213.6519387,24.02267317,Rarefaction
886,2040069160,1,0.979217129,213.6519387,16.73332997,Rarefaction
887,2040085590,0,0.979217129,269.7166676,37.11793551,Extrapolation
888,2040085590,1,0.979217129,269.7166676,20.11705632,Extrapolation
889,2040085990,0,0.979217129,484.9149207,37.55726153,Extrapolation
890,2040085990,1,0.979217129,484.9149207,13.56269754,Extrapolation
891,2040018370,0,0.979217129,387.4667911,25.30980968,Rarefaction
892,2040018370,1,0.979217129,387.4667911,10.70993628,Rarefaction
893,2040018240,0,0.979217129,310.6057494,46.32878502,Rarefaction
894,2040018240,1,0.979217129,310.6057494,32.0928492,Rarefaction
895,2040077580,0,0.979217129,114.5890388,18.74531396,Rarefaction
896,2040077580,1,0.979217129,114.5890388,14.64188048,Rarefaction
897,4040013000,0,0.979217129,305.0822586,27.88260953,Extrapolation
898,4040013000,1,0.979217129,305.0822586,9.308725024,Extrapolation
899,1040041020,0,0.979217129,291.7082582,36.49408534,Extrapolation
900,1040041020,1,0.979217129,291.7082582,20.44623157,Extrapolation
901,4040015000,0,0.979217129,942.091589,117.0048913,Extrapolation
902,4040015000,1,0.979217129,942.091589,57.280337,Extrapolation
903,7040070790,0,0.979217129,198.4593263,22.35412509,Extrapolation
904,7040070790,1,0.979217129,198.4593263,16.60689906,Extrapolation
905,4040234270,0,0.979217129,67.42420911,14.14420487,Extrapolation
906,4040234270,1,0.979217129,67.42420911,11.65302252,Extrapolation
907,2040816870,0,0.979217129,123.8323273,19.58990397,Rarefaction
908,2040816870,1,0.979217129,123.8323273,14.37969471,Rarefaction
909,6040016970,0,0.979217129,126.113073,25.73206071,Extrapolation
910,6040016970,1,0.979217129,126.113073,21.73815045,Extrapolation
911,4040031830,0,0.979217129,136.926025,27.0614239,Extrapolation
912,4040031830,1,0.979217129,136.926025,20.89301825,Extrapolation
913,4040015010,0,0.979217129,306.4405875,65.75766394,Extrapolation
914,4040015010,1,0.979217129,306.4405875,52.39328456,Extrapolation
915,4040050300,0,0.979217129,99.45636082,13.08690394,Extrapolation
916,4040050300,1,0.979217129,99.45636082,7.119554277,Extrapolation
917,6040005490,0,0.979217129,1036.780802,49.60235587,Rarefaction
918,6040005490,1,0.979217129,1036.780802,11.55125975,Rarefaction
919,6040005190,0,0.979217129,257.7075127,45.30995736,Extrapolation
920,6040005190,1,0.979217129,257.7075127,29.41910589,Extrapolation
921,2040292690,0,0.979217129,168.4777887,32.06910585,Extrapolation
922,2040292690,1,0.979217129,168.4777887,23.85348179,Extrapolation
923,4040015090,0,0.979217129,163.566289,21.64724161,Extrapolation
924,4040015090,1,0.979217129,163.566289,12.76985064,Extrapolation
925,2040068680,0,0.979217129,320.9063968,46.21186535,Extrapolation
926,2040068680,1,0.979217129,320.9063968,30.75271675,Extrapolation
927,6040019090,0,0.979217129,163.2476973,22.69416424,Extrapolation
928,6040019090,1,0.979217129,163.2476973,11.20070561,Extrapolation
929,4040012780,0,0.979217129,149.7658733,33.11984743,Extrapolation
930,4040012780,1,0.979217129,149.7658733,26.1906536,Extrapolation
931,7040050640,0,0.979217129,246.5375474,43.7170617,Extrapolation
932,7040050640,1,0.979217129,246.5375474,30.96247089,Extrapolation
933,5040017040,0,0.979217129,208.8206967,35.25213107,Extrapolation
934,5040017040,1,0.979217129,208.8206967,19.22768087,Extrapolation
935,2040085960,0,0.979217129,722.4335911,56.52661901,Extrapolation
936,2040085960,1,0.979217129,722.4335911,23.7918525,Extrapolation
937,6040015950,0,0.979217129,374.8313331,39.36896938,Extrapolation
938,6040015950,1,0.979217129,374.8313331,21.965605,Extrapolation
939,2040085500,0,0.979217129,140.6032177,19.89134491,Extrapolation
940,2040085500,1,0.979217129,140.6032177,14.12247407,Extrapolation
941,4040046100,0,0.979217129,303.6785023,41.63261338,Extrapolation
942,4040046100,1,0.979217129,303.6785023,19.10678527,Extrapolation
943,6040026140,0,0.979217129,240.879208,16.12363167,Extrapolation
944,6040026140,1,0.979217129,240.879208,7.601300544,Extrapolation
945,7040050650,0,0.979217129,162.3106784,36.80412716,Extrapolation
946,7040050650,1,0.979217129,162.3106784,32.44932486,Extrapolation
947,2040816320,0,0.979217129,476.7850396,54.03733831,Extrapolation
948,2040816320,1,0.979217129,476.7850396,28.78079221,Extrapolation
949,2040004130,0,0.979217129,578.9070748,54.72433433,Extrapolation
950,2040004130,1,0.979217129,578.9070748,29.40327551,Extrapolation
951,2040067740,0,0.979217129,153.6200273,35.84587784,Extrapolation
952,2040067740,1,0.979217129,153.6200273,31.80195832,Extrapolation
953,7040073660,0,0.979217129,98.99996373,21.93941099,Rarefaction
954,7040073660,1,0.979217129,98.99996373,18.73430514,Rarefaction
955,1040040050,0,0.979217129,195.7467816,18.43281089,Extrapolation
956,1040040050,1,0.979217129,195.7467816,11.29264646,Extrapolation
957,2040085710,0,0.979217129,149.9929551,11.89922028,Extrapolation
958,2040085710,1,0.979217129,149.9929551,6.948618804,Extrapolation
959,1040909890,0,0.979217129,798.7275498,91.16618004,Rarefaction
960,1040909890,1,0.979217129,798.7275498,59.13089456,Rarefaction
961,2040073580,0,0.979217129,50.48808197,8.649254323,Rarefaction
962,2040073580,1,0.979217129,50.48808197,6.458342317,Rarefaction
963,4040050240,0,0.979217129,121.3373057,17.26037621,Rarefaction
964,4040050240,1,0.979217129,121.3373057,11.62944608,Rarefaction
965,2040084130,0,0.979217129,204.9068592,14.97320524,Extrapolation
966,2040084130,1,0.979217129,204.9068592,9.016142424,Extrapolation
967,2040085670,0,0.979217129,87.81138235,13.80028177,Rarefaction
968,2040085670,1,0.979217129,87.81138235,9.362300375,Rarefaction
969,2040071700,0,0.979217129,157.17543,18.13617333,Rarefaction
970,2040071700,1,0.979217129,157.17543,11.88868451,Rarefaction
971,2040070060,0,0.979217129,226.8626428,28.03436224,Extrapolation
972,2040070060,1,0.979217129,226.8626428,17.60022177,Extrapolation
973,2040065960,0,0.979217129,105.4263367,18.78397977,Extrapolation
974,2040065960,1,0.979217129,105.4263367,15.35262143,Extrapolation
975,2040003560,0,0.979217129,587.1068089,70.78106993,Rarefaction
976,2040003560,1,0.979217129,587.1068089,44.45810211,Rarefaction
977,2040077470,0,0.979217129,117.6875393,11.13536946,Rarefaction
978,2040077470,1,0.979217129,117.6875393,7.297219956,Rarefaction
979,2040004280,0,0.979217129,530.0684328,39.9184576,Extrapolation
980,2040004280,1,0.979217129,530.0684328,16.93515268,Extrapolation
981,2040079320,0,0.979217129,115.5806512,14.88312535,Rarefaction
982,2040079320,1,0.979217129,115.5806512,10.17681389,Rarefaction
983,2040085620,0,0.979217129,101.8362987,15.21207023,Extrapolation
984,2040085620,1,0.979217129,101.8362987,11.45715196,Extrapolation
985,4040484760,0,0.979217129,218.172064,22.26430548,Extrapolation
986,4040484760,1,0.979217129,218.172064,12.05649718,Extrapolation
987,2040066030,0,0.979217129,990.8645769,57.48190147,Extrapolation
988,2040066030,1,0.979217129,990.8645769,16.21212989,Extrapolation
989,4040545530,0,0.979217129,178.1663635,18.34961225,Extrapolation
990,4040545530,1,0.979217129,178.1663635,11.41363404,Extrapolation
991,2040070510,0,0.979217129,100.0364952,21.22727189,Extrapolation
992,2040070510,1,0.979217129,100.0364952,15.94570595,Extrapolation
993,2040085690,0,0.979217129,261.9443544,34.91637083,Extrapolation
994,2040085690,1,0.979217129,261.9443544,16.76428471,Extrapolation
995,2040828790,0,0.979217129,213.5584719,25.97879894,Rarefaction
996,2040828790,1,0.979217129,213.5584719,16.38883852,Rarefaction
997,2040072590,0,0.979217129,127.0697834,16.28155001,Extrapolation
998,2040072590,1,0.979217129,127.0697834,9.021052771,Extrapolation
999,2040085730,0,0.979217129,114.2886532,22.05808827,Extrapolation
1000,2040085730,1,0.979217129,114.2886532,15.06084069,Extrapolation
1001,4040223160,0,0.979217129,66.9210454,14.01745399,Extrapolation
1002,4040223160,1,0.979217129,66.9210454,11.27413917,Extrapolation
1003,2040072930,0,0.979217129,267.4267449,24.06090539,Extrapolation
1004,2040072930,1,0.979217129,267.4267449,13.17415896,Extrapolation
1005,2040085930,0,0.979217129,211.7065209,25.72015806,Extrapolation
1006,2040085930,1,0.979217129,211.7065209,17.16890582,Extrapolation
1007,2040072920,0,0.979217129,103.122128,18.32158409,Extrapolation
1008,2040072920,1,0.979217129,103.122128,14.24911351,Extrapolation
1009,2040004140,0,0.979217129,79.97341269,15.16129859,Rarefaction
1010,2040004140,1,0.979217129,79.97341269,11.90496857,Rarefaction
1011,2040085630,0,0.979217129,67.92198663,13.15421383,Extrapolation
1012,2040085630,1,0.979217129,67.92198663,9.273523887,Extrapolation
1013,2040081260,0,0.979217129,147.4931498,13.26852676,Extrapolation
1014,2040081260,1,0.979217129,147.4931498,8.797436719,Extrapolation
1015,2040065840,0,0.979217129,276.9513456,33.64733894,Extrapolation
1016,2040065840,1,0.979217129,276.9513456,14.8447029,Extrapolation
1017,2040085700,0,0.979217129,54.65048011,13.56841823,Extrapolation
1018,2040085700,1,0.979217129,54.65048011,12.74873626,Extrapolation
1019,6040075410,0,0.979217129,127.5358332,20.98136957,Extrapolation
1020,6040075410,1,0.979217129,127.5358332,16.0368006,Extrapolation
1021,6040015940,0,0.979217129,174.6434573,30.03336361,Extrapolation
1022,6040015940,1,0.979217129,174.6434573,21.79620883,Extrapolation
1023,6040527680,0,0.979217129,209.3034881,33.17314754,Extrapolation
1024,6040527680,1,0.979217129,209.3034881,18.83084396,Extrapolation
