"","Assemblage","Taxonomic.Observed","Taxonomic.Estimator","Assemblage.1","Taxonomic.Observed.1","Taxonomic.Estimator.1"
"1","1040008480",33,37.485342019544,"1040008480",19.461849398621,20.7606903687147
"4","1040009450",44,66.9832512315271,"1040009450",30.7122365695762,39.4034549805922
"7","1040011660",13,20.8787878787879,"1040011660",9.19777704696107,10.7254607827618
"10","1040011670",38,44.7142857142857,"1040011670",24.8092282359069,28.1983155024141
"13","1040012680",48,50.9981458590853,"1040012680",25.9255727656941,26.3432090964954
"16","1040012690",26,26.3319783197832,"1040012690",14.19885132413,14.996746842951
"19","1040012810",44,45.1229910714286,"1040012810",28.0214187966092,29.204381605162
"22","1040012820",54,54.9998227578873,"1040012820",29.5778945204831,29.723225642741
"25","1040014500",28,28.9990521327014,"1040014500",16.3092685613236,16.5368455035758
"28","1040014920",19,23.1237113402062,"1040014920",13.8943165686364,15.7660510739884
"31","1040014930",35,66.9316239316239,"1040014930",19.9886560234764,21.2497672550325
"34","1040015030",40,40.3329952670723,"1040015030",15.9198347692843,16.2546834395156
"37","1040015860",27,27,"1040015860",15.3154390919414,15.4256214633931
"40","1040018120",27,28.4924242424242,"1040018120",20.0902235219187,21.6395192665779
"43","1040019430",24,32.9072164948454,"1040019430",18.5401422855571,22.0872192878315
"46","1040020570",63,63.5622961956522,"1040020570",33.1623065374307,33.5535118180834
"49","1040020580",30,38.527619047619,"1040020580",24.556255677981,32.667338043337
"52","1040022430",95,105.559344188826,"1040022430",52.6889210756601,53.5686385201206
"55","1040023310",41,43.5158155487805,"1040023310",26.7751205994739,30.9246367863927
"58","1040024080",67,69.2487758433079,"1040024080",36.5209622611592,37.2401676393188
"61","1040026800",21,23.6436781609195,"1040026800",14.6437657468139,16.3004186861715
"64","1040028960",17,20.552,"1040028960",10.2022204529912,11.8455913614083
"67","1040028970",44,68.950884086444,"1040028970",25.0502906840713,26.7371735375271
"70","1040029430",34,39.7502191060473,"1040029430",22.090718093333,25.2328784751241
"73","1040029700",28,32.5274725274725,"1040029700",21.1853637962177,25.1340852888345
"76","1040029710",11,14.9855072463768,"1040029710",9.03100076977678,12.8663408720517
"79","1040029810",72,95.1104895104895,"1040029810",33.9813549267492,36.4666506897099
"82","1040034260",13,13,"1040034260",9.00052224729763,9.14324737254049
"85","1040034270",10,14.4347826086957,"1040034270",6.85322544813088,7.60131128957765
"88","1040034610",14,14.3994542974079,"1040034610",6.08746493306554,6.14781720557936
"91","1040034900",13,13,"1040034900",10.4602845959749,10.5518516441718
"94","1040035590",12,14.5945945945946,"1040035590",9.41864318603647,11.6219453671832
"97","1040036860",13,15.6214689265537,"1040036860",8.07237633214423,9.29043861603478
"100","1040036870",50,86.051724137931,"1040036870",18.9927507027052,20.7068529448528
"103","1040040050",13,20.864406779661,"1040040050",9.77245333170157,11.6036099896195
"106","1040040200",14,17.92,"1040040200",10.9692473163475,13.2368060687968
"109","1040040240",23,23.1661290322581,"1040040240",15.981048866258,16.5870117539
"112","1040040320",19,68.1525423728814,"1040040320",13.2529636730869,20.176574934967
"115","1040040340",10,10.4901960784314,"1040040340",8.33772991657728,9.21642659452338
"118","1040040520",21,61.0290697674419,"1040040520",13.4006727303588,17.6437996209967
"121","1040041020",19,38.8529411764706,"1040041020",14.3824792230895,20.7752099262267
"124","1040601190",17,37.7640449438202,"1040601190",12.062692287011,14.556382098246
"127","1040601200",22,46.297520661157,"1040601200",14.7156122869126,17.3671796018694
"130","1040837890",77,83.5421981004071,"1040837890",22.7284409930286,23.2370365849432
"133","1040873640",35,43.1348897535668,"1040873640",22.0698488697356,24.102563033399
"136","1040909890",93,117.056303778526,"1040909890",59.5660328066712,63.7941797900776
"139","1041156960",61,75.1843971631206,"1041156960",39.0564757934648,43.5379081745804
"142","1041174950",22,51.6326530612245,"1041174950",17.8399289852514,28.9342515281117
"145","1041259940",55,72.9736070381232,"1041259940",25.6727968817618,27.1384695371818
"148","1041259950",24,26.6442577030812,"1041259950",19.5461005034036,21.9810880094652
"151","1041431480",28,33.7358374384236,"1041431480",17.5938111345712,20.6475863696502
"154","1041431680",30,31.12060546875,"1041431680",21.8529310588388,23.2636868258863
"157","1041438780",30,38.5763736263736,"1041438780",17.7416218144269,20.9069131678103
"160","1041438860",37,57.9522727272727,"1041438860",24.3453805719367,25.8827366543996
"163","1041472390",27,29.2293577981651,"1041472390",18.7570189945764,21.6700558539874
"166","1041472430",36,48.4472573839662,"1041472430",22.5219179350721,25.0914193730344
"169","1041473880",41,47.1079861111111,"1041473880",28.9185707413929,30.9834313823192
"172","1041473950",39,39,"1041473950",27.6860977431278,28.2692693798782
"175","1041477980",33,33.6649572649573,"1041477980",25.1742244022878,26.298985674667
"178","1041478080",21,21.7451612903226,"1041478080",13.3991807563595,14.4048876201563
"181","1041515680",50,53.1238910574876,"1041515680",27.2012954375101,27.4668176059889
"184","1041515780",25,45.8985507246377,"1041515780",18.4478196030217,20.3984074313186
"187","1041533130",20,26.1855670103093,"1041533130",14.9375877480499,17.1865925133531
"190","1041548760",39,39.2498685594111,"1041548760",24.0671365578361,24.3153066022995
"193","1041576090",46,46.0998917748918,"1041576090",26.5586445031953,27.2341408181476
"196","1041576130",51,95.9649259547935,"1041576130",24.4513557343443,25.2318695796046
"199","1041620200",16,18.98828125,"1041620200",11.7593364553486,12.2089431030125
"202","1041620260",13,20.8333333333333,"1041620260",10.4582224831627,12.9202724474336
"205","1041624310",15,15.6605504587156,"1041624310",10.9804589444187,11.8067644811203
"208","1041629370",31,33.4930555555556,"1041629370",18.4904687713909,19.416328704341
"211","1041629430",22,23.1196682464455,"1041629430",14.7063332483697,15.559912583826
"214","2040000010",100,108.642106569071,"2040000010",26.7186649612694,26.850756216247
"217","2040003550",59,99.4087837837838,"2040003550",36.5139312555939,40.7513076183445
"220","2040003560",74,88.38125,"2040003560",45.2490928433764,48.0666883139728
"223","2040004130",51,63.0434206165065,"2040004130",28.753507238857,31.1154577567014
"226","2040004140",16,16,"2040004140",12.6008030364345,13.1734977268762
"229","2040004280",37,47.2607489597781,"2040004280",16.6791877894592,17.7571174413478
"232","2040004290",61,73.783631713555,"2040004290",22.4115228179351,23.594758875958
"235","2040005120",62,82.2202643171806,"2040005120",26.7144169077139,28.5076352888294
"238","2040005130",27,81.6283783783784,"2040005130",17.0452462503008,20.940974334725
"241","2040005690",38,44.1119957537155,"2040005690",20.1045408200098,21.1256016885218
"244","2040006600",38,48.1075731497418,"2040006600",18.2227625390125,19.0381200011009
"247","2040007930",45,46.9934853420195,"2040007930",31.5457270335859,34.1973797649952
"250","2040007940",37,45.0918837675351,"2040007940",15.6990075324633,16.0826659742085
"253","2040008490",68,80.2332421340629,"2040008490",31.8110494714105,33.7442973533489
"256","2040008500",65,77.2464636258661,"2040008500",24.2850641021856,24.5764352557773
"259","2040009230",129,134.332998535258,"2040009230",53.8045546958344,54.0380259363866
"262","2040012730",151,159.999674396729,"2040012730",65.2967266301472,65.4876358299468
"265","2040014550",113,115.461244651744,"2040014550",44.8416251776164,45.161307197791
"268","2040016230",205,208.599982861142,"2040016230",58.7125345465074,58.7420898380739
"271","2040018240",47,50.5895953757225,"2040018240",32.3871439935314,34.9811333262668
"274","2040018360",81,86.3307593307593,"2040018360",34.8687064271273,35.6355621161456
"277","2040018370",29,29.4085039780879,"2040018370",10.9263754709748,11.1667862114806
"280","2040018460",43,59.2728395061728,"2040018460",22.5157280831211,25.3402749695815
"283","2040018470",50,50.7343278967303,"2040018470",21.8941752639654,22.668534966155
"286","2040018840",95,122.532277960526,"2040018840",53.1538389453487,57.0626911720517
"289","2040018850",89,102.489112903226,"2040018850",59.1063768262212,61.6654743437319
"292","2040019150",126,134.694649677697,"2040019150",32.953960368998,33.2295253900691
"295","2040019160",135,153.177000529942,"2040019160",63.1044674803726,64.4724970006999
"298","2040020320",182,183.785692720419,"2040020320",63.0484415632014,63.119386350666
"301","2040021030",182,189.142790951357,"2040021030",51.8570637244674,51.9036457883709
"304","2040021040",136,136.642836498761,"2040021040",61.5720148346517,61.7085587341488
"307","2040022150",167,188.124760286408,"2040022150",30.2523884207885,30.2851395100807
"310","2040022160",167,170.599991712135,"2040022160",33.6440877745013,33.6507861683211
"313","2040023010",196,215.599957859703,"2040023010",46.9654740336289,46.9765349047831
"316","2040023020",159,163.166658034022,"2040023020",32.613359543447,32.6189374460196
"319","2040024170",160,191.999271866752,"2040024170",65.0629823942156,65.1983444022717
"322","2040024180",31,41.1131161971831,"2040024180",11.8037917552976,12.1097813356773
"325","2040024230",124,133.999713762308,"2040024230",44.4827024321109,44.5704594297284
"328","2040026060",132,139.198162796632,"2040026060",67.9130631258209,69.1832531120754
"331","2040026070",16,17.4736842105263,"2040026070",12.4035362686408,14.5614630423265
"334","2040026550",111,125.078735444553,"2040026550",60.2250385916834,61.516742126444
"337","2040026560",55,58.6704193639178,"2040026560",34.927182021034,38.4978351534643
"340","2040026920",91,93.5712526389866,"2040026920",31.6398937112593,31.7439169501694
"343","2040026930",73,79.7484418282548,"2040026930",26.7806374602565,27.0396687461483
"346","2040027320",61,66.7545923632611,"2040027320",26.838603923724,28.6116976377905
"349","2040027330",128,132.083069176694,"2040027330",50.4381269694506,50.6590613317181
"352","2040028310",107,109.083089640114,"2040028310",32.0592776853709,32.2695101488912
"355","2040028320",82,88.2486855941115,"2040028320",35.6812585308078,36.0294279037639
"358","2040028660",101,108.141867964469,"2040028660",30.6649288782567,30.9048775891324
"361","2040028670",118,120.6665649864,"2040028670",43.5170620706392,43.6185244488287
"364","2040029940",98,101.598662207358,"2040029940",51.9637382401853,52.9857826797879
"367","2040029950",92,102.553961196443,"2040029950",51.9608578809164,54.2916346902456
"370","2040030060",95,125.236773065151,"2040030060",46.0416357716364,47.2811146770914
"373","2040030100",119,139.247111681643,"2040030100",60.2778597438587,60.8764296539812
"376","2040030110",133,133.642844968455,"2040030110",64.6638408729333,64.7463858220524
"379","2040031060",106,107.499896985097,"2040031060",48.7276131835679,48.9100427521198
"382","2040031070",133,137.166579004579,"2040031070",61.8650088661222,61.9554448304593
"385","2040031490",129,139.666047339798,"2040031490",62.8887930095224,63.148487893108
"388","2040031500",134,136.999988423425,"2040031500",60.7772106035465,60.7933328521697
"391","2040033320",128,131.124923420001,"2040033320",58.5841310251705,58.6797700592055
"394","2040033330",106,130.497523251112,"2040033330",58.8869770370902,59.2589368003097
"397","2040033480",136,138.249981324856,"2040033480",59.796985496026,59.8315150290267
"400","2040037990",96,104.098482008996,"2040037990",48.1302892837897,48.6176727935875
"403","2040039390",78,91.9800853485064,"2040039390",45.7295777857649,49.0244671338171
"406","2040039400",43,50.9702602230483,"2040039400",31.8329145352585,35.1893332376185
"409","2040039590",35,43.0759643916914,"2040039590",17.2462973771046,18.4725360606751
"412","2040041120",89,94.9974630021142,"2040041120",52.0358805356037,53.1203744305648
"415","2040041840",20,34.7162162162162,"2040041840",17.001233935945,28.1130533196517
"418","2040045150",71,71.399963963964,"2040045150",31.5856449050367,31.6881355938104
"421","2040046500",77,87.0740570377185,"2040046500",42.7274813616088,44.5714213098848
"424","2040047500",107,122.123197258641,"2040047500",50.1471524485315,50.5222401166126
"427","2040048590",21,27.0962441314554,"2040048590",9.28322683753525,9.9416879867372
"430","2040048790",144,144.999999504422,"2040048790",40.7411247734496,40.742588937593
"433","2040054200",99,102.999930693927,"2040054200",31.3665619152753,31.3948809583397
"436","2040056770",60,74.9961089494163,"2040056770",28.2538193476819,28.5232890971139
"439","2040059370",33,35.6622073578595,"2040059370",19.6990792776884,20.316523175683
"442","2040065840",16,35.8191489361702,"2040065840",10.4688547243259,15.0833560668173
"445","2040065960",17,19.6222222222222,"2040065960",13.9903179775021,16.6353902569279
"448","2040066030",22,71.6350364963504,"2040066030",13.4563369867722,16.305666270082
"451","2040067740",23,36.7222222222222,"2040067740",19.8940657531835,33.5842029691946
"454","2040068680",32,48.7182795698925,"2040068680",24.1060499993181,31.9318369506887
"457","2040068720",28,32.1387024608501,"2040068720",20.5405143149834,23.0166515753794
"460","2040069150",47,49.2182917888563,"2040069150",29.6350104932602,32.9475886131643
"463","2040069160",25,37.4524714828897,"2040069160",16.9501848855707,18.1400590260664
"466","2040070050",54,91.4801587301587,"2040070050",21.2475470627117,21.7451735655202
"469","2040070060",26,30.4711538461538,"2040070060",16.9391149326277,18.8025660013035
"472","2040070510",20,21.7602040816327,"2040070510",14.9724037282215,17.6864846283963
"475","2040070520",55,65.636277302944,"2040070520",29.4485957455957,32.6520378621636
"478","2040071700",19,21.2391304347826,"2040071700",12.089288374014,12.7442891255329
"481","2040072590",16,17.4869565217391,"2040072590",8.9459593632384,9.68034486393712
"484","2040072920",15,19.0697674418605,"2040072920",11.9598169721041,15.1781625855266
"487","2040072930",22,27.968085106383,"2040072930",12.8356403370225,13.885817220403
"490","2040073580",9,9,"2040073580",6.79614395102163,7.0386573512088
"493","2040075170",19,19,"2040075170",12.5026117514132,12.5565185701882
"496","2040077470",13,13.166095890411,"2040077470",7.5583024094196,7.72584733719781
"499","2040077580",23,23,"2040077580",16.0125391576718,16.1229194278202
"502","2040079320",16,16,"2040079320",10.644098931843,10.9244172217914
"505","2040081260",13,17.4666666666667,"2040081260",8.75245458686542,9.33273811793544
"508","2040084130",13,18.953125,"2040084130",8.75073969214009,9.42369706312103
"511","2040085500",17,21.1071428571429,"2040085500",12.777226047545,15.0043736190434
"514","2040085590",33,39.0133333333333,"2040085590",18.8795027483814,21.5253723888166
"517","2040085620",14,16.21484375,"2040085620",10.8014817379865,12.3174549784742
"520","2040085630",13,13.491935483871,"2040085630",9.16932990901275,10.2379844151867
"523","2040085670",14,14.1237623762376,"2040085670",9.47286966248527,10.1501376762916
"526","2040085690",22,36.9089285714286,"2040085690",13.0769292825341,17.3176018903216
"529","2040085700",13,13.9736842105263,"2040085700",11.8789269884002,14.3431601493894
"532","2040085710",10,14.4451219512195,"2040085710",6.64573331564983,7.24988883500916
"535","2040085720",48,69.1076131687243,"2040085720",17.3409000429498,17.8562281634074
"538","2040085730",15,22.7647058823529,"2040085730",10.9649125433825,15.8474183272342
"541","2040085930",22,27.9439252336449,"2040085930",15.7921045780925,18.1413645821604
"544","2040085960",48,66.0204941860465,"2040085960",22.884418210851,24.8776315681807
"547","2040085990",23,43.0266203703704,"2040085990",11.96500511728,13.9074676743469
"550","2040288980",23,33.5411764705882,"2040288980",16.5257311869025,20.348581726043
"553","2040289120",19,19.4976635514019,"2040289120",11.4962100742318,12.0374876678496
"556","2040292580",10,10.4807692307692,"2040292580",8.71055544427532,10.6819697124982
"559","2040292690",17,33.1290322580645,"2040292690",14.1360970058886,24.5790673370728
"562","2040309560",14,14.49375,"2040309560",10.2550267264791,11.2203716159357
"565","2040309610",43,67.8697916666667,"2040309610",20.0002053165246,24.2332988020718
"568","2040315940",62,67.7494955765948,"2040315940",34.2426679585638,37.7585583829499
"571","2040363700",14,15.7219387755102,"2040363700",11.9888134523456,16.276834088306
"574","2040400100",32,37.4970760233918,"2040400100",24.2155642388575,30.1361096674
"577","2040416390",41,57.848,"2040416390",25.0924943185651,27.5732143172948
"580","2040491970",27,33.08125,"2040491970",13.6167703218145,15.4615171367984
"583","2040539930",179,180.999978629967,"2040539930",74.5532650379427,74.6263789110914
"586","2040540100",136,140.499791897891,"2040540100",51.8915702320278,52.0636836684028
"589","2040543090",61,64.8363171355499,"2040543090",37.5783558868524,41.0758621061487
"592","2040543160",116,147.994997655151,"2040543160",47.1065124642642,47.6567849538822
"595","2040548500",121,128.99917338293,"2040548500",45.4913427439699,45.8083080803624
"598","2040555780",102,118.189975247525,"2040555780",43.6517504576963,45.3874358160302
"601","2040785900",59,81.4806201550388,"2040785900",24.4657741046413,25.3749875959481
"604","2040816320",54,58.5358851674641,"2040816320",28.7731297063729,30.7450149765701
"607","2040816870",20,20.6621621621622,"2040816870",14.5964634931377,15.6688640412435
"610","2040828790",27,29.656862745098,"2040828790",16.6504910295123,17.6237497319393
"613","3040024310",53,150.859799713877,"3040024310",28.7139324065968,30.9241406535493
"616","3040386960",91,113.026290322581,"3040386960",47.6676180916321,50.8791313169457
"619","3040481930",38,47.7234375,"3040481930",23.3467743418279,28.7662442014281
"622","3040483880",34,61.0424528301887,"3040483880",30.1948548304993,56.7311765159256
"625","3040496490",39,45.1084459459459,"3040496490",23.384783695308,24.9400633784485
"628","3040679750",53,56.3637873754153,"3040679750",35.1168115589712,38.8279043225389
"631","3040679760",58,82.404296875,"3040679760",38.2803813211758,45.5887231236276
"634","4040000890",32,51.9431818181818,"4040000890",23.2818925683263,36.0509107337459
"637","4040003020",136,144.099809582021,"4040003020",49.3646943954287,49.4504271964711
"640","4040005050",122,125.555354619949,"4040005050",42.6599801893107,42.8162835805304
"643","4040005060",85,103.275532930321,"4040005060",41.0724275819109,42.3365230914547
"646","4040007410",63,80.9435736677116,"4040007410",43.3967303524738,49.8110917481985
"649","4040009890",78,88.3051743532058,"4040009890",46.9249613684491,50.6100328303938
"652","4040012290",71,76.3311957247829,"4040012290",24.2263519831231,24.6172712420132
"655","4040012770",37,50.9462809917355,"4040012770",24.7264628642796,31.2273014946876
"658","4040012780",20,33.9885714285714,"4040012780",16.1156434787077,27.4669873916882
"661","4040012990",106,145.994848560079,"4040012990",38.5610327509907,41.0793344742451
"664","4040013000",15,30.7714285714286,"4040013000",7.65410859956856,9.49658118471552
"667","4040015000",95,125.179487179487,"4040015000",51.3544790767133,60.3905642459789
"670","4040015010",53,67.5824,"4040015010",41.6496267381553,56.5897208032377
"673","4040015090",20,23.0968468468468,"4040015090",12.2325266487645,13.670956571981
"676","4040017030",81,97.058383580705,"4040017030",36.5806649958261,38.1410192490745
"679","4040018350",94,95.3886341403766,"4040018350",34.4966267199083,34.8076801913433
"682","4040023060",40,72.9896907216495,"4040023060",30.4249755788653,45.0429845408541
"685","4040023810",23,39.4878048780488,"4040023810",19.3126054695787,32.5798983734414
"688","4040025460",46,48.49826629681,"4040025460",25.264242496463,25.7085510102182
"691","4040027100",30,45.0254934210526,"4040027100",18.5144106475871,21.6474441748075
"694","4040027780",33,37.8695652173913,"4040027780",23.8693861925107,27.0808259681451
"697","4040027790",13,17.0364583333333,"4040027790",10.5368253683629,14.047017902364
"700","4040027940",43,46.1186483739837,"4040027940",24.7627271687494,26.0066826391984
"703","4040027950",36,37.1238850346878,"4040027950",19.783985244495,20.1592889430805
"706","4040028760",57,63.7451716738197,"4040028760",24.1110689443228,24.6992682769348
"709","4040029530",77,79.6660962566845,"4040029530",34.9281558157585,35.2333727022113
"712","4040031830",20,27.9239130434783,"4040031830",15.8297023952553,22.1519860848824
"715","4040037060",16,22.2439024390244,"4040037060",10.3676390061623,14.0265865692434
"718","4040039450",55,66.2142857142857,"4040039450",29.0690012201625,32.6226174287203
"721","4040045780",31,79.5811965811966,"4040045780",21.4874108201893,28.7061951478545
"724","4040046100",13,43.8148148148148,"4040046100",10.109766558598,19.21425522658
"727","4040046370",73,81.0973311367381,"4040046370",29.26383126322,29.674851542461
"730","4040047500",29,37.2677165354331,"4040047500",17.8209417316773,20.9329817904246
"733","4040048900",59,61.0817057291667,"4040048900",30.3970472023224,31.1564028161579
"736","4040050240",18,18.9940476190476,"4040050240",11.9009301352353,12.602246640002
"739","4040050300",10,13.8974358974359,"4040050300",6.18027848679122,7.4526362527065
"742","4040095270",49,61.4255952380952,"4040095270",37.649409095814,46.0507626572711
"745","4040169400",18,24.1342592592593,"4040169400",15.4759601360617,19.5531461664502
"748","4040223160",13,14.4642857142857,"4040223160",10.3605717082068,12.4060366066037
"751","4040234270",12,14.5806451612903,"4040234270",9.79519446706326,12.597123368747
"754","4040298550",20,32.0949367088608,"4040298550",14.1848536835189,17.4233705953177
"757","4040484760",19,25.1946902654867,"4040484760",11.2802736598039,12.6674959045002
"760","4040545530",17,20.968253968254,"4040545530",11.0938052190612,12.096093820695
"763","4040627620",33,35.9885057471264,"4040627620",22.787245630215,24.5154401038633
"766","4040748300",81,91.8753623188406,"4040748300",50.9337786486276,54.1361493392522
"769","4040773260",122,173.543415845426,"4040773260",45.7876320296575,48.1446059005152
"772","4040783120",84,109.763618557963,"4040783120",45.0298966131762,47.3090882652546
"775","4040839030",24,35.8877192982456,"4040839030",18.4702377489491,26.0749382302024
"778","4040960200",49,55.5239940387481,"4040960200",24.9829793611617,27.6003078467981
"781","4040960480",45,46.3315241971958,"4040960480",19.7472450228356,20.402422509978
"784","4040975160",65,81.8827021494371,"4040975160",32.8487702306183,34.3232761995384
"787","4041043580",122,139.625325461701,"4041043580",61.5312513855066,63.663565997921
"790","4041108500",31,46.0095419847328,"4041108500",19.2908407264582,23.231511710787
"793","4041108580",56,70.162962962963,"4041108580",37.0818246368127,43.5214509807066
"796","4041128330",38,57.8515625,"4041128330",32.0435929331206,53.6859310846396
"799","4041144860",33,66.8511904761905,"4041144860",29.7961744490444,62.4284684801608
"802","4041144880",35,37.2152334152334,"4041144880",21.6108698612261,24.0764949619478
"805","5040000010",51,81.0483333333333,"5040000010",36.9236976013479,49.3555724664595
"808","5040007690",78,91.4851648351648,"5040007690",30.5494269808793,32.2698881390853
"811","5040011800",23,25.490234375,"5040011800",12.2115279758201,12.8723145022434
"814","5040014020",23,24.9904761904762,"5040014020",14.4511744965409,15.3803401770987
"817","5040017040",17,36.6064814814815,"5040017040",11.7755927581807,19.7114443840205
"820","5040017830",51,53.6905923344948,"5040017830",26.8962351720607,29.7461363215139
"823","5040022500",23,36.3846153846154,"5040022500",13.8474067721523,16.2765282301442
"826","5040031240",32,40.0408759124088,"5040031240",22.3269885933572,26.1539749347714
"829","5040038940",11,12.2631578947368,"5040038940",10.3108497466296,14.5825521263769
"832","5040041880",27,35.0119565217391,"5040041880",20.0768652363909,24.7062915549546
"835","5040049720",77,79.6654135338346,"5040049720",42.5979035107695,43.4219320038226
"838","5040055960",27,27.1664868752247,"5040055960",18.1337558098386,18.3990536149079
"841","5040056460",26,26.998699609883,"5040056460",15.7193259857389,15.9984894485668
"844","5040056470",19,19.9962546816479,"5040056470",11.6548022600023,12.1048702413425
"847","5040056740",20,27.859649122807,"5040056740",15.2500590054927,19.8947611517035
"850","5040056750",19,19.1240740740741,"5040056750",15.4018452698261,16.5260671587505
"853","5040057320",20,21.4827586206897,"5040057320",16.7353784313896,19.0266605344138
"856","5040057330",16,33.7831325301205,"5040057330",11.3453566270379,13.5955798319482
"859","5040057720",29,35.2267657992565,"5040057720",20.0809698062081,21.4827861855037
"862","5040059440",19,27.0577777777778,"5040059440",13.2910842862694,16.1031071522116
"865","5040059450",41,43.0781637717122,"5040059450",25.0814156819877,26.5259239112151
"868","5040061660",13,14.9444444444444,"5040061660",10.4253321726399,13.0144400282945
"871","5040061670",51,52.9993542137552,"5040061670",25.639381710583,25.864989637616
"874","5040064130",21,22.5384615384615,"5040064130",15.9148691011754,19.1670117433265
"877","5040064140",32,33.1206730769231,"5040064140",22.9886921226511,24.546906655798
"880","5040065600",19,27.0327868852459,"5040065600",13.4438832328746,17.0317579352293
"883","5040067860",75,77.2493430656934,"5040067860",37.2164502564086,37.6455326055177
"886","5040068450",54,63.8113617830932,"5040068450",30.4800691368773,34.5366665448372
"889","5040068460",52,55.0570214669052,"5040068460",29.7746159700623,31.3632989522402
"892","5040069590",55,60.3261358524516,"5040069590",28.5028507636999,29.7563900976552
"895","5040069600",28,34.3515151515152,"5040069600",18.1504296861742,20.9013997896318
"898","5040069960",45,50.5373406193078,"5040069960",25.4825821615344,27.8772146394379
"901","5040069970",69,75.2491784963197,"5040069970",28.6201233315335,28.7640050678716
"904","5040070700",53,65.4862334801762,"5040070700",26.5911248703166,27.6115794239912
"907","5040070710",170,182.499538813459,"5040070710",69.0065644572171,69.2435641752318
"910","5040073410",11,11.990099009901,"5040073410",7.82568104819965,8.30506675495903
"913","5040073420",31,34.5889908256881,"5040073420",15.6519586170287,16.5577778514219
"916","5040076530",11,16.9154929577465,"5040076530",6.98125265971086,7.86653020319832
"919","5040076890",15,21.0975609756098,"5040076890",12.3583399060962,16.1873129293862
"922","5040077640",18,18.9987293519695,"5040077640",8.1883199458116,8.2878161900722
"925","5040082270",70,87.9996829031974,"5040082270",24.6145208437885,24.6327964438187
"928","5040085040",72,73.999964301651,"5040085040",31.4500318207605,31.470850318088
"931","5040087630",9,9.97959183673469,"5040087630",7.39657685254283,8.18584956482146
"934","5040491370",10,11.9855072463768,"5040491370",5.87890395559308,6.13770622588211
"937","5040491510",20,32.1386363636364,"5040491510",12.9380252491776,14.9931375415238
"940","5040511570",33,57.4163822525597,"5040511570",20.9887350634551,22.9107677681879
"943","5040524870",48,50.4988667271079,"5040524870",20.105742690921,20.3459189523208
"946","5040533380",15,20.8666666666667,"5040533380",10.6628936719689,13.6875100243984
"949","5040533450",9,10.9574468085106,"5040533450",7.14787612684477,8.02696570472071
"952","5040591010",9,9.98850574712644,"5040591010",6.80260947833543,7.19977859562841
"955","5040591050",137,143.721595090753,"5040591050",59.4371009768422,59.8513573470997
"958","6040000010",42,59.8920990566038,"6040000010",33.5492587973012,45.8082623841753
"961","6040000740",111,173.488829311886,"6040000740",34.6297688352309,35.1539723405675
"964","6040000750",85,104.986187845304,"6040000750",45.0657894034734,46.8544493522258
"967","6040005190",23,46.9673913043478,"6040005190",17.8751919205015,30.2234333844217
"970","6040005490",54,70.948224852071,"6040005490",11.6303904419007,11.9987967824697
"973","6040005500",72,93.6774193548387,"6040005500",46.9875271678346,59.9582145042541
"976","6040007010",52,76.4169491525424,"6040007010",35.768066199325,40.8453749469429
"979","6040007960",95,100.760384513626,"6040007960",49.1582087735872,51.1783718484739
"982","6040008320",88,99.2314662273476,"6040008320",61.6605786264579,67.3111146913303
"985","6040009770",37,41.545746388443,"6040009770",26.7983795954993,30.3958231841933
"988","6040012800",19,23.0062893081761,"6040012800",14.6032803131056,18.553102803557
"991","6040013420",21,56.1,"6040013420",17.3992184017703,32.4612145157131
"994","6040013430",43,74.7987421383648,"6040013430",29.2973510546608,37.1020767632916
"997","6040013750",42,54.43961352657,"6040013750",22.1293663693042,25.6023422923211
"1000","6040013760",82,96.2177736072012,"6040013760",30.0105969854351,30.4960763869432
"1003","6040014330",66,94.4954407294833,"6040014330",44.2106817234388,50.4810184712292
"1006","6040015940",26,31.2734082397004,"6040015940",19.3506504425408,23.4593548895454
"1009","6040015950",23,42.9903846153846,"6040015950",17.1130526548061,22.3534011149138
"1012","6040016720",18,20.9761904761905,"6040016720",14.4550116459333,15.7365333019289
"1015","6040016760",51,65.6651323360184,"6040016760",32.6421233879861,38.0636243252269
"1018","6040016970",25,26.5841584158416,"6040016970",21.0400945352072,24.1658409484129
"1021","6040016980",28,32.1604938271605,"6040016980",13.5995719592623,13.9423575610257
"1024","6040019090",12,23.8787878787879,"6040019090",7.96218441660311,11.4702720894233
"1027","6040025130",43,46.5916279069767,"6040025130",30.3174408937923,32.0939396383426
"1030","6040025140",40,46.7225609756098,"6040025140",27.8515028619534,30.8482053375257
"1033","6040025420",45,53.3046964490263,"6040025420",29.7908606932667,32.8737278900813
"1036","6040026140",16,22.2234042553191,"6040026140",7.59295539461359,7.97373070701715
"1039","6040026990",9,21.109375,"6040026990",5.71059041267265,7.71663200150978
"1042","6040029280",13,14.9444444444444,"6040029280",10.5747067722886,13.1999488102328
"1045","6040032290",95,134.117124735729,"6040032290",60.9960608253284,70.9200240696856
"1048","6040034810",35,42.99207135778,"6040034810",17.6454209375576,18.0464337324725
"1051","6040040460",42,44.0803613884926,"6040040460",23.0069634451104,23.7736778720167
"1054","6040075390",37,39.9807692307692,"6040075390",30.1933707383734,34.6124072113611
"1057","6040075410",20,21.9789473684211,"6040075410",15.4525690181448,17.4556039062744
"1060","6040084750",33,58.2988235294118,"6040084750",24.7721368274169,35.4749054608002
"1063","6040102250",89,112.990480577307,"6040102250",50.1906887623427,56.7777314020847
"1066","6040102330",23,31.1939393939394,"6040102330",21.6806110497781,37.4392660452192
"1069","6040239720",93,117.469182389937,"6040239720",60.3209398300716,65.2584533302379
"1072","6040239820",31,44.8333333333333,"6040239820",22.7554556201668,30.5825812276153
"1075","6040262110",110,158.06330472103,"6040262110",78.0283637703152,93.4655771319176
"1078","6040262220",65,76.9668508287293,"6040262220",52.7170983845242,66.8293303411002
"1081","6040280400",151,176.272602787823,"6040280400",86.468234407578,92.1463558665937
"1084","6040280410",168,191.658853302356,"6040280410",92.7484732289393,99.0853287710072
"1087","6040285930",71,91.2573060127645,"6040285930",56.0425494662357,69.8741438145993
"1090","6040285990",120,138.367097876495,"6040285990",58.0696122491447,61.8033774490279
"1093","6040345000",19,39.46484375,"6040345000",14.9546088014552,28.5112192670044
"1096","6040527670",26,34.1191860465116,"6040527670",18.3257808664131,20.3408667621471
"1099","6040527680",15,34.5967741935484,"6040527680",11.2055305447433,19.1651240135571
"1102","6040709820",24,63.234375,"6040709820",21.8994014091739,57.1002552812594
"1105","6040752460",21,27.6176470588235,"6040752460",15.5964699944263,21.0957944054789
"1108","6040752470",56,64.1567916162838,"6040752470",37.1652222245542,38.6869943143693
"1111","6040814820",118,135.622109060047,"6040814820",55.0940872693779,57.7214831395837
"1114","6040814830",55,115.339527027027,"6040814830",38.7702954885572,56.7489031628594
"1117","6040870370",33,68.758389261745,"6040870370",23.1142944399435,28.4882204386045
"1120","6040870380",20,37.6470588235294,"6040870380",11.6315912140802,17.1771808508829
"1123","7040000010",68,70.9988014382741,"7040000010",34.7102867674268,35.2230782394984
"1126","7040005410",24,25.7660910518053,"7040005410",18.3719442537878,21.366859684965
"1129","7040005420",38,40.6607538802661,"7040005420",23.2671054778755,24.3808789690949
"1132","7040006390",38,44.7250922509225,"7040006390",23.9773832138328,26.2053289953381
"1135","7040006400",39,110.920265780731,"7040006400",15.3063496873884,15.9943009163417
"1138","7040007380",48,53.989247311828,"7040007380",33.9882230158119,35.7384806633832
"1141","7040007390",44,79.9299610894942,"7040007390",26.822068973121,28.8046389375573
"1144","7040007830",41,43.0772594752187,"7040007830",25.8310775939253,27.5881761453012
"1147","7040007840",33,39.2351895734597,"7040007840",22.0752257738809,23.1552743997242
"1150","7040008720",103,106.499246014649,"7040008720",40.4991072428305,40.9818594340346
"1153","7040013170",28,33.970297029703,"7040013170",19.191603507491,20.9682112484101
"1156","7040013180",75,96.9923211169285,"7040013180",22.4472285695475,22.8632658543393
"1159","7040013550",138,155.996250781087,"7040013550",56.4576193796601,57.4277961688235
"1162","7040013560",89,97.4929343308396,"7040013560",33.7478408201385,35.2609573571829
"1165","7040014040",97,134.505878894768,"7040014040",51.2904592118065,56.3358794147212
"1168","7040014050",64,78.1675070028011,"7040014050",43.2184378151965,53.2815470606481
"1171","7040014200",120,129.840631606195,"7040014200",66.0561949598936,68.6604434766548
"1174","7040014210",57,71.202657807309,"7040014210",42.5379458627698,53.6488084859228
"1177","7040014250",112,123.63358844828,"7040014250",35.8789083674468,36.4451540627867
"1180","7040014930",84,90.5278385197645,"7040014930",31.7709697939024,33.0995203187416
"1183","7040014940",106,122.049646260173,"7040014940",38.6602647831752,39.5923078824653
"1186","7040016260",111,127.051358024691,"7040016260",45.641814237363,46.4490058126533
"1189","7040016270",49,64.1139112903226,"7040016270",16.6685579758911,17.0815052993121
"1192","7040019010",9,9.24305555555556,"7040019010",7.52444628514837,8.51965401795578
"1195","7040019200",23,54.3846153846154,"7040019200",13.4509231761701,22.6427263984971
"1198","7040020100",53,148.635265700483,"7040020100",31.1348818538147,50.6441423814091
"1201","7040021740",46,63.9182481751825,"7040021740",33.6015590182717,43.5599835693205
"1204","7040024300",9,9.64705882352941,"7040024300",6.89868197301958,7.95508696011509
"1207","7040024580",66,77.9799331103679,"7040024580",41.9736171652606,44.9807236513873
"1210","7040024600",17,21.1176470588235,"7040024600",10.8515499591103,12.3882538699911
"1213","7040024830",15,15.7375,"7040024830",8.74880367417345,10.0293044571996
"1216","7040033480",75,112.745431008224,"7040033480",30.6585440563831,32.6315002993964
"1219","7040034520",93,98.438808373591,"7040034520",50.6733273406057,53.5130928217617
"1222","7040034530",141,160.594866422211,"7040034530",75.4023199273777,77.0525553438462
"1225","7040038340",149,167.048073433664,"7040038340",45.7218889758502,46.1512475448884
"1228","7040039620",139,146.198021978022,"7040039620",68.7366312411883,70.1908975192398
"1231","7040039630",93,153.703088803089,"7040039630",37.8174603097527,40.0913821195507
"1234","7040039870",125,147.032342780598,"7040039870",56.5852547088688,58.4945241772001
"1237","7040039880",140,162.499262004723,"7040039880",28.914040047875,28.9930273605405
"1240","7040041050",141,157.661098117831,"7040041050",69.649150625622,71.6185164808123
"1243","7040041060",86,108.21638195357,"7040041060",20.7710342850545,21.0889878424144
"1246","7040041400",132,148.050944540175,"7040041400",54.8430598381145,56.0831540921206
"1249","7040041410",140,149.030016896505,"7040041410",33.3787964491143,33.7398444728957
"1252","7040042040",139,145.748494647636,"7040042040",37.5704321282566,38.2250178191373
"1255","7040043090",101,111.020665878645,"7040043090",35.3251783761104,36.8659671542438
"1258","7040043100",30,62.6241134751773,"7040043100",25.6290424250973,51.4866972952395
"1261","7040043160",119,131.014151860978,"7040043160",47.4024241775011,49.8697277401019
"1264","7040043170",144,187.553050202921,"7040043170",34.0809297245988,34.2715557373456
"1267","7040045890",115,137.307717620218,"7040045890",53.9357840046794,56.4447424269932
"1270","7040045900",75,85.5543120155039,"7040045900",32.7563835216066,33.9349033639733
"1273","7040046590",141,151.496524329692,"7040046590",58.9511917467134,60.5518747113262
"1276","7040046600",72,96.4519607843137,"7040046600",35.6024605005946,39.4208746976614
"1279","7040046750",83,114.965554359526,"7040046750",28.5798628325669,30.5249288726197
"1282","7040047060",41,67.9123376623377,"7040047060",17.4100498362423,19.5541342586129
"1285","7040047070",75,81.7445432497979,"7040047070",34.3129778259357,35.5249344629105
"1288","7040047850",80,90.8863764549044,"7040047850",25.9117117568392,26.2024077983185
"1291","7040047860",19,26.9609756097561,"7040047860",12.1981317133928,13.0066562773183
"1294","7040047970",92,93.3332315366214,"7040047970",26.4800176141835,26.5764618215249
"1297","7040047980",54,59.0606326078938,"7040047980",20.13487434315,20.3689914801727
"1300","7040048300",87,99.2484493670886,"7040048300",27.0622841323819,27.2424688059203
"1303","7040048310",25,85.0346153846154,"7040048310",15.2258809034621,19.2069080477791
"1306","7040048410",83,87.0496425103716,"7040048410",34.1316180292623,34.2688881080121
"1309","7040048420",104,116.099054613642,"7040048420",39.2975060929368,39.4820258756214
"1312","7040049270",157,185.035722337452,"7040049270",46.6948160869511,47.143612823075
"1315","7040049280",20,32.2448979591837,"7040049280",14.413336422849,20.5572105268006
"1318","7040049990",44,100.020408163265,"7040049990",26.0076912036375,30.9478707062476
"1321","7040050000",52,66.0279484029484,"7040050000",28.3447236595849,30.9555573186553
"1324","7040050640",41,45.4732142857143,"7040050640",29.2372272904711,33.8692904586397
"1327","7040050650",24,37.7480158730159,"7040050650",20.7830674418564,34.2303519519711
"1330","7040050920",50,65.9307359307359,"7040050920",32.35742066747,37.8104628273802
"1333","7040050930",51,54.5489589775304,"7040050930",26.0823458142887,27.5263725120298
"1336","7040054660",58,61.596421471173,"7040054660",35.6944811039048,36.8494297232495
"1339","7040054670",42,48.2326388888889,"7040054670",23.8693033780966,25.6646839673591
"1342","7040059990",53,58.9928057553957,"7040059990",34.1763597717763,35.4512103518401
"1345","7040064730",30,31.3305263157895,"7040064730",15.6513200685414,16.1973808527366
"1348","7040065760",80,80.999671592775,"7040065760",50.1170962349191,50.7961367429745
"1351","7040070790",17,24.8688524590164,"7040070790",14.00830707265,17.1278757816145
"1354","7040072800",28,28.999530956848,"7040072800",17.8281250424051,17.9500290766788
"1357","7040073620",106,139.036134370016,"7040073620",56.750046558747,60.1418215875013
"1360","7040073630",99,119.022036958369,"7040073630",61.2432496643479,65.9934703870116
"1363","7040073660",22,22.6601307189542,"7040073660",18.8041805654046,21.0672911966049
"1366","7040073690",61,92.4525602409639,"7040073690",26.207630242218,28.1950518052699
"1369","7040073710",43,48.5466094113437,"7040073710",20.0830504748209,20.9504547913145
"1372","7040073720",87,105.35993852459,"7040073720",33.010363793282,34.5924516768522
"1375","7040073780",57,65.4823657080846,"7040073780",37.4973185774455,45.3096037262025
"1378","7040073830",60,91.8801498127341,"7040073830",32.9246147899818,39.6189374754504
"1381","7040073870",32,37.9340659340659,"7040073870",22.149508419781,28.0047745317861
"1384","7040192420",50,103.874125874126,"7040192420",24.9647055639467,27.8677998149915
"1387","7040192560",127,140.496084686775,"7040192560",54.673009134083,55.8659440343244
"1390","7040194860",38,46.0858085808581,"7040194860",28.0131643342318,36.221939245577
"1393","7040194980",16,17.4926829268293,"7040194980",8.26760012264043,8.63986216189648
"1396","7040282720",53,105.124479166667,"7040282720",39.7973852592299,62.4440501609951
"1399","7040282770",45,64.8770053475936,"7040282770",32.3723441319571,43.9416752518288
"1402","7040374800",66,70.0799890799891,"7040374800",29.0358813290629,29.9214881093615
"1405","7040374950",137,152.995974842767,"7040374950",46.6390090978266,47.5897690836846
"1408","7040379310",103,114.100344530577,"7040379310",57.2898737538806,60.8254972895457
"1411","7040379430",136,156.246383282729,"7040379430",62.4722160295084,63.3892679468012
"1414","7040388580",75,132.462857142857,"7040388580",50.3431671582833,58.6644095975883
"1417","7040388740",128,133.140514155548,"7040388740",69.9919061265092,72.2532930701977
"1420","7040392520",130,151.429747272043,"7040392520",61.7984747478767,64.5509658885733
"1423","7040392650",144,164.246101270697,"7040392650",60.3508888234454,61.3545751839688
"1426","7040394680",113,133.635157457239,"7040394680",45.174616368924,46.3697070397578
"1429","7040394690",82,96.6883977900552,"7040394690",30.4935858498258,31.7964796686341
"1432","7040395190",113,135.208811104406,"7040395190",65.434574444405,68.3182041140199
"1435","7040395340",94,146.483577327327,"7040395340",47.3011505077905,52.9489139082018
"1438","7040402320",92,104.795454545455,"7040402320",32.9859681201368,33.6478175619193
"1441","7040402430",152,159.538161571825,"7040402430",30.4935888280945,30.5949271867774
"1444","7040426310",42,68.8949416342412,"7040426310",20.0240256135827,23.0608435016834
"1447","7040426320",72,91.5874358974359,"7040426320",26.4500413078591,27.2730058277752
"1450","7040569640",200,244.639936827743,"7040569640",68.1829369732225,68.7396399160124
"1453","7040569650",155,159.99976082277,"7040569650",53.0422402019966,53.2520766635181
"1456","7040585110",93,105.446210615952,"7040585110",57.2813038898003,61.4322246705127
"1459","7040585120",106,132.248963452088,"7040585120",56.5542468072266,61.8094240079065
"1462","7040607990",54,90.6285516285516,"7040607990",38.0579685715989,59.8843907990401
"1465","7040608130",67,76.5979166666667,"7040608130",45.3446673532225,52.9743920039526
"1468","7040612640",180,190.888566331602,"7040612640",42.1677547117977,42.2911485079097
"1471","7040612840",95,118.329542042042,"7040612840",44.3563920470007,48.4555338530283
"1474","7040632220",37,44.1189679885332,"7040632220",19.3157265935596,20.9314808551551
"1477","7040686450",214,232.224495222268,"7040686450",29.4362193208443,29.5365607811181
"1480","7040686540",112,119.67894540015,"7040686540",56.620317332316,57.969097540166
"1483","7040707710",72,84.4938393297191,"7040707710",24.1457582630785,24.6916049815499
"1486","7040707810",108,129.12243597524,"7040707810",38.6373098566456,38.9474179485291
"1489","7040741760",123,150.559161923217,"7040741760",40.2849730460901,40.6700368955193
"1492","7040741770",56,105.864864864865,"7040741770",32.9916562986354,37.8195235202619
"1495","8040000810",27,31.9418604651163,"8040000810",17.4334342115824,21.4575108647425
"1498","8040000820",56,72.6343669250646,"8040000820",36.8750622895276,39.6306229870707
"1501","8040002260",45,53.2903780068729,"8040002260",34.7279640734033,40.2772744103508
"1504","8040002270",37,136.438202247191,"8040002270",16.4240508671638,21.7119956736797
"1507","8040007180",10,16.0344827586207,"8040007180",6.96985128952287,9.31274198404779
"1510","8040007190",18,30.1564885496183,"8040007190",9.6753747443802,10.8631373991765
"1513","8040008390",37,45.0744479495268,"8040008390",20.276245968561,21.8819514187455
"1516","8040009560",23,33.4761904761905,"8040009560",20.0719315001512,27.5562861875133
"1519","8040141480",25,32.8961038961039,"8040141480",20.2035556732242,25.4481011278809
"1522","8040176200",82,150.33279109589,"8040176200",39.3535590020048,44.8758036412667
"1525","8040183760",16,31.6521739130435,"8040183760",11.3775991212864,15.9779475990269
"1528","8040219290",22,26.0341365461847,"8040219290",14.4828664697755,17.196088044581
"1531","8040252760",30,42.1344339622642,"8040252760",18.0417642126504,22.5343065670019
"1534","8040307300",69,125.109788359788,"8040307300",47.885853834169,61.2520106771393
